# Blender v2.79 (sub 0) OBJ File: ''
# www.blender.org
mtllib Tent.mtl
o Mesh_0157.rip
v 195.615616 106.009567 41.705467
v 195.428848 108.556969 44.769150
v 197.470718 106.010735 44.835510
v -219.578278 86.175865 192.533981
v -218.352936 17.297241 191.734238
v -212.997314 17.399313 190.889084
v -214.203339 86.281960 191.273148
v -219.907883 104.337311 192.884781
v -214.710556 104.435524 192.159622
v -220.151642 107.542259 193.623154
v -215.667374 107.405861 193.301834
v -180.096863 105.030777 193.974838
v -180.130554 108.018822 194.958633
v -146.260010 105.614525 195.539658
v -146.167267 108.604645 196.542099
v -179.773346 85.740585 192.771927
v -146.069046 86.321213 194.432083
v -133.170319 86.305130 195.444077
v -113.439621 106.181816 196.935440
v -115.520035 109.133255 197.970932
v -98.957199 109.418945 198.743088
v -65.152771 107.012993 199.377579
v -65.247971 110.000374 200.314743
v -98.861984 106.431564 197.805923
v -113.081360 88.026329 195.968063
v -111.830994 19.152922 194.629532
v -133.363770 53.369892 195.178726
v -145.269073 18.580351 192.597702
v -145.475510 53.282860 193.925369
v -178.703369 18.005068 190.880051
v -179.213547 52.167110 193.182022
v -192.384888 52.363045 192.417679
v -193.784546 85.244011 192.586136
v -112.264885 2.548760 194.931595
v -145.551361 1.960171 195.012222
v -178.766434 1.379432 194.348282
v -213.399277 0.800546 190.646255
v -218.051147 0.711740 191.397385
v -217.983139 -2.637723 191.177750
v -213.305969 -2.543653 189.882462
v -178.672729 -1.964681 193.575546
v -145.414978 -1.375058 193.321091
v -112.202126 -0.801793 194.824966
v -96.940727 -0.544201 196.173996
v -97.048210 2.797042 197.243301
v -97.262497 19.400770 195.696671
v -98.493820 88.278145 196.625534
v -77.209473 87.254745 198.021286
v -64.763657 87.724327 198.134079
v -75.809845 54.373783 197.852798
v -64.203857 54.150848 198.544174
v -63.481674 20.205257 196.207413
v -30.465820 55.266598 199.287521
v -16.858047 55.379433 200.610641
v -29.752960 20.582598 196.879562
v -29.654617 3.954731 200.921738
v -63.351410 3.375886 199.082535
v 3.865173 21.145065 200.411636
v 2.633835 90.022438 201.340500
v -16.664597 88.314674 200.875961
v 4.098190 4.545240 201.554947
v 4.242966 1.211760 199.682877
v -29.522263 0.618663 199.317276
v -63.231491 0.037231 197.745651
v -31.059357 88.304947 199.794235
v -31.443542 107.594429 200.949234
v 2.265686 108.175858 202.520889
v 9.806961 108.424553 203.581223
v 10.135071 90.175354 203.295151
v 11.370972 21.306471 202.265244
v 11.630951 4.553475 202.886734
v 11.762939 1.330719 201.247787
v 51.404434 5.117609 205.745163
v 51.567673 2.014737 203.391922
v 88.087692 2.644025 205.165207
v 22.400101 4.627640 203.228226
v 22.549911 1.521975 201.163589
v 21.468353 21.492260 201.423111
v 18.533005 90.332855 202.258316
v 18.170685 108.574921 203.281052
v 9.699219 111.284019 204.834122
v 2.170456 111.163239 203.458054
v -31.538742 110.581802 201.886398
v 109.529922 6.121867 208.264847
v 109.455460 23.009336 205.588943
v 88.011978 22.648355 203.585648
v 87.939163 5.749961 207.201675
v 52.896683 22.042858 201.927261
v 17.036469 111.408104 205.455887
v 52.840286 109.172852 204.904526
v 53.253586 89.759941 203.636459
v 86.957870 90.340561 205.296585
v 86.538071 109.754028 206.482742
v 102.151291 90.364067 206.415573
v 113.810074 110.224365 207.761307
v 114.029007 91.979637 206.753128
v 101.957809 57.428822 206.150223
v 87.551407 57.302212 204.789871
v 53.813400 56.186466 204.046555
v 41.541153 56.397903 203.324112
v 40.141525 89.278870 203.492569
v 52.667038 112.022675 207.117172
v 86.354080 112.603714 208.687759
v 113.598953 113.073647 209.958054
v 123.558640 113.247910 210.142838
v 123.663528 110.513138 208.905685
v 123.996201 92.177467 208.553360
v 125.221268 23.313866 207.753738
v 125.528610 6.411953 207.414108
v 125.592667 3.288426 207.196426
v 109.677811 3.015795 206.242477
v -221.014267 104.397034 183.927872
v -222.497879 107.368248 183.919998
v -220.908752 107.699112 149.713379
v -222.538513 104.316277 190.009750
v -222.963623 107.519783 190.549240
v -222.027542 86.156281 189.857803
v -219.351974 104.729446 149.692291
v -218.291733 108.243996 93.380646
v -221.676117 86.583160 182.162369
v -220.620865 17.279110 189.256912
v -217.983612 17.380779 183.033127
v -220.137726 0.695049 189.118942
v -220.536438 0.744642 182.721329
v -219.888367 -2.652963 189.098160
v -219.076370 -2.582203 182.724594
v -219.888840 0.393622 150.403778
v -216.567108 -2.252346 150.467834
v -217.360947 1.607186 91.616974
v -215.840408 -1.718041 91.558426
v -215.051346 1.788538 52.626343
v -212.676987 -1.318252 52.706604
v -212.224686 -0.965225 13.728371
v -212.676987 -1.318252 52.706604
v -215.051346 1.788538 52.626343
v -213.736237 2.361875 13.593307
v -215.831619 105.642288 53.594635
v -214.130676 87.486214 53.508667
v -215.861557 87.121727 93.095200
v -216.498413 105.278694 93.338257
v -216.443420 108.628822 53.595108
v -217.775940 86.588394 149.525360
v -218.759598 19.662533 148.453995
v -216.099533 18.220478 91.933289
v -212.490356 18.596609 52.914429
v -212.490356 18.596609 52.914429
v -212.465820 18.977041 13.716034
v -210.802353 2.285486 -45.187115
v -216.443420 108.628822 53.595108
v -214.595123 109.013649 13.809555
v -212.810806 106.046478 13.960762
v -215.831619 105.642288 53.594635
v -212.182953 87.887642 13.911308
v -214.130676 87.486214 53.508667
v -211.978104 109.558533 -42.523170
v -210.427322 106.587616 -42.415184
v -208.857285 88.445320 -42.453049
v -209.876007 21.512154 -42.769485
v -208.451508 3.260804 -77.412674
v -205.895676 19.897566 -77.165359
v -209.715057 89.073532 -75.305084
v -208.908356 106.917564 -76.657440
v -210.388977 109.889404 -76.729813
v -207.486603 -0.361730 -44.994007
v -206.994431 -0.066665 -77.344833
v -207.212006 -0.013663 -83.766373
v -207.461365 3.334348 -83.745575
v -207.944504 19.918409 -83.607613
v -209.351196 88.795578 -83.006760
v -209.862152 106.955574 -82.854843
v -210.238281 110.169281 -83.369507
v 192.741104 105.411072 103.580444
v 194.878372 105.470993 100.636475
v 192.836868 108.017296 100.562363
v 126.487686 113.324448 207.336563
v 124.015427 116.245964 204.243362
v 121.538834 116.043915 208.258926
v 123.558640 113.247910 210.142838
v 192.741104 105.411072 103.580444
v 192.836868 108.017296 100.562363
v 131.708450 106.962929 97.712357
v 131.612686 104.356705 100.730438
v -220.151642 107.542259 193.623154
v -218.062759 110.409149 191.930771
v -221.111496 110.515877 187.657608
v -222.963623 107.519783 190.549240
v 158.799606 16.242109 251.319534
v 158.909500 21.103920 253.348282
v 162.607040 21.194176 250.527664
v 160.830154 16.291698 249.770554
v 155.578262 4.421423 245.993027
v 156.909561 4.453925 244.977524
v 155.345078 0.100566 244.168167
v -219.888367 -2.652963 189.098160
v -217.983139 -2.637723 191.177750
v -218.051147 0.711740 191.397385
v -220.137726 0.695049 189.118942
v -218.352936 17.297241 191.734238
v -220.620865 17.279110 189.256912
v -219.578278 86.175865 192.533981
v -222.027542 86.156281 189.857803
v -219.907883 104.337311 192.884781
v -222.538513 104.316277 190.009750
v -222.963623 107.519783 190.549240
v -220.151642 107.542259 193.623154
v 161.203354 18.970308 256.287048
v 164.900894 19.060579 253.466415
v 162.607040 21.194176 250.527664
v 158.909500 21.103920 253.348282
v 161.877518 16.476084 251.697006
v 162.708328 14.594319 253.272202
v 161.992599 13.133007 252.287216
v 160.974808 14.633074 250.454666
v 159.060593 20.831825 248.885330
v 157.765854 19.867281 247.805527
v 153.221542 36.350792 242.096390
v 152.047379 35.318413 240.603348
v 131.320572 96.422935 215.213577
v 160.150955 13.363802 253.984421
v 158.216049 14.913492 252.927902
v 156.550247 20.015766 249.127731
v 151.291946 35.491951 241.605057
v 130.309860 95.438232 213.857101
v 124.617630 114.317329 206.957993
v 122.576859 113.534019 206.889328
v 129.241226 95.595505 215.078629
v 151.291946 35.491951 241.605057
v 156.550247 20.015766 249.127731
v 158.216049 14.913492 252.927902
v 160.150955 13.363802 253.984421
v 123.663162 113.387398 205.677017
v 129.241226 95.595505 215.078629
v 122.576859 113.534019 206.889328
v 162.607040 21.194176 250.527664
v 158.909500 21.103920 253.348282
v 158.799606 16.242109 251.319534
v 7.586594 13.517519 257.418945
v 6.374466 18.358950 259.108948
v 11.020157 18.439079 259.325562
v 10.137787 13.561522 257.537903
v 8.523560 1.778988 251.109818
v 10.196259 1.807839 251.187820
v 9.511017 -2.522266 249.504044
v 158.799606 16.242109 251.319534
v 160.830154 16.291698 249.770554
v 162.607040 21.194176 250.527664
v 6.239761 16.175753 262.805725
v 10.885452 16.255882 263.022339
v 11.020157 18.439079 259.325562
v 6.374466 18.358950 259.108948
v 9.702393 13.717748 259.689209
v 9.323547 11.813379 261.404602
v 9.406021 10.368368 260.170471
v 9.806396 11.895282 258.132629
v 9.358124 18.126842 255.783524
v 9.058731 17.185104 254.111374
v 9.272171 33.764713 247.038742
v 9.330536 32.757812 245.126572
v 9.864594 94.295914 213.176834
v 6.904678 10.601476 260.290222
v 6.103760 12.179813 258.258240
v 7.277847 17.333260 254.345047
v 8.108292 32.929440 245.410812
v 9.960541 93.333809 211.475021
v 10.063171 112.331085 202.785233
v 8.542603 111.568527 201.410690
v 8.357101 93.490219 211.726151
v 8.108292 32.929440 245.410812
v 7.277847 17.333260 254.345047
v 6.103760 12.179813 258.258240
v 6.904678 10.601476 260.290222
v 10.153778 111.422516 201.178055
v 8.357101 93.490219 211.726151
v 8.542603 111.568527 201.410690
v 155.345078 0.100566 244.168167
v 156.909561 4.453925 244.977524
v 155.578262 4.421423 245.993027
v -106.448303 11.550594 252.102280
v -107.660416 16.392025 253.792282
v -103.014732 16.472155 254.008896
v -103.897087 11.594599 252.221207
v -105.511330 -0.187937 245.793137
v -103.838646 -0.159086 245.871109
v -104.523872 -4.489175 244.187363
v 155.345078 0.100566 244.168167
v 156.404190 3.653223 247.051132
v 157.735489 3.685725 246.035568
v -107.795135 14.208827 257.489014
v -103.149437 14.288959 257.705627
v -103.014732 16.472155 254.008896
v -107.660416 16.392025 253.792282
v -104.332512 11.750823 254.372543
v -104.711327 9.846455 256.087891
v -104.628876 8.401443 254.853745
v -104.228493 9.928357 252.815964
v -104.676743 16.159918 250.466843
v -104.976181 15.218180 248.794724
v -104.762703 31.797789 241.722031
v -104.704338 30.790903 239.809921
v -104.170296 92.328987 207.860153
v -107.130226 8.634551 254.973526
v -107.931129 10.212889 252.941513
v -106.757050 15.366335 249.028336
v -105.926598 30.962532 240.094131
v -104.074356 91.366890 206.158310
v -103.971725 110.364166 197.468552
v -105.492294 109.601608 196.094009
v -105.677811 91.523300 206.409439
v -105.926598 30.962532 240.094131
v -106.757050 15.366335 249.028336
v -107.931129 10.212889 252.941513
v -107.130226 8.634551 254.973526
v -103.881119 109.455589 195.861374
v -105.677811 91.523300 206.409439
v -105.492294 109.601608 196.094009
v 161.203354 18.970308 256.287048
v 164.900894 19.060579 253.466415
v 162.089798 15.120016 251.384384
v -262.523895 11.687044 233.663345
v -259.103821 11.719542 236.815781
v -256.621368 13.935523 234.099716
v -260.041443 13.903026 230.947281
v -257.872009 9.224184 233.468094
v -259.267670 7.307776 234.513168
v -258.413544 5.873556 233.601303
v -256.794739 7.415294 232.318039
v -255.618683 13.672487 230.314011
v -254.774841 12.749308 228.827988
v -250.039886 29.390944 223.769547
v -248.767807 28.401304 222.328751
v -227.728729 90.225021 199.022324
v -260.406494 6.130075 232.088760
v -259.711670 7.735006 230.038651
v -256.289154 12.912767 227.864548
v -249.886612 28.582283 221.763321
v -226.562943 89.277870 197.767319
v -220.869797 108.353035 191.431351
v -221.152496 107.618248 189.390945
v -227.952515 89.447670 196.931412
v -249.886612 28.582283 221.763321
v -256.289154 12.912767 227.864548
v -259.711670 7.735006 230.038651
v -260.406494 6.130075 232.088760
v -219.768845 107.458565 190.246170
v -227.952515 89.447670 196.931412
v -221.152496 107.618248 189.390945
v 162.089798 15.120016 251.384384
v 160.059250 15.070427 252.933334
v 161.203354 18.970308 256.287048
v -262.804871 -1.242468 51.096405
v -261.083313 -5.537880 50.296524
v -262.727173 -1.226286 49.423538
v -269.139740 10.476929 48.798538
v -269.258270 10.452250 51.350037
v -270.872681 15.333717 47.715302
v -271.088531 15.288777 52.361496
v 155.345078 0.100566 244.168167
v 157.735489 3.685725 246.035568
v 156.909561 4.453925 244.977524
v -274.765930 13.077436 52.169266
v -271.088531 15.288777 52.361496
v -270.872681 15.333717 47.715302
v -274.550049 13.122377 47.523071
v -225.452744 91.461212 53.354706
v -224.678589 91.094368 51.610718
v -239.582855 63.491951 50.711578
v -240.373016 63.870358 52.379623
v -257.693756 30.285547 49.549423
v -258.725067 30.666620 51.276245
v -266.605499 14.613123 48.403412
v -267.389771 14.962967 50.786285
v -270.431244 9.735876 46.782288
v -271.323303 10.619274 49.030838
v -271.194031 10.237807 52.724640
v -266.253937 14.294315 51.912979
v -257.393799 29.954285 51.793228
v -239.153549 63.166592 53.190216
v -224.269241 90.776215 54.197479
v -214.111771 108.933754 54.828598
v -215.227203 109.581116 53.984207
v -214.491058 109.235725 52.228897
v -214.111771 108.933754 54.828598
v -224.269241 90.776215 54.197479
v -239.153549 63.166592 53.190216
v -257.393799 29.954285 51.793228
v -266.253937 14.294315 51.912979
v -270.222137 9.118673 52.758972
v -272.159424 7.518576 51.785172
v -272.357880 8.001149 47.749283
v -272.991364 8.555040 50.510803
v -270.222137 9.118673 52.758972
v -272.159424 7.518576 51.785172
v 164.900894 19.060579 253.466415
v 162.607040 21.194176 250.527664
v 160.830154 16.291698 249.770554
v 171.907700 7.821313 -105.505402
v 171.510208 3.466250 -103.793777
v 173.139084 7.833014 -104.370361
v 177.476486 19.757574 -108.549980
v 175.598343 19.739714 -110.281158
v 179.311539 24.672159 -109.044334
v 175.891464 24.639677 -112.196777
v 160.830154 16.291698 249.770554
v 162.089798 15.120016 251.384384
v 164.900894 19.060579 253.466415
v 178.449783 22.561129 -114.950851
v 175.891464 24.639677 -112.196777
v 179.311539 24.672159 -109.044334
v 181.869858 22.593626 -111.798401
v 177.193527 16.912170 -112.864380
v 178.870071 16.647007 -111.008476
v 177.685440 18.112335 -109.249580
v 175.167618 18.442913 -111.962036
v 174.240005 23.297308 -106.808815
v 173.152084 23.472378 -108.234901
v 167.864670 38.611671 -99.870934
v 167.205185 38.805187 -100.934807
v 143.687332 98.223511 -74.099632
v 142.736435 98.405289 -75.411652
v 136.294846 116.017395 -66.225937
v 144.818588 99.233307 -75.337296
v 137.363144 116.971024 -67.394753
v 135.325485 116.188370 -67.530716
v 142.736435 98.405289 -75.411652
v 169.171249 39.671623 -101.228462
v 167.205185 38.805187 -100.934807
v 175.628433 24.281353 -107.745117
v 173.152084 23.472378 -108.234901
v 178.697800 19.978172 -110.367104
v 175.167618 18.442913 -111.962036
v 179.672714 18.126419 -111.894547
v 177.193527 16.912170 -112.864380
v 135.325485 116.188370 -67.530716
v 25.963013 5.409995 -124.282806
v 26.801224 1.077666 -122.675735
v 27.635712 5.438847 -124.204819
v 28.155640 17.312958 -130.304947
v 25.604446 17.268953 -130.423889
v 29.195572 22.223318 -131.908661
v 24.549881 22.143187 -132.125244
v 155.345078 0.100566 244.168167
v 155.578262 4.421423 245.993027
v 156.404190 3.653223 247.051132
v 24.760422 20.031872 -135.859970
v 24.549881 22.143187 -132.125244
v 29.195572 22.223318 -131.908661
v 29.406113 20.112001 -135.643372
v 25.194260 14.409485 -133.401779
v 27.673935 14.171866 -133.055130
v 27.882324 15.658804 -130.959915
v 24.207001 15.949026 -131.422668
v 26.760330 20.870693 -126.923920
v 25.008652 21.024927 -127.318764
v 26.184082 36.266827 -117.653732
v 24.993301 36.445007 -118.046669
v 23.637390 96.181419 -82.925758
v 22.063995 96.344078 -83.321373
v 22.859009 114.067825 -72.307983
v 23.698761 97.176270 -84.610275
v 22.916962 115.007332 -73.898819
v 21.276199 114.219749 -72.686111
v 22.063995 96.344078 -83.321373
v 26.302322 37.310501 -119.543259
v 24.993301 36.445007 -118.046669
v 27.212616 21.844261 -128.542618
v 25.008652 21.024927 -127.318764
v 27.921417 17.511066 -132.483963
v 24.207001 15.949026 -131.422668
v 27.704941 15.640503 -134.263489
v 25.194260 14.409485 -133.401779
v 21.276199 114.219749 -72.686111
v -88.071869 3.443070 -129.599503
v -87.233665 -0.889242 -127.992455
v -86.399185 3.471922 -129.521515
v -85.879227 15.346033 -135.621658
v -88.430443 15.302029 -135.740601
v -84.839317 20.256393 -137.225372
v -89.485001 20.176262 -137.441956
v 158.909500 21.103920 253.348282
v 161.203354 18.970308 256.287048
v 160.059250 15.070427 252.933334
v -89.274483 18.064945 -141.176697
v -89.485001 20.176262 -137.441956
v -84.839317 20.256393 -137.225372
v -84.628784 18.145077 -140.960083
v -86.152573 13.691879 -136.276642
v -89.803703 15.126861 -137.681305
v -88.821465 13.350229 -139.465302
v -86.360954 12.204942 -138.371826
v -86.329941 13.673578 -139.580215
v -86.113480 15.544142 -137.800674
v -86.822258 19.877337 -133.859329
v -87.274574 18.903769 -132.240631
v -87.732552 35.343578 -124.859970
v -87.850800 34.299919 -122.970444
v -90.336121 95.209351 -89.926987
v -90.397499 94.214500 -88.242455
v -88.989380 19.655508 -133.647186
v -89.803703 15.126861 -137.681305
v -89.330116 35.116390 -124.490631
v -88.989380 19.655508 -133.647186
v -91.175888 112.100899 -77.624695
v -92.722855 112.833488 -78.986023
v -91.932983 94.992012 -89.679176
v -91.117935 113.040405 -79.215530
v -92.722855 112.833488 -78.986023
v -91.932983 94.992012 -89.679176
v -89.330116 35.116390 -124.490631
v -88.989380 19.655508 -133.647186
v -89.803703 15.126861 -137.681305
v -88.821465 13.350229 -139.465302
v 160.059250 15.070427 252.933334
v 158.799606 16.242109 251.319534
v 158.909500 21.103920 253.348282
v -90.397499 94.214500 -88.242455
v -91.932983 94.992012 -89.679176
v -89.330116 35.116390 -124.490631
v -237.038651 0.759191 -123.619156
v -235.321213 -3.549869 -122.886559
v -235.707336 0.791693 -124.634712
v -239.345703 12.583664 -129.752167
v -241.376236 12.534091 -128.203217
v -239.627808 17.473690 -131.694611
v -243.325363 17.383419 -128.874023
v 155.578262 4.421423 245.993027
v 156.909561 4.453925 244.977524
v 160.830154 16.291698 249.770554
v -245.543365 15.222503 -131.850769
v -243.325363 17.383419 -128.874023
v -239.627808 17.473690 -131.694611
v -241.845810 15.312773 -134.671387
v 26.754501 128.827164 -38.909843
v 20.717102 131.246887 -38.867538
v 19.976807 159.933304 27.354439
v 29.352890 158.640396 27.328453
v 18.744095 178.468811 65.206726
v 50.634872 127.925949 -37.809158
v 39.096817 158.689026 27.781593
v 27.901871 118.382484 -69.488174
v 22.372971 118.602600 -69.705475
v 13.660400 159.466904 102.047791
v 19.295425 157.831009 103.191895
v 18.744095 178.468811 65.206726
v 3.598526 158.635254 100.674164
v 11.103745 129.245331 168.064651
v 17.113388 126.819824 168.619751
v 1.046326 126.584557 167.272308
v -28.003387 155.098663 99.171844
v -44.670410 176.206116 62.228729
v -98.766914 158.225632 22.042938
v -95.139824 129.248535 -44.269169
v -103.780396 128.968796 -44.972664
v -87.975563 156.672974 23.655014
v -104.248558 176.439819 59.427948
v -56.288681 155.398499 25.114746
v -44.670410 176.206116 62.228729
v -24.639893 156.279449 26.593559
v 6.970474 159.337311 28.091644
v 10.631943 128.580338 -39.062466
v 14.452896 117.501579 -69.149635
v 14.985718 116.655701 -73.441277
v 22.609528 116.796272 -74.110901
v 29.274933 116.911240 -73.800133
v 62.923050 118.978012 -67.855446
v -18.973358 115.443672 -70.722412
v -20.962402 124.615173 -40.568584
v -93.525604 116.599434 -74.212067
v -85.908508 116.006851 -73.826523
v -86.141937 114.911407 -78.156181
v -84.274651 123.682327 -43.518879
v -52.693192 128.375809 -42.006313
v -52.438187 115.569313 -72.275841
v -52.432724 115.492836 -76.584541
v -18.723495 116.074272 -75.012917
v -93.294991 114.791862 -78.489647
v -102.293419 114.604965 -78.909485
v -182.266556 125.737312 -37.692341
v -205.463440 113.677574 -69.566444
v -207.179352 112.895737 -37.634426
v -210.359131 112.506088 -40.395935
v -208.792786 112.832214 -74.112122
v -205.206207 114.728729 -75.472557
v -208.664886 113.107338 -80.261345
v -201.897095 114.710014 -79.302353
v -205.233047 113.080383 -84.234734
v -201.208633 112.926682 -83.520988
v -198.034103 113.777107 -79.131920
v -166.082687 113.532555 -81.883293
v -163.560211 113.113510 -77.536797
v -132.530258 114.111282 -80.318962
v -132.246674 114.031418 -76.073196
v -102.451500 114.826553 -74.681320
v -125.436951 125.911301 -46.008331
v -122.819267 155.961121 20.233131
v -128.142059 157.288712 19.998703
v -130.636002 158.055618 22.346359
v -181.926804 127.623962 -45.677265
v -179.476791 127.663147 -48.501900
v -175.953552 127.723915 -48.337631
v -155.196701 125.040474 -47.399296
v -131.096313 155.574097 33.136948
v -132.290665 157.669540 57.978912
v -186.610657 126.621094 55.155060
v -186.610657 126.621094 55.155060
v -211.207169 112.993019 53.880569
v -213.173309 112.186005 91.189133
v -214.285385 112.130692 187.361282
v -218.062759 110.409149 191.930771
v -213.989380 110.265648 191.590378
v -221.111496 110.515877 187.657608
v -217.225220 112.226288 183.242294
v -220.668533 110.359604 181.518845
v -216.932892 111.289558 177.318588
v -219.102188 110.685722 147.802658
v -215.680450 111.125748 145.355865
v -216.507950 111.225861 91.960403
v -214.730667 111.595909 53.703354
v -214.730667 111.595909 53.703354
v -211.207169 112.993019 53.880569
v -209.705444 112.908035 16.541801
v -187.056732 124.415710 24.253670
v -185.065231 123.795288 -18.231522
v -212.953369 111.965950 15.446320
v -185.594666 125.716583 159.191956
v -210.422394 111.197784 187.531693
v -175.948502 110.534187 189.126816
v -189.117920 125.655807 159.027695
v -135.078064 123.903961 161.521240
v -111.593216 155.873367 97.092316
v -129.735306 156.016647 93.497360
v -113.421516 126.961456 162.556900
v -114.840271 112.275078 191.982529
v -144.634949 111.452103 190.590439
v -164.837814 123.033134 160.130295
v -191.295486 125.673347 155.987854
v -190.891830 123.941475 147.970901
v -191.872604 122.377937 128.300613
v -189.917526 123.820068 85.833664
v -132.123932 155.630005 85.584076
v -132.887589 154.090714 72.105972
v -132.290665 157.669540 57.978912
v -104.248558 176.439819 59.427948
v -133.949677 157.530701 93.613632
v -102.410690 157.028259 99.173584
v -30.548019 122.619392 165.766190
v -59.660614 154.696442 97.697281
v -91.347496 155.970917 96.237534
v -93.927406 125.488434 162.849548
v -98.289856 113.428978 192.687729
v -115.074646 111.971779 196.202133
v -145.311005 111.450249 194.792404
v -178.863419 110.871521 193.228073
v -98.922676 112.250374 196.955185
v -65.213455 112.831802 198.526840
v 51.801498 114.841057 205.007553
v 85.260269 115.418167 206.567520
v 83.529282 116.943382 202.140305
v 50.451614 116.381378 200.598221
v 16.399155 114.230423 203.356979
v 15.430435 115.785851 198.965469
v 9.733749 114.115456 203.046188
v 9.905014 116.006683 198.673477
v 2.204987 113.994667 201.670120
v 2.071548 114.923698 197.364700
v -31.504227 113.413239 200.098465
v -31.354706 112.865791 195.791916
v -64.819534 112.991440 194.238449
v -62.222244 123.178368 164.300125
v 41.007507 125.139641 169.713547
v 38.424835 158.315445 103.173721
v 43.062012 160.314682 104.320038
v 45.893784 160.031723 102.331131
v 98.010941 130.598343 169.588501
v 98.374496 128.924423 162.409958
v 46.292282 158.910172 94.198685
v 95.445419 130.564087 172.295029
v 88.688492 127.849586 171.954880
v 64.862320 125.683228 170.827011
v 110.164749 117.394272 203.382065
v 128.457535 119.119896 42.862488
v 127.718643 119.528358 69.689117
v 131.271439 117.945076 69.838852
v 131.271439 117.945076 69.838852
v 127.718643 119.528358 69.689117
v 125.967789 118.601501 96.455811
v 102.848770 130.611298 68.640945
v 101.872299 126.662956 89.433823
v 47.149658 158.776581 77.671982
v 100.355972 126.475693 120.816895
v 99.032181 127.917686 148.677155
v 121.094406 117.889915 192.899002
v 120.764877 118.040016 199.911484
v 118.277145 117.858932 203.763443
v 112.276871 115.884163 207.827103
v 102.848770 130.611298 68.640945
v 103.807632 127.065903 47.774765
v 123.740738 118.083252 136.067307
v 129.409988 117.449867 97.458939
v 127.081436 116.884331 138.245926
v 122.060501 117.948120 172.155716
v 125.350296 116.523895 175.509811
v 124.340103 116.313560 197.254562
v 124.015427 116.245964 204.243362
v 121.538834 116.043915 208.258926
v 47.974564 159.466278 66.370789
v 48.209625 158.997284 54.855743
v 47.974564 159.466278 66.370789
v 105.207352 127.485779 16.388527
v 129.912735 119.368286 3.212540
v 106.470749 129.466446 -11.441429
v 131.585403 119.931259 -32.872093
v 132.546494 120.274315 -53.612816
v 107.088089 130.738647 -25.154064
v 107.390091 132.551132 -32.301731
v 49.249161 159.979156 30.383408
v 46.613693 160.302994 28.146416
v 48.879807 159.448914 38.501228
v 74.489670 128.469528 -36.695690
v 98.329605 129.856918 -35.574749
v 105.086533 132.571426 -35.234589
v 132.868332 120.560036 -60.621468
v 96.000717 119.540024 -66.313339
v 122.636185 119.990906 -65.071579
v 130.748581 120.455574 -64.690216
v 64.677292 117.521873 -72.149551
v 98.136063 118.098984 -70.589592
v 125.152664 118.564980 -69.329987
v 134.414627 118.724739 -68.898163
v 136.980209 118.863289 -65.563828
v 136.655533 118.795692 -58.575035
v 135.173233 118.569084 -35.933613
v 133.442093 118.208656 1.330261
v 131.978958 117.984749 42.160751
v 160.830154 16.291698 249.770554
v 158.799606 16.242109 251.319534
v 155.578262 4.421423 245.993027
v -133.268463 86.970345 -80.634003
v -122.892059 86.931587 -80.485191
v -123.076469 58.236961 -80.841057
v -132.766754 58.159077 -80.659203
v -166.953552 86.388748 -82.128601
v -166.410004 57.059875 -83.054596
v -178.804672 85.963791 -83.138260
v -177.555359 57.237976 -83.397545
v 99.405563 112.433121 -70.496101
v 126.678238 112.903595 -69.231628
v 114.962692 93.031487 -69.356102
v 99.731003 93.000008 -69.651108
v 65.707108 111.851814 -72.060150
v 66.018478 92.417679 -71.134186
v 31.036865 111.253738 -73.669525
v 52.949997 91.945679 -72.215729
v 15.403671 92.681198 -73.536102
v 15.130249 110.854347 -74.394928
v 22.737137 111.116692 -74.746628
v 23.053665 92.865089 -74.783669
v 31.319168 92.995018 -72.969940
v 54.357498 59.066345 -72.552986
v 34.226181 24.148521 -73.195053
v 66.644028 58.857883 -72.138542
v 65.565384 24.680565 -70.772766
v 100.304642 59.957516 -69.729332
v 100.682663 25.286470 -69.156677
v 114.775009 60.097439 -69.745613
v 122.219193 25.666826 -69.156113
v 126.819107 94.642616 -68.559822
v 136.595047 113.205566 -69.451797
v 136.602890 115.963806 -70.640343
v 64.448685 7.833507 -75.038536
v 35.336380 7.321054 -75.231163
v 100.960526 8.461094 -73.089363
v 122.556534 8.834089 -72.139000
v 16.958237 7.222785 -75.263687
v 16.605347 23.797653 -73.826721
v 24.250519 23.988075 -74.973083
v 24.582016 7.249970 -75.891045
v 24.564392 3.996063 -74.309448
v 35.296921 4.175985 -73.221878
v 64.395859 4.685645 -72.740616
v 100.922409 5.316297 -71.108253
v 122.519089 5.689431 -70.171989
v 138.453598 5.966153 -69.641006
v 138.407211 9.093355 -69.803337
v 138.117508 25.998943 -69.843712
v 136.910080 94.866219 -69.424126
v 16.931839 3.853664 -73.450974
v -84.150681 5.482388 -80.381912
v -84.139801 2.121034 -79.371918
v -91.292511 1.997711 -79.711067
v -50.430573 2.702466 -77.800278
v -50.429031 6.066409 -79.077850
v -16.721344 3.283898 -76.228653
v -16.707367 6.650430 -77.773781
v -200.585358 0.104862 -83.934845
v -205.122223 0.040004 -85.659676
v -205.172577 3.393142 -85.820007
v -200.610443 3.463263 -84.639320
v -165.759430 0.723953 -84.389481
v -165.784088 4.082440 -85.102875
v -132.669022 1.278733 -81.041687
v -132.651031 4.646103 -82.673454
v -99.460297 1.851136 -79.448738
v -99.515915 5.203179 -79.496056
v -91.336922 5.352087 -79.999390
v -84.522316 22.053358 -78.541626
v -50.840347 22.837261 -75.902878
v -17.194931 23.197260 -73.437950
v -200.202591 20.063257 -84.523399
v -166.057709 20.637972 -81.323517
v -4.408295 90.940079 -74.319939
v -4.609375 58.260197 -74.704803
v -17.741882 58.134216 -74.632568
v -51.403015 57.034622 -77.042130
v -62.926498 57.254318 -77.423714
v -132.608704 21.216322 -79.922836
v -99.126778 21.798019 -78.834610
v -91.615112 21.942511 -80.170540
v -85.723991 90.936905 -78.251007
v -64.338669 89.900703 -77.091850
v -85.997421 109.110046 -79.109825
v -52.024399 90.362511 -76.045876
v -52.288208 109.691483 -77.538185
v -18.310989 90.944801 -74.563133
v -18.578979 110.272911 -75.966568
v -92.816849 90.826042 -79.878777
v -100.309433 90.685532 -78.953651
v -93.136681 108.993378 -79.740181
v -100.592255 108.828773 -79.599701
v -120.358910 88.972549 -80.327606
v -120.546593 56.038509 -80.717117
v -132.722290 55.938164 -80.593849
v -166.382919 54.838531 -83.003059
v -179.568573 55.031483 -83.459419
v -201.429581 88.941536 -83.687996
v -180.976074 87.910812 -83.122169
v -201.868713 107.109283 -84.267105
v -167.008438 88.398323 -81.998703
v -167.236359 107.708420 -82.853798
v -133.295898 88.980659 -80.515625
v -133.400681 108.291916 -81.263519
v -133.218079 111.300743 -82.195114
v -102.570366 111.801521 -80.766457
v -93.161072 111.995506 -80.327408
v -86.008026 112.115044 -79.993950
v -167.181366 110.714920 -83.778648
v -202.718185 110.101967 -85.435532
v -207.153473 110.248566 -86.168480
v -206.976349 107.029739 -85.472679
v -206.664383 88.864616 -85.443459
v -205.456711 19.982321 -85.863182
v 126.669083 115.794937 -71.383049
v 99.424210 115.325005 -72.653267
v 65.737167 114.743965 -74.223854
v 30.106613 114.129387 -75.885048
v 22.743439 113.999908 -75.948662
v 15.119644 113.859337 -75.279045
v -18.589569 113.277908 -76.850685
v -52.298798 112.696472 -78.422310
v 99.758438 90.989693 -69.769493
v 112.429550 90.990524 -69.513687
v 112.245132 62.295891 -69.869560
v 100.260178 62.178429 -69.794685
v 66.073380 90.408096 -71.264091
v 66.616898 61.079227 -72.190086
v 55.121384 89.998650 -72.231819
v 56.370682 61.272839 -72.491104
v 139.259079 115.983536 -67.573700
v 136.602890 115.963806 -70.640343
v 134.414627 118.724739 -68.898163
v 136.980209 118.863289 -65.563828
v 195.673874 102.710571 41.676270
v 195.615616 106.009567 41.705467
v 197.470718 106.010735 44.835510
v 197.529251 102.712524 44.807098
v 195.851700 92.642365 41.587143
v 197.707230 92.645088 44.718765
v 197.110458 21.368971 40.956223
v 198.966263 21.372461 44.088638
v 197.355698 7.484035 40.833313
v 199.211716 7.488301 43.966537
v 197.381393 6.029073 40.820435
v 199.237656 6.034113 43.954453
v 196.174484 105.744751 72.736038
v 197.470718 106.010735 44.835510
v 195.428848 108.556969 44.769150
v 194.132858 108.287132 72.665756
v 196.174484 105.744751 72.736038
v 194.132858 108.287132 72.665756
v 192.836868 108.017296 100.562363
v 194.878372 105.470993 100.636475
v 161.203354 18.970308 256.287048
v 158.909500 21.103920 253.348282
v 162.607040 21.194176 250.527664
v 134.300430 107.502594 41.919144
v 195.428848 108.556969 44.769150
v 195.615616 106.009567 41.705467
v 134.487198 104.955193 38.855446
v -222.497879 107.368248 183.919998
v -222.963623 107.519783 190.549240
v -221.111496 110.515877 187.657608
v -220.668533 110.359604 181.518845
v -220.908752 107.699112 149.713379
v -219.102188 110.685722 147.802658
v -218.291733 108.243996 93.380646
v -216.507950 111.225861 91.960403
v -216.443420 108.628822 53.595108
v -214.730667 111.595909 53.703354
v -216.443420 108.628822 53.595108
v -214.730667 111.595909 53.703354
v -212.953369 111.965950 15.446320
v -214.595123 109.013649 13.809555
v -210.359131 112.506088 -40.395935
v -211.978104 109.558533 -42.523170
v -208.792786 112.832214 -74.112122
v -210.388977 109.889404 -76.729813
v -208.664886 113.107338 -80.261345
v -210.238281 110.169281 -83.369507
v 162.607040 21.194176 250.527664
v 164.900894 19.060579 253.466415
v 161.203354 18.970308 256.287048
v 22.743439 113.999908 -75.948662
v 15.119644 113.859337 -75.279045
v 14.985718 116.655701 -73.441277
v 22.609528 116.796272 -74.110901
v 29.274933 116.911240 -73.800133
v 30.106613 114.129387 -75.885048
v 64.677292 117.521873 -72.149551
v 65.737167 114.743965 -74.223854
v 98.136063 118.098984 -70.589592
v 99.424210 115.325005 -72.653267
v 125.152664 118.564980 -69.329987
v 126.669083 115.794937 -71.383049
v 134.414627 118.724739 -68.898163
v 136.602890 115.963806 -70.640343
v -202.718185 110.101967 -85.435532
v -207.153473 110.248566 -86.168480
v -205.233047 113.080383 -84.234734
v -201.208633 112.926682 -83.520988
v -167.181366 110.714920 -83.778648
v -166.082687 113.532555 -81.883293
v -133.218079 111.300743 -82.195114
v -132.530258 114.111282 -80.318962
v -102.570366 111.801521 -80.766457
v -102.293419 114.604965 -78.909485
v -93.161072 111.995506 -80.327408
v -93.294991 114.791862 -78.489647
v -86.008026 112.115044 -79.993950
v -86.141937 114.911407 -78.156181
v -52.298798 112.696472 -78.422310
v -52.432724 115.492836 -76.584541
v -18.589569 113.277908 -76.850685
v -18.723495 116.074272 -75.012917
v 160.059250 15.070427 252.933334
v 162.089798 15.120016 251.384384
v 157.735489 3.685725 246.035568
v -207.153473 110.248566 -86.168480
v -210.238281 110.169281 -83.369507
v -208.664886 113.107338 -80.261345
v -205.233047 113.080383 -84.234734
v 194.132858 108.287132 72.665756
v 195.428848 108.556969 44.769150
v 134.300430 107.502594 41.919144
v 133.004440 107.232758 69.815750
v 194.132858 108.287132 72.665756
v 133.004440 107.232758 69.815750
v 131.708450 106.962929 97.712357
v 192.836868 108.017296 100.562363
v 157.735489 3.685725 246.035568
v 156.404190 3.653223 247.051132
v 160.059250 15.070427 252.933334
v -18.289246 88.947739 -74.616211
v -6.416779 88.934792 -74.397644
v -6.601212 60.240162 -74.753510
v -17.787537 60.136471 -74.641403
v -51.974304 88.366142 -76.110809
v -51.430771 59.037273 -77.036804
v -62.260056 87.968185 -77.047478
v -61.010712 59.242374 -77.306763
v -179.773346 85.740585 192.771927
v -193.784546 85.244011 192.586136
v -191.622238 83.295090 192.765854
v -179.728943 83.728828 192.867599
v -146.069046 86.321213 194.432083
v -146.050903 84.308960 194.513657
v -133.170319 86.305130 195.444077
v -135.705353 84.263779 195.326736
v -133.363770 53.369892 195.178726
v -135.896225 55.567806 195.110031
v -145.475510 53.282860 193.925369
v -145.527832 55.502136 194.029160
v -179.213547 52.167110 193.182022
v -179.247284 54.387074 193.273727
v -192.384888 52.363045 192.417679
v -190.376572 54.568516 192.585342
v 53.253586 89.759941 203.636459
v 40.141525 89.278870 203.492569
v 42.303802 87.329948 203.672287
v 53.297989 87.748184 203.732132
v 86.957870 90.340561 205.296585
v 86.976028 88.328308 205.378189
v 102.151291 90.364067 206.415573
v 99.616257 88.322708 206.298264
v 101.957809 57.428822 206.150223
v 99.425369 59.626736 206.081528
v 87.551407 57.302212 204.789871
v 87.499069 59.521488 204.893661
v 53.813400 56.186466 204.046555
v 53.779617 58.406425 204.138229
v 41.541153 56.397903 203.324112
v 43.549469 58.603374 203.491776
v -64.763657 87.724327 198.134079
v -77.209473 87.254745 198.021286
v -75.047165 85.305832 198.201004
v -64.719238 85.712570 198.229752
v -31.059357 88.304947 199.794235
v -31.041214 86.292702 199.875809
v -16.664597 88.314674 200.875961
v -19.199615 86.273323 200.758652
v -16.858047 55.379433 200.610641
v -19.390503 57.577347 200.541916
v -30.465820 55.266598 199.287521
v -30.518158 57.485874 199.391312
v -64.203857 54.150848 198.544174
v -64.237595 56.370811 198.635880
v -75.809845 54.373783 197.852798
v -73.801483 56.579254 198.020462
v -239.959763 10.920445 -130.062897
v -243.673737 12.330770 -128.805695
v -244.050232 10.531860 -130.787140
v -241.451233 9.405217 -131.520218
v -242.218445 10.857535 -132.479492
v -240.927383 12.752163 -131.272720
v -238.980148 17.136736 -127.838074
v -238.276886 16.184288 -126.298325
v -234.046188 32.720932 -120.502472
v -232.912262 31.702530 -118.969307
v -214.179840 93.045982 -92.623848
v -213.134567 92.073746 -91.284729
v -240.501923 16.914410 -126.280701
v -243.673737 12.330770 -128.805695
v -235.030518 32.496220 -119.190697
v -240.501923 16.914410 -126.280701
v -207.083282 110.099785 -82.816559
v -209.150467 110.811630 -82.871994
v -215.241821 92.829506 -91.405708
v -208.070419 111.017944 -84.081223
v -209.150467 110.811630 -82.871994
v -215.241821 92.829506 -91.405708
v -235.030518 32.496220 -119.190697
v -240.501923 16.914410 -126.280701
v -243.673737 12.330770 -128.805695
v -244.050232 10.531860 -130.787140
v 162.089798 15.120016 251.384384
v 160.830154 16.291698 249.770554
v 156.909561 4.453925 244.977524
v -213.134567 92.073746 -91.284729
v -215.241821 92.829506 -91.405708
v -235.030518 32.496220 -119.190697
v 194.989853 101.461258 99.669922
v 191.993607 101.409607 99.529694
v 193.688309 5.451674 98.680267
v 196.684616 5.503344 98.820496
v 196.823807 5.532330 95.823883
v 193.827530 5.480659 95.683640
v 192.132828 101.438599 96.533066
v 195.129074 101.490250 96.673309
v 193.688309 5.451674 98.680267
v 191.993607 101.409607 99.529694
v 192.132828 101.438599 96.533066
v 193.827530 5.480659 95.683640
v 196.684616 5.503344 98.820496
v 196.823807 5.532330 95.823883
v 195.129074 101.490250 96.673309
v 194.989853 101.461258 99.669922
v 194.989639 101.472946 99.670029
v 191.993362 101.421806 99.530350
v 194.499405 101.931870 45.590942
v 197.495712 101.982994 45.730621
v 194.936691 104.472351 99.696579
v 191.940384 104.421204 99.556900
v 191.993362 101.421806 99.530350
v 194.989639 101.472946 99.670029
v 197.442734 104.982407 45.757172
v 194.446426 104.931274 45.617493
v 191.940384 104.421204 99.556900
v 194.936691 104.472351 99.696579
v 197.495712 101.982994 45.730621
v 194.499405 101.931870 45.590942
v 194.446426 104.931274 45.617493
v 197.442734 104.982407 45.757172
v 194.499405 101.931870 45.590942
v 191.993362 101.421806 99.530350
v 191.940384 104.421204 99.556900
v 194.446426 104.931274 45.617493
v 197.495712 101.982994 45.730621
v 197.442734 104.982407 45.757172
v 194.936691 104.472351 99.696579
v 194.989639 101.472946 99.670029
v 197.356491 101.954010 48.727249
v 194.360214 101.902359 48.587021
v 196.054947 5.944420 47.737595
v 199.051224 5.996090 47.877823
v 199.190445 6.025075 44.881210
v 196.194168 5.973405 44.740967
v 194.499435 101.931343 45.590393
v 197.495712 101.982994 45.730637
v 196.054947 5.944420 47.737595
v 194.360214 101.902359 48.587021
v 194.499435 101.931343 45.590393
v 196.194168 5.973405 44.740967
v 199.051224 5.996090 47.877823
v 199.190445 6.025075 44.881210
v 197.495712 101.982994 45.730637
v 197.356491 101.954010 48.727249
v 132.913406 111.537949 41.673500
v 134.185104 115.091011 41.585564
v 132.866653 115.035065 69.884827
v 135.679703 112.478714 0.467773
v 136.101913 115.326202 0.385567
v 143.752762 9.232654 -37.670074
v 141.679123 5.739894 -37.645599
v 141.189743 5.943937 -61.672237
v 138.935501 5.357308 0.100334
v 142.071701 8.868173 0.150635
v 136.226089 7.765368 37.514801
v 135.982040 20.314600 38.106201
v 136.889450 24.669315 -0.066650
v 134.723282 91.587990 38.737122
v 133.919785 93.915871 0.335831
v 134.545456 101.656197 38.826248
v 134.487198 104.955193 38.855446
v 134.300430 107.502594 41.919144
v 132.285568 111.940620 69.827896
v 130.301041 110.994026 97.906204
v 132.285568 111.940620 69.827896
v 132.866653 115.035065 69.884827
v 131.555893 114.543594 98.180206
v 129.234634 111.136803 139.201385
v 136.252975 4.974702 37.970413
v 133.004440 107.232758 69.815750
v 131.708450 106.962929 97.712357
v 133.004440 107.232758 69.815750
v 131.612686 104.356705 100.730438
v 131.670944 101.057709 100.701233
v 127.486679 92.576462 138.811295
v 131.848770 90.989502 100.612106
v 130.468338 23.332401 138.150696
v 133.107529 19.716110 99.981186
v 135.662582 7.533753 138.109802
v 133.306961 7.157587 100.350327
v 133.378464 4.376212 99.845398
v 132.538376 4.025386 137.801376
v 133.829910 7.166656 175.923447
v 131.770615 3.676881 175.639450
v 129.055801 3.417571 199.516647
v 130.050186 6.888755 199.776291
v 128.477554 3.355807 205.340195
v 128.407028 6.808401 205.575302
v 127.256485 22.728363 199.979446
v 128.116989 22.690969 205.920517
v 126.883987 91.964516 206.738297
v 125.660904 92.010773 199.072433
v 126.233932 110.550407 199.458237
v 126.693893 110.756821 177.057663
v 125.323502 92.203217 176.659958
v 130.398697 22.995491 176.071701
v 126.547318 110.488235 207.106918
v 129.644821 113.981796 139.377319
v 127.883286 113.615028 177.295151
v 126.842728 113.398376 199.693832
v 126.487686 113.324448 207.336563
v 156.909561 4.453925 244.977524
v 157.735489 3.685725 246.035568
v 162.089798 15.120016 251.384384
v 138.904007 115.909615 -59.930950
v 139.259079 115.983536 -67.573700
v 136.980209 118.863289 -65.563828
v 136.655533 118.795692 -58.575035
v 137.863449 115.692963 -37.532261
v 135.173233 118.569084 -35.933613
v 136.101913 115.326202 0.385567
v 133.442093 118.208656 1.330261
v 134.185104 115.091011 41.585564
v 131.978958 117.984749 42.160751
v 132.866653 115.035065 69.884827
v 131.271439 117.945076 69.838852
v 132.866653 115.035065 69.884827
v 131.271439 117.945076 69.838852
v 129.409988 117.449867 97.458939
v 131.555893 114.543594 98.180206
v 127.081436 116.884331 138.245926
v 129.644821 113.981796 139.377319
v 125.350296 116.523895 175.509811
v 127.883286 113.615028 177.295151
v 124.340103 116.313560 197.254562
v 126.842728 113.398376 199.693832
v 124.015427 116.245964 204.243362
v 126.487686 113.324448 207.336563
v 158.799606 16.242109 251.319534
v 160.059250 15.070427 252.933334
v 156.404190 3.653223 247.051132
v 126.487686 113.324448 207.336563
v 123.558640 113.247910 210.142838
v 123.663528 110.513138 208.905685
v 126.547318 110.488235 207.106918
v 123.996201 92.177467 208.553360
v 126.883987 91.964516 206.738297
v 125.221268 23.313866 207.753738
v 128.116989 22.690969 205.920517
v 125.528610 6.411953 207.414108
v 128.407028 6.808401 205.575302
v 128.477554 3.355807 205.340195
v 125.592667 3.288426 207.196426
v 194.506882 5.430583 102.695404
v 196.645676 5.494450 99.747665
v 196.619675 6.948623 99.761307
v 194.481186 6.885545 102.708282
v 196.374161 20.832769 99.884964
v 194.235947 20.770481 102.831192
v 195.115067 92.105370 100.516647
v 192.977188 92.043869 103.462112
v 194.936996 102.172798 100.606506
v 192.799362 102.112076 103.551239
v 194.878372 105.470993 100.636475
v 192.741104 105.411072 103.580444
v 156.404190 3.653223 247.051132
v 155.578262 4.421423 245.993027
v 158.799606 16.242109 251.319534
v 198.549576 7.266436 44.935532
v 198.572128 6.013773 44.924469
v 199.237656 6.034113 43.954453
v 199.211716 7.488301 43.966537
v 198.307510 20.949066 45.056625
v 198.966263 21.372461 44.088638
v 197.051926 92.020164 45.685745
v 197.707230 92.645088 44.718765
v 196.877274 101.886063 45.773056
v 197.529251 102.712524 44.807098
v 196.822189 104.982758 45.800446
v 197.470718 106.010735 44.835510
v 196.174484 105.744751 72.736038
v 195.572617 104.722580 72.698181
v 194.323044 104.462410 99.595901
v 195.572617 104.722580 72.698181
v 196.174484 105.744751 72.736038
v 194.878372 105.470993 100.636475
v 194.936996 102.172798 100.606506
v 194.378128 101.365715 99.568497
v 195.115067 92.105370 100.516647
v 194.552780 91.499817 99.481186
v 196.374161 20.832769 99.884964
v 195.808365 20.428726 98.852081
v 196.619675 6.948623 99.761307
v 196.050430 6.746096 98.730988
v 196.645676 5.494450 99.747665
v 196.072983 5.493433 98.719910
v 161.992599 13.133007 252.287216
v 160.150955 13.363802 253.984421
v 162.708328 14.594319 253.272202
v 113.598953 113.073647 209.958054
v 123.558640 113.247910 210.142838
v 121.538834 116.043915 208.258926
v 112.276871 115.884163 207.827103
v 86.354080 112.603714 208.687759
v 85.260269 115.418167 206.567520
v 52.667038 112.022675 207.117172
v 51.801498 114.841057 205.007553
v 17.036469 111.408104 205.455887
v 16.399155 114.230423 203.356979
v 9.699219 111.284019 204.834122
v 9.733749 114.115456 203.046188
v 2.204987 113.994667 201.670120
v 2.170456 111.163239 203.458054
v -31.504227 113.413239 200.098465
v -31.538742 110.581802 201.886398
v -65.213455 112.831802 198.526840
v -65.247971 110.000374 200.314743
v -98.922676 112.250374 196.955185
v -98.957199 109.418945 198.743088
v -115.074646 111.971779 196.202133
v -115.520035 109.133255 197.970932
v -145.311005 111.450249 194.792404
v -146.167267 108.604645 196.542099
v -178.863419 110.871521 193.228073
v -180.130554 108.018822 194.958633
v -213.989380 110.265648 191.590378
v -215.667374 107.405861 193.301834
v -218.062759 110.409149 191.930771
v -220.151642 107.542259 193.623154
v 158.216049 14.913492 252.927902
v 161.877518 16.476084 251.697006
v 162.708328 14.594319 253.272202
v -75.047165 85.305832 198.201004
v -73.801483 56.579254 198.020462
v -64.237595 56.370811 198.635880
v -64.719238 85.712570 198.229752
v -30.518158 57.485874 199.391312
v -31.041214 86.292702 199.875809
v -19.390503 57.577347 200.541916
v -19.199615 86.273323 200.758652
v 162.708328 14.594319 253.272202
v 160.150955 13.363802 253.984421
v 158.216049 14.913492 252.927902
v 138.580338 91.640144 40.540924
v 134.723282 91.587990 38.737122
v 134.545456 101.656197 38.826248
v 139.868362 20.372849 39.279816
v 135.982040 20.314600 38.106201
v 136.226089 7.765368 37.514801
v 140.171890 7.936429 37.371597
v 136.252975 4.974702 37.970413
v 140.185318 5.042529 38.153755
v 197.381393 6.029073 40.820435
v 197.355698 7.484035 40.833313
v 197.110458 21.368971 40.956223
v 195.851700 92.642365 41.587143
v 138.452957 101.718857 39.544189
v 195.673874 102.710571 41.676270
v 134.487198 104.955193 38.855446
v 195.615616 106.009567 41.705467
v 160.974808 14.633074 250.454666
v 158.216049 14.913492 252.927902
v 160.150955 13.363802 253.984421
v 140.335861 25.064470 -37.830254
v 139.423782 25.261669 -61.927025
v 137.688858 94.515076 -59.834732
v 142.200821 9.418591 -61.771454
v 141.102402 9.451658 -67.698364
v 141.153915 5.995107 -67.524376
v 135.274979 94.275177 -37.550507
v 136.659714 112.831764 -37.461277
v 137.863449 115.692963 -37.532261
v 138.278549 113.058174 -59.807777
v 138.904007 115.909615 -59.930950
v 139.299698 113.143364 -67.394257
v 139.259079 115.983536 -67.573700
v 139.617386 94.615692 -67.353668
v 140.831345 25.338184 -67.762329
v 160.150955 13.363802 253.984421
v 161.992599 13.133007 252.287216
v 160.974808 14.633074 250.454666
v 141.153915 5.995107 -67.524376
v 138.453598 5.966153 -69.641006
v 138.407211 9.093355 -69.803337
v 141.102402 9.451658 -67.698364
v 140.831345 25.338184 -67.762329
v 138.117508 25.998943 -69.843712
v 139.617386 94.615692 -67.353668
v 136.910080 94.866219 -69.424126
v 139.299698 113.143364 -67.394257
v 136.595047 113.205566 -69.451797
v 139.259079 115.983536 -67.573700
v 136.602890 115.963806 -70.640343
v 161.877518 16.476084 251.697006
v 160.974808 14.633074 250.454666
v 161.992599 13.133007 252.287216
v -253.279739 -2.622308 225.977951
v -252.048340 -2.610608 227.113022
v -251.497910 -6.917964 225.324661
v -256.156036 9.083648 232.097733
v -258.034180 9.065804 230.366562
v -256.621368 13.935523 234.099716
v -260.041443 13.903026 230.947281
v 161.992599 13.133007 252.287216
v 162.708328 14.594319 253.272202
v 161.877518 16.476084 251.697006
v -254.173553 -3.420187 226.955826
v -253.279739 -2.622308 225.977951
v -251.497910 -6.917964 225.324661
v -258.034180 9.065804 230.366562
v -259.397430 7.848879 231.858109
v -260.041443 13.903026 230.947281
v -262.523895 11.687044 233.663345
v 156.550247 20.015766 249.127731
v 159.060593 20.831825 248.885330
v 161.877518 16.476084 251.697006
v -252.048340 -2.610608 227.113022
v -252.942139 -3.408486 228.090927
v -251.497910 -6.917964 225.324661
v -257.519287 7.866725 233.589310
v -256.156036 9.083648 232.097733
v -259.103821 11.719542 236.815781
v -256.621368 13.935523 234.099716
v 161.877518 16.476084 251.697006
v 158.216049 14.913492 252.927902
v 156.550247 20.015766 249.127731
v -252.942139 -3.408486 228.090927
v -254.173553 -3.420187 226.955826
v -251.497910 -6.917964 225.324661
v -259.397430 7.848879 231.858109
v -257.519287 7.866725 233.589310
v -262.523895 11.687044 233.663345
v -259.103821 11.719542 236.815781
v 157.765854 19.867281 247.805527
v 156.550247 20.015766 249.127731
v 158.216049 14.913492 252.927902
v 137.222336 7.322313 100.861984
v 194.481186 6.885545 102.708282
v 194.235947 20.770481 102.831192
v 194.506882 5.430583 102.695404
v 137.310806 4.444039 100.028732
v 133.378464 4.376212 99.845398
v 133.306961 7.157587 100.350327
v 137.085892 19.793516 99.174255
v 133.107529 19.716110 99.981186
v 131.848770 90.989502 100.612106
v 135.856400 91.072998 99.174988
v 131.670944 101.057709 100.701233
v 135.628128 101.130707 100.349976
v 131.612686 104.356705 100.730438
v 192.799362 102.112076 103.551239
v 192.741104 105.411072 103.580444
v 192.977188 92.043869 103.462112
v 42.303802 87.329948 203.672287
v 43.549469 58.603374 203.491776
v 53.779617 58.406425 204.138229
v 53.297989 87.748184 203.732132
v 87.499069 59.521488 204.893661
v 86.976028 88.328308 205.378189
v 99.425369 59.626736 206.081528
v 99.616257 88.322708 206.298264
v -191.622238 83.295090 192.765854
v -190.376572 54.568516 192.585342
v -179.247284 54.387074 193.273727
v -179.728943 83.728828 192.867599
v -145.527832 55.502136 194.029160
v -146.050903 84.308960 194.513657
v -135.896225 55.567806 195.110031
v -135.705353 84.263779 195.326736
v -210.238281 110.169281 -83.369507
v -207.153473 110.248566 -86.168480
v -206.976349 107.029739 -85.472679
v -209.862152 106.955574 -82.854843
v -209.351196 88.795578 -83.006760
v -206.664383 88.864616 -85.443459
v -207.944504 19.918409 -83.607613
v -205.456711 19.982321 -85.863182
v -207.461365 3.334348 -83.745575
v -205.172577 3.393142 -85.820007
v -207.212006 -0.013663 -83.766373
v -205.122223 0.040004 -85.659676
v 158.216049 14.913492 252.927902
v 160.974808 14.633074 250.454666
v 157.765854 19.867281 247.805527
v -52.024399 90.362511 -76.045876
v -51.974304 88.366142 -76.110809
v -62.260056 87.968185 -77.047478
v -18.310989 90.944801 -74.563133
v -18.289246 88.947739 -74.616211
v -4.408295 90.940079 -74.319939
v -6.416779 88.934792 -74.397644
v -4.609375 58.260197 -74.704803
v -6.601212 60.240162 -74.753510
v -17.741882 58.134216 -74.632568
v -17.787537 60.136471 -74.641403
v -51.403015 57.034622 -77.042130
v -51.430771 59.037273 -77.036804
v -62.926498 57.254318 -77.423714
v -61.010712 59.242374 -77.306763
v -64.338669 89.900703 -77.091850
v 159.060593 20.831825 248.885330
v 157.765854 19.867281 247.805527
v 160.974808 14.633074 250.454666
v 66.018478 92.417679 -71.134186
v 66.073380 90.408096 -71.264091
v 55.121384 89.998650 -72.231819
v 99.731003 93.000008 -69.651108
v 99.758438 90.989693 -69.769493
v 114.962692 93.031487 -69.356102
v 112.429550 90.990524 -69.513687
v 114.775009 60.097439 -69.745613
v 112.245132 62.295891 -69.869560
v 100.304642 59.957516 -69.729332
v 100.260178 62.178429 -69.794685
v 66.644028 58.857883 -72.138542
v 66.616898 61.079227 -72.190086
v 54.357498 59.066345 -72.552986
v 56.370682 61.272839 -72.491104
v 52.949997 91.945679 -72.215729
v 160.974808 14.633074 250.454666
v 161.877518 16.476084 251.697006
v 159.060593 20.831825 248.885330
v -167.008438 88.398323 -81.998703
v -166.953552 86.388748 -82.128601
v -178.804672 85.963791 -83.138260
v -133.295898 88.980659 -80.515625
v -133.268463 86.970345 -80.634003
v -120.358910 88.972549 -80.327606
v -122.892059 86.931587 -80.485191
v -120.546593 56.038509 -80.717117
v -123.076469 58.236961 -80.841057
v -132.722290 55.938164 -80.593849
v -132.766754 58.159077 -80.659203
v -166.382919 54.838531 -83.003059
v -166.410004 57.059875 -83.054596
v -179.568573 55.031483 -83.459419
v -177.555359 57.237976 -83.397545
v -180.976074 87.910812 -83.122169
v 151.291946 35.491951 241.605057
v 153.221542 36.350792 242.096390
v 159.060593 20.831825 248.885330
v -241.451233 9.405217 -131.520218
v -244.050232 10.531860 -130.787140
v -242.218445 10.857535 -132.479492
v 159.060593 20.831825 248.885330
v 156.550247 20.015766 249.127731
v 151.291946 35.491951 241.605057
v -243.325363 17.383419 -128.874023
v -245.543365 15.222503 -131.850769
v -242.594269 11.347406 -129.837921
v -241.376236 12.534091 -128.203217
v -237.837234 -0.018861 -124.690948
v -237.038651 0.759191 -123.619156
v -235.321213 -3.549869 -122.886559
v 152.047379 35.318413 240.603348
v 151.291946 35.491951 241.605057
v 156.550247 20.015766 249.127731
v -241.845810 15.312773 -134.671387
v -239.627808 17.473690 -131.694611
v -239.345703 12.583664 -129.752167
v -240.563736 11.396980 -131.386871
v -235.707336 0.791693 -124.634712
v -236.505920 0.013641 -125.706512
v -235.321213 -3.549869 -122.886559
v 156.550247 20.015766 249.127731
v 157.765854 19.867281 247.805527
v 152.047379 35.318413 240.603348
v -245.543365 15.222503 -131.850769
v -241.845810 15.312773 -134.671387
v -240.563736 11.396980 -131.386871
v -242.594269 11.347406 -129.837921
v -236.505920 0.013641 -125.706512
v -237.837234 -0.018861 -124.690948
v -235.321213 -3.549869 -122.886559
v 153.221542 36.350792 242.096390
v 152.047379 35.318413 240.603348
v 157.765854 19.867281 247.805527
v -86.360954 12.204942 -138.371826
v -88.821465 13.350229 -139.465302
v -86.329941 13.673578 -139.580215
v 157.765854 19.867281 247.805527
v 159.060593 20.831825 248.885330
v 153.221542 36.350792 242.096390
v -89.485001 20.176262 -137.441956
v -89.274483 18.064945 -141.176697
v -88.314819 14.142582 -137.791565
v -88.430443 15.302029 -135.740601
v -87.996063 2.682877 -130.944183
v -88.071869 3.443070 -129.599503
v -87.233665 -0.889242 -127.992455
v 129.241226 95.595505 215.078629
v 131.320572 96.422935 215.213577
v 153.221542 36.350792 242.096390
v -84.628784 18.145077 -140.960083
v -84.839317 20.256393 -137.225372
v -85.879227 15.346033 -135.621658
v -85.763618 14.186571 -137.672607
v -86.399185 3.471922 -129.521515
v -86.323364 2.711713 -130.866211
v -87.233665 -0.889242 -127.992455
v 153.221542 36.350792 242.096390
v 151.291946 35.491951 241.605057
v 129.241226 95.595505 215.078629
v -89.274483 18.064945 -141.176697
v -84.628784 18.145077 -140.960083
v -85.763618 14.186571 -137.672607
v -88.314819 14.142582 -137.791565
v -86.323364 2.711713 -130.866211
v -87.996063 2.682877 -130.944183
v -87.233665 -0.889242 -127.992455
v 130.309860 95.438232 213.857101
v 129.241226 95.595505 215.078629
v 151.291946 35.491951 241.605057
v 27.673935 14.171866 -133.055130
v 25.194260 14.409485 -133.401779
v 27.704941 15.640503 -134.263489
v 151.291946 35.491951 241.605057
v 152.047379 35.318413 240.603348
v 130.309860 95.438232 213.857101
v 24.549881 22.143187 -132.125244
v 24.760422 20.031872 -135.859970
v 25.720078 16.109507 -132.474854
v 25.604446 17.268953 -130.423889
v 26.038818 4.649801 -125.627495
v 25.963013 5.409995 -124.282806
v 26.801224 1.077666 -122.675735
v 131.320572 96.422935 215.213577
v 130.309860 95.438232 213.857101
v 152.047379 35.318413 240.603348
v 29.406113 20.112001 -135.643372
v 29.195572 22.223318 -131.908661
v 28.155640 17.312958 -130.304947
v 28.271271 16.153496 -132.355896
v 27.635712 5.438847 -124.204819
v 27.711517 4.678638 -125.549492
v 26.801224 1.077666 -122.675735
v 152.047379 35.318413 240.603348
v 153.221542 36.350792 242.096390
v 131.320572 96.422935 215.213577
v 24.760422 20.031872 -135.859970
v 29.406113 20.112001 -135.643372
v 28.271271 16.153496 -132.355896
v 25.720078 16.109507 -132.474854
v 27.711517 4.678638 -125.549492
v 26.038818 4.649801 -125.627495
v 26.801224 1.077666 -122.675735
v 122.576859 113.534019 206.889328
v 124.617630 114.317329 206.957993
v 131.320572 96.422935 215.213577
v 178.870071 16.647007 -111.008476
v 177.193527 16.912170 -112.864380
v 179.672714 18.126419 -111.894547
v 131.320572 96.422935 215.213577
v 129.241226 95.595505 215.078629
v 122.576859 113.534019 206.889328
v 175.891464 24.639677 -112.196777
v 178.449783 22.561129 -114.950851
v 177.003220 18.598270 -111.793564
v 175.598343 19.739714 -110.281158
v 172.828842 7.072938 -106.497017
v 171.907700 7.821313 -105.505402
v 171.510208 3.466250 -103.793777
v 123.663162 113.387398 205.677017
v 122.576859 113.534019 206.889328
v 129.241226 95.595505 215.078629
v 181.869858 22.593626 -111.798401
v 179.311539 24.672159 -109.044334
v 177.476486 19.757574 -108.549980
v 178.881393 18.616133 -110.062370
v 173.139084 7.833014 -104.370361
v 174.060226 7.084639 -105.361961
v 171.510208 3.466250 -103.793777
v 129.241226 95.595505 215.078629
v 130.309860 95.438232 213.857101
v 123.663162 113.387398 205.677017
v 178.449783 22.561129 -114.950851
v 181.869858 22.593626 -111.798401
v 178.881393 18.616133 -110.062370
v 177.003220 18.598270 -111.793564
v 174.060226 7.084639 -105.361961
v 172.828842 7.072938 -106.497017
v 171.510208 3.466250 -103.793777
v 124.617630 114.317329 206.957993
v 123.663162 113.387398 205.677017
v 130.309860 95.438232 213.857101
v -272.357880 8.001149 47.749283
v -272.159424 7.518576 51.785172
v -272.991364 8.555040 50.510803
v 130.309860 95.438232 213.857101
v 131.320572 96.422935 215.213577
v 124.617630 114.317329 206.957993
v -271.088531 15.288777 52.361496
v -274.765930 13.077436 52.169266
v -271.277710 9.237875 51.244476
v -269.258270 10.452250 51.350037
v -264.128937 -2.038675 51.027206
v -262.804871 -1.242468 51.096405
v -261.083313 -5.537880 50.296524
v 11.020157 18.439079 259.325562
v 6.374466 18.358950 259.108948
v 7.586594 13.517519 257.418945
v -274.550049 13.122377 47.523071
v -270.872681 15.333717 47.715302
v -269.139740 10.476929 48.798538
v -271.159180 9.262554 48.692978
v -262.727173 -1.226286 49.423538
v -264.051208 -2.022494 49.354340
v -261.083313 -5.537880 50.296524
v 7.586594 13.517519 257.418945
v 10.137787 13.561522 257.537903
v 11.020157 18.439079 259.325562
v -274.765930 13.077436 52.169266
v -274.550049 13.122377 47.523071
v -271.159180 9.262554 48.692978
v -271.277710 9.237875 51.244476
v -264.051208 -2.022494 49.354340
v -264.128937 -2.038675 51.027206
v -261.083313 -5.537880 50.296524
v 9.511017 -2.522266 249.504044
v 10.196259 1.807839 251.187820
v 8.523560 1.778988 251.109818
v -259.267670 7.307776 234.513168
v -260.406494 6.130075 232.088760
v -258.413544 5.873556 233.601303
v 9.511017 -2.522266 249.504044
v 8.475052 0.992913 252.440781
v 10.147751 1.021750 252.518753
v -104.711327 9.846455 256.087891
v -107.130226 8.634551 254.973526
v -104.628876 8.401443 254.853745
v 6.239761 16.175753 262.805725
v 10.885452 16.255882 263.022339
v 10.063812 12.362588 259.567993
v -105.559830 -0.974011 247.124100
v -105.511330 -0.187937 245.793137
v -104.523872 -4.489175 244.187363
v -106.448303 11.550594 252.102280
v -106.522263 10.351675 254.132339
v -107.660416 16.392025 253.792282
v -107.795135 14.208827 257.489014
v 10.063812 12.362588 259.567993
v 7.512619 12.318600 259.449036
v 6.239761 16.175753 262.805725
v -103.838646 -0.159086 245.871109
v -103.887131 -0.945175 247.202072
v -104.523872 -4.489175 244.187363
v -103.971062 10.395664 254.251266
v -103.897087 11.594599 252.221207
v -103.149437 14.288959 257.705627
v -103.014732 16.472155 254.008896
v 9.511017 -2.522266 249.504044
v 10.147751 1.021750 252.518753
v 10.196259 1.807839 251.187820
v -103.887131 -0.945175 247.202072
v -105.559830 -0.974011 247.124100
v -104.523872 -4.489175 244.187363
v -106.522263 10.351675 254.132339
v -103.971062 10.395664 254.251266
v -107.795135 14.208827 257.489014
v -103.149437 14.288959 257.705627
v 10.885452 16.255882 263.022339
v 11.020157 18.439079 259.325562
v 10.137787 13.561522 257.537903
v 9.323547 11.813379 261.404602
v 6.904678 10.601476 260.290222
v 9.406021 10.368368 260.170471
v 10.137787 13.561522 257.537903
v 10.063812 12.362588 259.567993
v 10.885452 16.255882 263.022339
v 8.475052 0.992913 252.440781
v 8.523560 1.778988 251.109818
v 9.511017 -2.522266 249.504044
v 7.586594 13.517519 257.418945
v 7.512619 12.318600 259.449036
v 6.374466 18.358950 259.108948
v 6.239761 16.175753 262.805725
v 9.511017 -2.522266 249.504044
v 8.523560 1.778988 251.109818
v 8.475052 0.992913 252.440781
v 10.196259 1.807839 251.187820
v 10.147751 1.021750 252.518753
v 9.511017 -2.522266 249.504044
v 10.063812 12.362588 259.567993
v 10.137787 13.561522 257.537903
v 10.885452 16.255882 263.022339
v 11.020157 18.439079 259.325562
v 6.374466 18.358950 259.108948
v 6.239761 16.175753 262.805725
v 7.512619 12.318600 259.449036
v 10.147751 1.021750 252.518753
v 8.475052 0.992913 252.440781
v 9.511017 -2.522266 249.504044
v 7.512619 12.318600 259.449036
v 10.063812 12.362588 259.567993
v 6.239761 16.175753 262.805725
v 10.885452 16.255882 263.022339
v 7.512619 12.318600 259.449036
v 7.586594 13.517519 257.418945
v 6.374466 18.358950 259.108948
v 162.708328 14.594319 253.272202
v 160.150955 13.363802 253.984421
v 161.992599 13.133007 252.287216
v 8.523560 1.778988 251.109818
v 10.196259 1.807839 251.187820
v 10.137787 13.561522 257.537903
v 156.404190 3.653223 247.051132
v 155.578262 4.421423 245.993027
v 155.345078 0.100566 244.168167
v 158.799606 16.242109 251.319534
v 160.059250 15.070427 252.933334
v 158.909500 21.103920 253.348282
v 161.203354 18.970308 256.287048
v 10.137787 13.561522 257.537903
v 7.586594 13.517519 257.418945
v 8.523560 1.778988 251.109818
v 156.909561 4.453925 244.977524
v 157.735489 3.685725 246.035568
v 155.345078 0.100566 244.168167
v 162.089798 15.120016 251.384384
v 160.830154 16.291698 249.770554
v 164.900894 19.060579 253.466415
v 162.607040 21.194176 250.527664
v 6.239761 16.175753 262.805725
v 6.374466 18.358950 259.108948
v 11.020157 18.439079 259.325562
v 157.735489 3.685725 246.035568
v 156.404190 3.653223 247.051132
v 155.345078 0.100566 244.168167
v 160.059250 15.070427 252.933334
v 162.089798 15.120016 251.384384
v 161.203354 18.970308 256.287048
v 164.900894 19.060579 253.466415
v 11.020157 18.439079 259.325562
v 10.885452 16.255882 263.022339
v 6.239761 16.175753 262.805725
v -30.518158 57.485874 199.391312
v -64.237595 56.370811 198.635880
v -64.719238 85.712570 198.229752
v 7.512619 12.318600 259.449036
v 10.063812 12.362588 259.567993
v 10.147751 1.021750 252.518753
v -64.719238 85.712570 198.229752
v -31.041214 86.292702 199.875809
v -30.518158 57.485874 199.391312
v 10.147751 1.021750 252.518753
v 8.475052 0.992913 252.440781
v 7.512619 12.318600 259.449036
v 196.374161 20.832769 99.884964
v 195.115067 92.105370 100.516647
v 194.552780 91.499817 99.481186
v 10.063812 12.362588 259.567993
v 10.137787 13.561522 257.537903
v 10.196259 1.807839 251.187820
v 194.552780 91.499817 99.481186
v 195.808365 20.428726 98.852081
v 196.374161 20.832769 99.884964
v 10.196259 1.807839 251.187820
v 10.147751 1.021750 252.518753
v 10.063812 12.362588 259.567993
v 135.856400 91.072998 99.174988
v 192.977188 92.043869 103.462112
v 194.235947 20.770481 102.831192
v 7.586594 13.517519 257.418945
v 7.512619 12.318600 259.449036
v 8.475052 0.992913 252.440781
v 194.235947 20.770481 102.831192
v 137.085892 19.793516 99.174255
v 135.856400 91.072998 99.174988
v 8.475052 0.992913 252.440781
v 8.523560 1.778988 251.109818
v 7.586594 13.517519 257.418945
v -217.983612 17.380779 183.033127
v -218.759598 19.662533 148.453995
v -217.775940 86.588394 149.525360
v 9.406021 10.368368 260.170471
v 6.904678 10.601476 260.290222
v 9.323547 11.813379 261.404602
v -217.775940 86.588394 149.525360
v -221.676117 86.583160 182.162369
v -217.983612 17.380779 183.033127
v 6.103760 12.179813 258.258240
v 9.702393 13.717748 259.689209
v 9.323547 11.813379 261.404602
v 131.708450 106.962929 97.712357
v 133.004440 107.232758 69.815750
v 194.132858 108.287132 72.665756
v 9.323547 11.813379 261.404602
v 6.904678 10.601476 260.290222
v 6.103760 12.179813 258.258240
v 194.132858 108.287132 72.665756
v 192.836868 108.017296 100.562363
v 131.708450 106.962929 97.712357
v 9.806396 11.895282 258.132629
v 6.103760 12.179813 258.258240
v 6.904678 10.601476 260.290222
v 196.174484 105.744751 72.736038
v 195.572617 104.722580 72.698181
v 194.323044 104.462410 99.595901
v 6.904678 10.601476 260.290222
v 9.406021 10.368368 260.170471
v 9.806396 11.895282 258.132629
v 194.323044 104.462410 99.595901
v 194.878372 105.470993 100.636475
v 196.174484 105.744751 72.736038
v 9.702393 13.717748 259.689209
v 9.806396 11.895282 258.132629
v 9.406021 10.368368 260.170471
v -221.111496 110.515877 187.657608
v -218.062759 110.409149 191.930771
v -220.151642 107.542259 193.623154
v 9.406021 10.368368 260.170471
v 9.323547 11.813379 261.404602
v 9.702393 13.717748 259.689209
v -220.151642 107.542259 193.623154
v -222.963623 107.519783 190.549240
v -221.111496 110.515877 187.657608
v 7.277847 17.333260 254.345047
v 9.358124 18.126842 255.783524
v 9.702393 13.717748 259.689209
v -178.863419 110.871521 193.228073
v -145.311005 111.450249 194.792404
v -146.167267 108.604645 196.542099
v 9.702393 13.717748 259.689209
v 6.103760 12.179813 258.258240
v 7.277847 17.333260 254.345047
v -146.167267 108.604645 196.542099
v -180.130554 108.018822 194.958633
v -178.863419 110.871521 193.228073
v 9.058731 17.185104 254.111374
v 7.277847 17.333260 254.345047
v 6.103760 12.179813 258.258240
v -219.578278 86.175865 192.533981
v -218.352936 17.297241 191.734238
v -220.620865 17.279110 189.256912
v 6.103760 12.179813 258.258240
v 9.806396 11.895282 258.132629
v 9.058731 17.185104 254.111374
v -220.620865 17.279110 189.256912
v -222.027542 86.156281 189.857803
v -219.578278 86.175865 192.533981
v 9.358124 18.126842 255.783524
v 9.058731 17.185104 254.111374
v 9.806396 11.895282 258.132629
v -65.213455 112.831802 198.526840
v -31.504227 113.413239 200.098465
v -31.538742 110.581802 201.886398
v 9.806396 11.895282 258.132629
v 9.702393 13.717748 259.689209
v 9.358124 18.126842 255.783524
v -31.538742 110.581802 201.886398
v -65.247971 110.000374 200.314743
v -65.213455 112.831802 198.526840
v 8.108292 32.929440 245.410812
v 9.272171 33.764713 247.038742
v 9.358124 18.126842 255.783524
v 85.260269 115.418167 206.567520
v 86.354080 112.603714 208.687759
v 52.667038 112.022675 207.117172
v 9.358124 18.126842 255.783524
v 7.277847 17.333260 254.345047
v 8.108292 32.929440 245.410812
v 52.667038 112.022675 207.117172
v 51.801498 114.841057 205.007553
v 85.260269 115.418167 206.567520
v 9.330536 32.757812 245.126572
v 8.108292 32.929440 245.410812
v 7.277847 17.333260 254.345047
v -219.102188 110.685722 147.802658
v -220.908752 107.699112 149.713379
v -218.291733 108.243996 93.380646
v 7.277847 17.333260 254.345047
v 9.058731 17.185104 254.111374
v 9.330536 32.757812 245.126572
v -218.291733 108.243996 93.380646
v -216.507950 111.225861 91.960403
v -219.102188 110.685722 147.802658
v 9.272171 33.764713 247.038742
v 9.330536 32.757812 245.126572
v 9.058731 17.185104 254.111374
v 192.836868 108.017296 100.562363
v 194.878372 105.470993 100.636475
v 192.741104 105.411072 103.580444
v 9.058731 17.185104 254.111374
v 9.358124 18.126842 255.783524
v 9.272171 33.764713 247.038742
v 131.708450 106.962929 97.712357
v 192.836868 108.017296 100.562363
v 192.741104 105.411072 103.580444
v 8.357101 93.490219 211.726151
v 9.864594 94.295914 213.176834
v 9.272171 33.764713 247.038742
v 192.741104 105.411072 103.580444
v 131.612686 104.356705 100.730438
v 131.708450 106.962929 97.712357
v 9.272171 33.764713 247.038742
v 8.108292 32.929440 245.410812
v 8.357101 93.490219 211.726151
v 196.174484 105.744751 72.736038
v 194.878372 105.470993 100.636475
v 192.836868 108.017296 100.562363
v 9.960541 93.333809 211.475021
v 8.357101 93.490219 211.726151
v 8.108292 32.929440 245.410812
v 192.836868 108.017296 100.562363
v 194.132858 108.287132 72.665756
v 196.174484 105.744751 72.736038
v 8.108292 32.929440 245.410812
v 9.330536 32.757812 245.126572
v 9.960541 93.333809 211.475021
v 195.115067 92.105370 100.516647
v 196.374161 20.832769 99.884964
v 194.235947 20.770481 102.831192
v 9.864594 94.295914 213.176834
v 9.960541 93.333809 211.475021
v 9.330536 32.757812 245.126572
v 194.235947 20.770481 102.831192
v 192.977188 92.043869 103.462112
v 195.115067 92.105370 100.516647
v 9.330536 32.757812 245.126572
v 9.272171 33.764713 247.038742
v 9.864594 94.295914 213.176834
v 3.865173 21.145065 200.411636
v 2.633835 90.022438 201.340500
v 10.135071 90.175354 203.295151
v 8.542603 111.568527 201.410690
v 10.063171 112.331085 202.785233
v 9.864594 94.295914 213.176834
v 10.135071 90.175354 203.295151
v 11.370972 21.306471 202.265244
v 3.865173 21.145065 200.411636
v 9.864594 94.295914 213.176834
v 8.357101 93.490219 211.726151
v 8.542603 111.568527 201.410690
v -97.262497 19.400770 195.696671
v -111.830994 19.152922 194.629532
v -113.081360 88.026329 195.968063
v 10.153778 111.422516 201.178055
v 8.542603 111.568527 201.410690
v 8.357101 93.490219 211.726151
v -113.081360 88.026329 195.968063
v -98.493820 88.278145 196.625534
v -97.262497 19.400770 195.696671
v 8.357101 93.490219 211.726151
v 9.960541 93.333809 211.475021
v 10.153778 111.422516 201.178055
v 2.204987 113.994667 201.670120
v 9.733749 114.115456 203.046188
v 9.699219 111.284019 204.834122
v 10.063171 112.331085 202.785233
v 10.153778 111.422516 201.178055
v 9.960541 93.333809 211.475021
v 9.699219 111.284019 204.834122
v 2.170456 111.163239 203.458054
v 2.204987 113.994667 201.670120
v 9.960541 93.333809 211.475021
v 9.864594 94.295914 213.176834
v 10.063171 112.331085 202.785233
v -98.957199 109.418945 198.743088
v -115.520035 109.133255 197.970932
v -115.074646 111.971779 196.202133
v -103.014732 16.472155 254.008896
v -107.660416 16.392025 253.792282
v -106.448303 11.550594 252.102280
v -115.074646 111.971779 196.202133
v -98.922676 112.250374 196.955185
v -98.957199 109.418945 198.743088
v -106.448303 11.550594 252.102280
v -103.897087 11.594599 252.221207
v -103.014732 16.472155 254.008896
v 131.708450 106.962929 97.712357
v 130.301041 110.994026 97.906204
v 132.285568 111.940620 69.827896
v -104.523872 -4.489175 244.187363
v -103.838646 -0.159086 245.871109
v -105.511330 -0.187937 245.793137
v 121.538834 116.043915 208.258926
v 124.015427 116.245964 204.243362
v 126.487686 113.324448 207.336563
v -104.523872 -4.489175 244.187363
v -105.559830 -0.974011 247.124100
v -103.887131 -0.945175 247.202072
v 126.487686 113.324448 207.336563
v 123.558640 113.247910 210.142838
v 121.538834 116.043915 208.258926
v -107.795135 14.208827 257.489014
v -103.149437 14.288959 257.705627
v -103.971062 10.395664 254.251266
v 124.340103 116.313560 197.254562
v 125.350296 116.523895 175.509811
v 127.883286 113.615028 177.295151
v -103.971062 10.395664 254.251266
v -106.522263 10.351675 254.132339
v -107.795135 14.208827 257.489014
v 127.883286 113.615028 177.295151
v 126.842728 113.398376 199.693832
v 124.340103 116.313560 197.254562
v -104.523872 -4.489175 244.187363
v -103.887131 -0.945175 247.202072
v -103.838646 -0.159086 245.871109
v 125.528610 6.411953 207.414108
v 128.407028 6.808401 205.575302
v 128.477554 3.355807 205.340195
v -103.149437 14.288959 257.705627
v -103.014732 16.472155 254.008896
v -103.897087 11.594599 252.221207
v 128.477554 3.355807 205.340195
v 125.592667 3.288426 207.196426
v 125.528610 6.411953 207.414108
v -103.897087 11.594599 252.221207
v -103.971062 10.395664 254.251266
v -103.149437 14.288959 257.705627
v 129.409988 117.449867 97.458939
v 131.271439 117.945076 69.838852
v 132.866653 115.035065 69.884827
v -104.523872 -4.489175 244.187363
v -105.511330 -0.187937 245.793137
v -105.559830 -0.974011 247.124100
v 132.866653 115.035065 69.884827
v 131.555893 114.543594 98.180206
v 129.409988 117.449867 97.458939
v -107.660416 16.392025 253.792282
v -107.795135 14.208827 257.489014
v -106.522263 10.351675 254.132339
v 131.670944 101.057709 100.701233
v 131.848770 90.989502 100.612106
v 127.486679 92.576462 138.811295
v -106.522263 10.351675 254.132339
v -106.448303 11.550594 252.102280
v -107.660416 16.392025 253.792282
v 127.486679 92.576462 138.811295
v 129.234634 111.136803 139.201385
v 131.670944 101.057709 100.701233
v -105.511330 -0.187937 245.793137
v -103.838646 -0.159086 245.871109
v -103.897087 11.594599 252.221207
v 130.398697 22.995491 176.071701
v 127.256485 22.728363 199.979446
v 125.660904 92.010773 199.072433
v -103.897087 11.594599 252.221207
v -106.448303 11.550594 252.102280
v -105.511330 -0.187937 245.793137
v 125.660904 92.010773 199.072433
v 125.323502 92.203217 176.659958
v 130.398697 22.995491 176.071701
v -107.795135 14.208827 257.489014
v -107.660416 16.392025 253.792282
v -103.014732 16.472155 254.008896
v 109.455460 23.009336 205.588943
v 114.029007 91.979637 206.753128
v 123.996201 92.177467 208.553360
v -103.014732 16.472155 254.008896
v -103.149437 14.288959 257.705627
v -107.795135 14.208827 257.489014
v 123.996201 92.177467 208.553360
v 125.221268 23.313866 207.753738
v 109.455460 23.009336 205.588943
v -106.522263 10.351675 254.132339
v -103.971062 10.395664 254.251266
v -103.887131 -0.945175 247.202072
v 18.533005 90.332855 202.258316
v 21.468353 21.492260 201.423111
v 11.370972 21.306471 202.265244
v -103.887131 -0.945175 247.202072
v -105.559830 -0.974011 247.124100
v -106.522263 10.351675 254.132339
v 11.370972 21.306471 202.265244
v 10.135071 90.175354 203.295151
v 18.533005 90.332855 202.258316
v -103.971062 10.395664 254.251266
v -103.897087 11.594599 252.221207
v -103.838646 -0.159086 245.871109
v 121.538834 116.043915 208.258926
v 123.558640 113.247910 210.142838
v 113.598953 113.073647 209.958054
v -103.838646 -0.159086 245.871109
v -103.887131 -0.945175 247.202072
v -103.971062 10.395664 254.251266
v 113.598953 113.073647 209.958054
v 112.276871 115.884163 207.827103
v 121.538834 116.043915 208.258926
v -106.448303 11.550594 252.102280
v -106.522263 10.351675 254.132339
v -105.559830 -0.974011 247.124100
v 9.699219 111.284019 204.834122
v 9.733749 114.115456 203.046188
v 16.399155 114.230423 203.356979
v -105.559830 -0.974011 247.124100
v -105.511330 -0.187937 245.793137
v -106.448303 11.550594 252.102280
v 16.399155 114.230423 203.356979
v 17.036469 111.408104 205.455887
v 9.699219 111.284019 204.834122
v -104.628876 8.401443 254.853745
v -107.130226 8.634551 254.973526
v -104.711327 9.846455 256.087891
v 86.538071 109.754028 206.482742
v 52.840286 109.172852 204.904526
v 52.667038 112.022675 207.117172
v -107.931129 10.212889 252.941513
v -104.332512 11.750823 254.372543
v -104.711327 9.846455 256.087891
v 52.667038 112.022675 207.117172
v 86.354080 112.603714 208.687759
v 86.538071 109.754028 206.482742
v -104.711327 9.846455 256.087891
v -107.130226 8.634551 254.973526
v -107.931129 10.212889 252.941513
v 51.404434 5.117609 205.745163
v 87.939163 5.749961 207.201675
v 88.087692 2.644025 205.165207
v -104.228493 9.928357 252.815964
v -107.931129 10.212889 252.941513
v -107.130226 8.634551 254.973526
v 88.087692 2.644025 205.165207
v 51.567673 2.014737 203.391922
v 51.404434 5.117609 205.745163
v -107.130226 8.634551 254.973526
v -104.628876 8.401443 254.853745
v -104.228493 9.928357 252.815964
v 52.896683 22.042858 201.927261
v 88.011978 22.648355 203.585648
v 87.939163 5.749961 207.201675
v -104.332512 11.750823 254.372543
v -104.228493 9.928357 252.815964
v -104.628876 8.401443 254.853745
v 87.939163 5.749961 207.201675
v 51.404434 5.117609 205.745163
v 52.896683 22.042858 201.927261
v -104.628876 8.401443 254.853745
v -104.711327 9.846455 256.087891
v -104.332512 11.750823 254.372543
v 113.810074 110.224365 207.761307
v 113.598953 113.073647 209.958054
v 123.558640 113.247910 210.142838
v -106.757050 15.366335 249.028336
v -104.676743 16.159918 250.466843
v -104.332512 11.750823 254.372543
v 123.558640 113.247910 210.142838
v 123.663528 110.513138 208.905685
v 113.810074 110.224365 207.761307
v -104.332512 11.750823 254.372543
v -107.931129 10.212889 252.941513
v -106.757050 15.366335 249.028336
v 114.029007 91.979637 206.753128
v 113.810074 110.224365 207.761307
v 123.663528 110.513138 208.905685
v -104.976181 15.218180 248.794724
v -106.757050 15.366335 249.028336
v -107.931129 10.212889 252.941513
v 123.663528 110.513138 208.905685
v 123.996201 92.177467 208.553360
v 114.029007 91.979637 206.753128
v -107.931129 10.212889 252.941513
v -104.228493 9.928357 252.815964
v -104.976181 15.218180 248.794724
v 125.592667 3.288426 207.196426
v 109.677811 3.015795 206.242477
v 109.529922 6.121867 208.264847
v -104.676743 16.159918 250.466843
v -104.976181 15.218180 248.794724
v -104.228493 9.928357 252.815964
v 109.529922 6.121867 208.264847
v 125.528610 6.411953 207.414108
v 125.592667 3.288426 207.196426
v -104.228493 9.928357 252.815964
v -104.332512 11.750823 254.372543
v -104.676743 16.159918 250.466843
v 125.221268 23.313866 207.753738
v 125.528610 6.411953 207.414108
v 109.529922 6.121867 208.264847
v -105.926598 30.962532 240.094131
v -104.762703 31.797789 241.722031
v -104.676743 16.159918 250.466843
v 109.529922 6.121867 208.264847
v 109.455460 23.009336 205.588943
v 125.221268 23.313866 207.753738
v -104.676743 16.159918 250.466843
v -106.757050 15.366335 249.028336
v -105.926598 30.962532 240.094131
v 22.400101 4.627640 203.228226
v 22.549911 1.521975 201.163589
v 11.762939 1.330719 201.247787
v -104.704338 30.790903 239.809921
v -105.926598 30.962532 240.094131
v -106.757050 15.366335 249.028336
v 11.762939 1.330719 201.247787
v 11.630951 4.553475 202.886734
v 22.400101 4.627640 203.228226
v -106.757050 15.366335 249.028336
v -104.976181 15.218180 248.794724
v -104.704338 30.790903 239.809921
v 21.468353 21.492260 201.423111
v 22.400101 4.627640 203.228226
v 11.630951 4.553475 202.886734
v -104.762703 31.797789 241.722031
v -104.704338 30.790903 239.809921
v -104.976181 15.218180 248.794724
v 11.630951 4.553475 202.886734
v 11.370972 21.306471 202.265244
v 21.468353 21.492260 201.423111
v -104.976181 15.218180 248.794724
v -104.676743 16.159918 250.466843
v -104.762703 31.797789 241.722031
v 9.699219 111.284019 204.834122
v 17.036469 111.408104 205.455887
v 18.170685 108.574921 203.281052
v -105.677811 91.523300 206.409439
v -104.170296 92.328987 207.860153
v -104.762703 31.797789 241.722031
v 18.170685 108.574921 203.281052
v 9.806961 108.424553 203.581223
v 9.699219 111.284019 204.834122
v -104.762703 31.797789 241.722031
v -105.926598 30.962532 240.094131
v -105.677811 91.523300 206.409439
v 10.135071 90.175354 203.295151
v 9.806961 108.424553 203.581223
v 18.170685 108.574921 203.281052
v -104.074356 91.366890 206.158310
v -105.677811 91.523300 206.409439
v -105.926598 30.962532 240.094131
v 18.170685 108.574921 203.281052
v 18.533005 90.332855 202.258316
v 10.135071 90.175354 203.295151
v -105.926598 30.962532 240.094131
v -104.704338 30.790903 239.809921
v -104.074356 91.366890 206.158310
v -31.443542 107.594429 200.949234
v -65.152771 107.012993 199.377579
v -65.247971 110.000374 200.314743
v -104.170296 92.328987 207.860153
v -104.074356 91.366890 206.158310
v -104.704338 30.790903 239.809921
v -65.247971 110.000374 200.314743
v -31.538742 110.581802 201.886398
v -31.443542 107.594429 200.949234
v -104.704338 30.790903 239.809921
v -104.762703 31.797789 241.722031
v -104.170296 92.328987 207.860153
v -31.059357 88.304947 199.794235
v -64.763657 87.724327 198.134079
v -65.152771 107.012993 199.377579
v -105.492294 109.601608 196.094009
v -103.971725 110.364166 197.468552
v -104.170296 92.328987 207.860153
v -65.152771 107.012993 199.377579
v -31.443542 107.594429 200.949234
v -31.059357 88.304947 199.794235
v -104.170296 92.328987 207.860153
v -105.677811 91.523300 206.409439
v -105.492294 109.601608 196.094009
v -63.351410 3.375886 199.082535
v -29.654617 3.954731 200.921738
v -29.522263 0.618663 199.317276
v -103.881119 109.455589 195.861374
v -105.492294 109.601608 196.094009
v -105.677811 91.523300 206.409439
v -29.522263 0.618663 199.317276
v -63.231491 0.037231 197.745651
v -63.351410 3.375886 199.082535
v -105.677811 91.523300 206.409439
v -104.074356 91.366890 206.158310
v -103.881119 109.455589 195.861374
v -63.481674 20.205257 196.207413
v -29.752960 20.582598 196.879562
v -29.654617 3.954731 200.921738
v -103.971725 110.364166 197.468552
v -103.881119 109.455589 195.861374
v -104.074356 91.366890 206.158310
v -29.654617 3.954731 200.921738
v -63.351410 3.375886 199.082535
v -63.481674 20.205257 196.207413
v -104.074356 91.366890 206.158310
v -104.170296 92.328987 207.860153
v -103.971725 110.364166 197.468552
v -178.766434 1.379432 194.348282
v -145.551361 1.960171 195.012222
v -145.414978 -1.375058 193.321091
v -256.621368 13.935523 234.099716
v -260.041443 13.903026 230.947281
v -258.034180 9.065804 230.366562
v -145.414978 -1.375058 193.321091
v -178.672729 -1.964681 193.575546
v -178.766434 1.379432 194.348282
v -258.034180 9.065804 230.366562
v -256.156036 9.083648 232.097733
v -256.621368 13.935523 234.099716
v -178.703369 18.005068 190.880051
v -145.269073 18.580351 192.597702
v -145.551361 1.960171 195.012222
v -251.497910 -6.917964 225.324661
v -252.048340 -2.610608 227.113022
v -253.279739 -2.622308 225.977951
v -145.551361 1.960171 195.012222
v -178.766434 1.379432 194.348282
v -178.703369 18.005068 190.880051
v -251.497910 -6.917964 225.324661
v -254.173553 -3.420187 226.955826
v -252.942139 -3.408486 228.090927
v -146.260010 105.614525 195.539658
v -180.096863 105.030777 193.974838
v -180.130554 108.018822 194.958633
v -262.523895 11.687044 233.663345
v -259.103821 11.719542 236.815781
v -257.519287 7.866725 233.589310
v -180.130554 108.018822 194.958633
v -146.167267 108.604645 196.542099
v -146.260010 105.614525 195.539658
v -257.519287 7.866725 233.589310
v -259.397430 7.848879 231.858109
v -262.523895 11.687044 233.663345
v -221.014267 104.397034 183.927872
v -219.351974 104.729446 149.692291
v -220.908752 107.699112 149.713379
v -251.497910 -6.917964 225.324661
v -252.942139 -3.408486 228.090927
v -252.048340 -2.610608 227.113022
v -220.908752 107.699112 149.713379
v -222.497879 107.368248 183.919998
v -221.014267 104.397034 183.927872
v -259.103821 11.719542 236.815781
v -256.621368 13.935523 234.099716
v -256.156036 9.083648 232.097733
v -221.676117 86.583160 182.162369
v -217.775940 86.588394 149.525360
v -219.351974 104.729446 149.692291
v -256.156036 9.083648 232.097733
v -257.519287 7.866725 233.589310
v -259.103821 11.719542 236.815781
v -219.351974 104.729446 149.692291
v -221.014267 104.397034 183.927872
v -221.676117 86.583160 182.162369
v -251.497910 -6.917964 225.324661
v -253.279739 -2.622308 225.977951
v -254.173553 -3.420187 226.955826
v -217.360947 1.607186 91.616974
v -219.888840 0.393622 150.403778
v -216.567108 -2.252346 150.467834
v -260.041443 13.903026 230.947281
v -262.523895 11.687044 233.663345
v -259.397430 7.848879 231.858109
v -216.567108 -2.252346 150.467834
v -215.840408 -1.718041 91.558426
v -217.360947 1.607186 91.616974
v -259.397430 7.848879 231.858109
v -258.034180 9.065804 230.366562
v -260.041443 13.903026 230.947281
v -216.099533 18.220478 91.933289
v -218.759598 19.662533 148.453995
v -219.888840 0.393622 150.403778
v -253.279739 -2.622308 225.977951
v -252.048340 -2.610608 227.113022
v -256.156036 9.083648 232.097733
v -219.888840 0.393622 150.403778
v -217.360947 1.607186 91.616974
v -216.099533 18.220478 91.933289
v -256.156036 9.083648 232.097733
v -258.034180 9.065804 230.366562
v -253.279739 -2.622308 225.977951
v -218.051147 0.711740 191.397385
v -217.983139 -2.637723 191.177750
v -219.888367 -2.652963 189.098160
v -262.523895 11.687044 233.663345
v -260.041443 13.903026 230.947281
v -256.621368 13.935523 234.099716
v -219.888367 -2.652963 189.098160
v -220.137726 0.695049 189.118942
v -218.051147 0.711740 191.397385
v -256.621368 13.935523 234.099716
v -259.103821 11.719542 236.815781
v -262.523895 11.687044 233.663345
v -218.352936 17.297241 191.734238
v -218.051147 0.711740 191.397385
v -220.137726 0.695049 189.118942
v -259.397430 7.848879 231.858109
v -257.519287 7.866725 233.589310
v -252.942139 -3.408486 228.090927
v -220.137726 0.695049 189.118942
v -220.620865 17.279110 189.256912
v -218.352936 17.297241 191.734238
v -252.942139 -3.408486 228.090927
v -254.173553 -3.420187 226.955826
v -259.397430 7.848879 231.858109
v -222.963623 107.519783 190.549240
v -220.151642 107.542259 193.623154
v -219.907883 104.337311 192.884781
v -257.519287 7.866725 233.589310
v -256.156036 9.083648 232.097733
v -252.048340 -2.610608 227.113022
v -219.907883 104.337311 192.884781
v -222.538513 104.316277 190.009750
v -222.963623 107.519783 190.549240
v -252.048340 -2.610608 227.113022
v -252.942139 -3.408486 228.090927
v -257.519287 7.866725 233.589310
v -222.027542 86.156281 189.857803
v -222.538513 104.316277 190.009750
v -219.907883 104.337311 192.884781
v -258.034180 9.065804 230.366562
v -259.397430 7.848879 231.858109
v -254.173553 -3.420187 226.955826
v -219.907883 104.337311 192.884781
v -219.578278 86.175865 192.533981
v -222.027542 86.156281 189.857803
v -254.173553 -3.420187 226.955826
v -253.279739 -2.622308 225.977951
v -258.034180 9.065804 230.366562
v 2.265686 108.175858 202.520889
v 2.170456 111.163239 203.458054
v 9.699219 111.284019 204.834122
v -258.413544 5.873556 233.601303
v -260.406494 6.130075 232.088760
v -259.267670 7.307776 234.513168
v 9.699219 111.284019 204.834122
v 9.806961 108.424553 203.581223
v 2.265686 108.175858 202.520889
v -259.711670 7.735006 230.038651
v -257.872009 9.224184 233.468094
v -259.267670 7.307776 234.513168
v 2.633835 90.022438 201.340500
v 2.265686 108.175858 202.520889
v 9.806961 108.424553 203.581223
v -259.267670 7.307776 234.513168
v -260.406494 6.130075 232.088760
v -259.711670 7.735006 230.038651
v 9.806961 108.424553 203.581223
v 10.135071 90.175354 203.295151
v 2.633835 90.022438 201.340500
v -256.794739 7.415294 232.318039
v -259.711670 7.735006 230.038651
v -260.406494 6.130075 232.088760
v 11.630951 4.553475 202.886734
v 11.762939 1.330719 201.247787
v 4.242966 1.211760 199.682877
v -260.406494 6.130075 232.088760
v -258.413544 5.873556 233.601303
v -256.794739 7.415294 232.318039
v 4.242966 1.211760 199.682877
v 4.098190 4.545240 201.554947
v 11.630951 4.553475 202.886734
v -257.872009 9.224184 233.468094
v -256.794739 7.415294 232.318039
v -258.413544 5.873556 233.601303
v 11.370972 21.306471 202.265244
v 11.630951 4.553475 202.886734
v 4.098190 4.545240 201.554947
v -258.413544 5.873556 233.601303
v -259.267670 7.307776 234.513168
v -257.872009 9.224184 233.468094
v 4.098190 4.545240 201.554947
v 3.865173 21.145065 200.411636
v 11.370972 21.306471 202.265244
v -256.289154 12.912767 227.864548
v -255.618683 13.672487 230.314011
v -257.872009 9.224184 233.468094
v -96.940727 -0.544201 196.173996
v -112.202126 -0.801793 194.824966
v -112.264885 2.548760 194.931595
v -257.872009 9.224184 233.468094
v -259.711670 7.735006 230.038651
v -256.289154 12.912767 227.864548
v -112.264885 2.548760 194.931595
v -97.048210 2.797042 197.243301
v -96.940727 -0.544201 196.173996
v -254.774841 12.749308 228.827988
v -256.289154 12.912767 227.864548
v -259.711670 7.735006 230.038651
v -97.048210 2.797042 197.243301
v -112.264885 2.548760 194.931595
v -111.830994 19.152922 194.629532
v -259.711670 7.735006 230.038651
v -256.794739 7.415294 232.318039
v -254.774841 12.749308 228.827988
v -111.830994 19.152922 194.629532
v -97.262497 19.400770 195.696671
v -97.048210 2.797042 197.243301
v -255.618683 13.672487 230.314011
v -254.774841 12.749308 228.827988
v -256.794739 7.415294 232.318039
v -113.439621 106.181816 196.935440
v -115.520035 109.133255 197.970932
v -98.957199 109.418945 198.743088
v -256.794739 7.415294 232.318039
v -257.872009 9.224184 233.468094
v -255.618683 13.672487 230.314011
v -98.957199 109.418945 198.743088
v -98.861984 106.431564 197.805923
v -113.439621 106.181816 196.935440
v -249.886612 28.582283 221.763321
v -250.039886 29.390944 223.769547
v -255.618683 13.672487 230.314011
v -113.081360 88.026329 195.968063
v -113.439621 106.181816 196.935440
v -98.861984 106.431564 197.805923
v -255.618683 13.672487 230.314011
v -256.289154 12.912767 227.864548
v -249.886612 28.582283 221.763321
v -98.861984 106.431564 197.805923
v -98.493820 88.278145 196.625534
v -113.081360 88.026329 195.968063
v -248.767807 28.401304 222.328751
v -249.886612 28.582283 221.763321
v -256.289154 12.912767 227.864548
v -212.997314 17.399313 190.889084
v -218.352936 17.297241 191.734238
v -219.578278 86.175865 192.533981
v -256.289154 12.912767 227.864548
v -254.774841 12.749308 228.827988
v -248.767807 28.401304 222.328751
v -219.578278 86.175865 192.533981
v -214.203339 86.281960 191.273148
v -212.997314 17.399313 190.889084
v -250.039886 29.390944 223.769547
v -248.767807 28.401304 222.328751
v -254.774841 12.749308 228.827988
v -145.311005 111.450249 194.792404
v -115.074646 111.971779 196.202133
v -115.520035 109.133255 197.970932
v -254.774841 12.749308 228.827988
v -255.618683 13.672487 230.314011
v -250.039886 29.390944 223.769547
v -115.520035 109.133255 197.970932
v -146.167267 108.604645 196.542099
v -145.311005 111.450249 194.792404
v -227.952515 89.447670 196.931412
v -227.728729 90.225021 199.022324
v -250.039886 29.390944 223.769547
v -215.667374 107.405861 193.301834
v -220.151642 107.542259 193.623154
v -218.062759 110.409149 191.930771
v -250.039886 29.390944 223.769547
v -249.886612 28.582283 221.763321
v -227.952515 89.447670 196.931412
v -218.062759 110.409149 191.930771
v -213.989380 110.265648 191.590378
v -215.667374 107.405861 193.301834
v -226.562943 89.277870 197.767319
v -227.952515 89.447670 196.931412
v -249.886612 28.582283 221.763321
v -180.130554 108.018822 194.958633
v -215.667374 107.405861 193.301834
v -213.989380 110.265648 191.590378
v -249.886612 28.582283 221.763321
v -248.767807 28.401304 222.328751
v -226.562943 89.277870 197.767319
v -213.989380 110.265648 191.590378
v -178.863419 110.871521 193.228073
v -180.130554 108.018822 194.958633
v -227.728729 90.225021 199.022324
v -226.562943 89.277870 197.767319
v -248.767807 28.401304 222.328751
v -145.551361 1.960171 195.012222
v -112.264885 2.548760 194.931595
v -112.202126 -0.801793 194.824966
v -248.767807 28.401304 222.328751
v -250.039886 29.390944 223.769547
v -227.728729 90.225021 199.022324
v -112.202126 -0.801793 194.824966
v -145.414978 -1.375058 193.321091
v -145.551361 1.960171 195.012222
v -221.152496 107.618248 189.390945
v -220.869797 108.353035 191.431351
v -227.728729 90.225021 199.022324
v -213.305969 -2.543653 189.882462
v -217.983139 -2.637723 191.177750
v -218.051147 0.711740 191.397385
v -227.728729 90.225021 199.022324
v -227.952515 89.447670 196.931412
v -221.152496 107.618248 189.390945
v -218.051147 0.711740 191.397385
v -213.399277 0.800546 190.646255
v -213.305969 -2.543653 189.882462
v -219.768845 107.458565 190.246170
v -221.152496 107.618248 189.390945
v -227.952515 89.447670 196.931412
v -178.672729 -1.964681 193.575546
v -213.305969 -2.543653 189.882462
v -213.399277 0.800546 190.646255
v -227.952515 89.447670 196.931412
v -226.562943 89.277870 197.767319
v -219.768845 107.458565 190.246170
v -213.399277 0.800546 190.646255
v -178.766434 1.379432 194.348282
v -178.672729 -1.964681 193.575546
v -220.869797 108.353035 191.431351
v -219.768845 107.458565 190.246170
v -226.562943 89.277870 197.767319
v -145.269073 18.580351 192.597702
v -111.830994 19.152922 194.629532
v -112.264885 2.548760 194.931595
v -226.562943 89.277870 197.767319
v -227.728729 90.225021 199.022324
v -220.869797 108.353035 191.431351
v -112.264885 2.548760 194.931595
v -145.551361 1.960171 195.012222
v -145.269073 18.580351 192.597702
v -270.872681 15.333717 47.715302
v -269.139740 10.476929 48.798538
v -269.258270 10.452250 51.350037
v -213.399277 0.800546 190.646255
v -218.051147 0.711740 191.397385
v -218.352936 17.297241 191.734238
v -269.258270 10.452250 51.350037
v -271.088531 15.288777 52.361496
v -270.872681 15.333717 47.715302
v -218.352936 17.297241 191.734238
v -212.997314 17.399313 190.889084
v -213.399277 0.800546 190.646255
v -262.727173 -1.226286 49.423538
v -261.083313 -5.537880 50.296524
v -262.804871 -1.242468 51.096405
v -178.766434 1.379432 194.348282
v -213.399277 0.800546 190.646255
v -212.997314 17.399313 190.889084
v -264.128937 -2.038675 51.027206
v -261.083313 -5.537880 50.296524
v -264.051208 -2.022494 49.354340
v -212.997314 17.399313 190.889084
v -178.703369 18.005068 190.880051
v -178.766434 1.379432 194.348282
v -274.765930 13.077436 52.169266
v -271.277710 9.237875 51.244476
v -271.159180 9.262554 48.692978
v -214.710556 104.435524 192.159622
v -219.907883 104.337311 192.884781
v -220.151642 107.542259 193.623154
v -271.159180 9.262554 48.692978
v -274.550049 13.122377 47.523071
v -274.765930 13.077436 52.169266
v -220.151642 107.542259 193.623154
v -215.667374 107.405861 193.301834
v -214.710556 104.435524 192.159622
v -264.051208 -2.022494 49.354340
v -261.083313 -5.537880 50.296524
v -262.727173 -1.226286 49.423538
v -180.096863 105.030777 193.974838
v -214.710556 104.435524 192.159622
v -215.667374 107.405861 193.301834
v -274.550049 13.122377 47.523071
v -271.159180 9.262554 48.692978
v -269.139740 10.476929 48.798538
v -215.667374 107.405861 193.301834
v -180.130554 108.018822 194.958633
v -180.096863 105.030777 193.974838
v -269.139740 10.476929 48.798538
v -270.872681 15.333717 47.715302
v -274.550049 13.122377 47.523071
v -146.167267 108.604645 196.542099
v -115.520035 109.133255 197.970932
v -113.439621 106.181816 196.935440
v -262.804871 -1.242468 51.096405
v -261.083313 -5.537880 50.296524
v -264.128937 -2.038675 51.027206
v -113.439621 106.181816 196.935440
v -146.260010 105.614525 195.539658
v -146.167267 108.604645 196.542099
v -271.088531 15.288777 52.361496
v -269.258270 10.452250 51.350037
v -271.277710 9.237875 51.244476
v -214.203339 86.281960 191.273148
v -219.578278 86.175865 192.533981
v -219.907883 104.337311 192.884781
v -271.277710 9.237875 51.244476
v -274.765930 13.077436 52.169266
v -271.088531 15.288777 52.361496
v -219.907883 104.337311 192.884781
v -214.710556 104.435524 192.159622
v -214.203339 86.281960 191.273148
v -262.804871 -1.242468 51.096405
v -269.258270 10.452250 51.350037
v -269.139740 10.476929 48.798538
v -216.099533 18.220478 91.933289
v -212.490356 18.596609 52.914429
v -214.130676 87.486214 53.508667
v -269.139740 10.476929 48.798538
v -262.727173 -1.226286 49.423538
v -262.804871 -1.242468 51.096405
v -214.130676 87.486214 53.508667
v -215.861557 87.121727 93.095200
v -216.099533 18.220478 91.933289
v -274.765930 13.077436 52.169266
v -274.550049 13.122377 47.523071
v -270.872681 15.333717 47.715302
v -218.759598 19.662533 148.453995
v -216.099533 18.220478 91.933289
v -215.861557 87.121727 93.095200
v -270.872681 15.333717 47.715302
v -271.088531 15.288777 52.361496
v -274.765930 13.077436 52.169266
v -215.861557 87.121727 93.095200
v -217.775940 86.588394 149.525360
v -218.759598 19.662533 148.453995
v -271.277710 9.237875 51.244476
v -264.128937 -2.038675 51.027206
v -264.051208 -2.022494 49.354340
v -221.676117 86.583160 182.162369
v -222.027542 86.156281 189.857803
v -220.620865 17.279110 189.256912
v -264.051208 -2.022494 49.354340
v -271.159180 9.262554 48.692978
v -271.277710 9.237875 51.244476
v -220.620865 17.279110 189.256912
v -217.983612 17.380779 183.033127
v -221.676117 86.583160 182.162369
v -271.159180 9.262554 48.692978
v -264.051208 -2.022494 49.354340
v -262.727173 -1.226286 49.423538
v -221.111496 110.515877 187.657608
v -222.963623 107.519783 190.549240
v -222.497879 107.368248 183.919998
v -262.727173 -1.226286 49.423538
v -269.139740 10.476929 48.798538
v -271.159180 9.262554 48.692978
v -222.497879 107.368248 183.919998
v -220.668533 110.359604 181.518845
v -221.111496 110.515877 187.657608
v -269.258270 10.452250 51.350037
v -262.804871 -1.242468 51.096405
v -264.128937 -2.038675 51.027206
v -220.668533 110.359604 181.518845
v -222.497879 107.368248 183.919998
v -220.908752 107.699112 149.713379
v -264.128937 -2.038675 51.027206
v -271.277710 9.237875 51.244476
v -269.258270 10.452250 51.350037
v -220.908752 107.699112 149.713379
v -219.102188 110.685722 147.802658
v -220.668533 110.359604 181.518845
v -272.991364 8.555040 50.510803
v -272.159424 7.518576 51.785172
v -272.357880 8.001149 47.749283
v -216.443420 108.628822 53.595108
v -214.730667 111.595909 53.703354
v -216.507950 111.225861 91.960403
v -271.323303 10.619274 49.030838
v -272.991364 8.555040 50.510803
v -272.357880 8.001149 47.749283
v -216.507950 111.225861 91.960403
v -218.291733 108.243996 93.380646
v -216.443420 108.628822 53.595108
v -272.357880 8.001149 47.749283
v -270.431244 9.735876 46.782288
v -271.323303 10.619274 49.030838
v -216.498413 105.278694 93.338257
v -215.831619 105.642288 53.594635
v -216.443420 108.628822 53.595108
v -272.991364 8.555040 50.510803
v -271.323303 10.619274 49.030838
v -271.194031 10.237807 52.724640
v -216.443420 108.628822 53.595108
v -218.291733 108.243996 93.380646
v -216.498413 105.278694 93.338257
v -270.222137 9.118673 52.758972
v -272.159424 7.518576 51.785172
v -272.991364 8.555040 50.510803
v -219.351974 104.729446 149.692291
v -216.498413 105.278694 93.338257
v -218.291733 108.243996 93.380646
v -272.991364 8.555040 50.510803
v -271.194031 10.237807 52.724640
v -270.222137 9.118673 52.758972
v -218.291733 108.243996 93.380646
v -220.908752 107.699112 149.713379
v -219.351974 104.729446 149.692291
v -270.431244 9.735876 46.782288
v -272.357880 8.001149 47.749283
v -272.159424 7.518576 51.785172
v -222.497879 107.368248 183.919998
v -222.963623 107.519783 190.549240
v -222.538513 104.316277 190.009750
v -272.159424 7.518576 51.785172
v -270.222137 9.118673 52.758972
v -270.431244 9.735876 46.782288
v -222.538513 104.316277 190.009750
v -221.014267 104.397034 183.927872
v -222.497879 107.368248 183.919998
v -267.389771 14.962967 50.786285
v -271.323303 10.619274 49.030838
v -270.431244 9.735876 46.782288
v -215.861557 87.121727 93.095200
v -214.130676 87.486214 53.508667
v -215.831619 105.642288 53.594635
v -270.431244 9.735876 46.782288
v -266.605499 14.613123 48.403412
v -267.389771 14.962967 50.786285
v -215.831619 105.642288 53.594635
v -216.498413 105.278694 93.338257
v -215.861557 87.121727 93.095200
v -271.194031 10.237807 52.724640
v -271.323303 10.619274 49.030838
v -267.389771 14.962967 50.786285
v -217.775940 86.588394 149.525360
v -215.861557 87.121727 93.095200
v -216.498413 105.278694 93.338257
v -266.253937 14.294315 51.912979
v -270.222137 9.118673 52.758972
v -271.194031 10.237807 52.724640
v -216.498413 105.278694 93.338257
v -219.351974 104.729446 149.692291
v -217.775940 86.588394 149.525360
v -271.194031 10.237807 52.724640
v -267.389771 14.962967 50.786285
v -266.253937 14.294315 51.912979
v -221.014267 104.397034 183.927872
v -222.538513 104.316277 190.009750
v -222.027542 86.156281 189.857803
v -266.605499 14.613123 48.403412
v -270.431244 9.735876 46.782288
v -270.222137 9.118673 52.758972
v -222.027542 86.156281 189.857803
v -221.676117 86.583160 182.162369
v -221.014267 104.397034 183.927872
v -270.222137 9.118673 52.758972
v -266.253937 14.294315 51.912979
v -266.605499 14.613123 48.403412
v -220.536438 0.744642 182.721329
v -220.137726 0.695049 189.118942
v -219.888367 -2.652963 189.098160
v -258.725067 30.666620 51.276245
v -267.389771 14.962967 50.786285
v -266.605499 14.613123 48.403412
v -219.888367 -2.652963 189.098160
v -219.076370 -2.582203 182.724594
v -220.536438 0.744642 182.721329
v -266.605499 14.613123 48.403412
v -257.693756 30.285547 49.549423
v -258.725067 30.666620 51.276245
v -219.888840 0.393622 150.403778
v -220.536438 0.744642 182.721329
v -219.076370 -2.582203 182.724594
v -257.393799 29.954285 51.793228
v -266.253937 14.294315 51.912979
v -267.389771 14.962967 50.786285
v -219.076370 -2.582203 182.724594
v -216.567108 -2.252346 150.467834
v -219.888840 0.393622 150.403778
v -267.389771 14.962967 50.786285
v -258.725067 30.666620 51.276245
v -257.393799 29.954285 51.793228
v -215.840408 -1.718041 91.558426
v -212.676987 -1.318252 52.706604
v -215.051346 1.788538 52.626343
v -257.693756 30.285547 49.549423
v -266.605499 14.613123 48.403412
v -266.253937 14.294315 51.912979
v -215.051346 1.788538 52.626343
v -217.360947 1.607186 91.616974
v -215.840408 -1.718041 91.558426
v -266.253937 14.294315 51.912979
v -257.393799 29.954285 51.793228
v -257.693756 30.285547 49.549423
v -217.983612 17.380779 183.033127
v -220.620865 17.279110 189.256912
v -220.137726 0.695049 189.118942
v -240.373016 63.870358 52.379623
v -258.725067 30.666620 51.276245
v -257.693756 30.285547 49.549423
v -220.137726 0.695049 189.118942
v -220.536438 0.744642 182.721329
v -217.983612 17.380779 183.033127
v -257.693756 30.285547 49.549423
v -239.582855 63.491951 50.711578
v -240.373016 63.870358 52.379623
v -218.759598 19.662533 148.453995
v -217.983612 17.380779 183.033127
v -220.536438 0.744642 182.721329
v -239.153549 63.166592 53.190216
v -257.393799 29.954285 51.793228
v -258.725067 30.666620 51.276245
v -220.536438 0.744642 182.721329
v -219.888840 0.393622 150.403778
v -218.759598 19.662533 148.453995
v -258.725067 30.666620 51.276245
v -240.373016 63.870358 52.379623
v -239.153549 63.166592 53.190216
v -217.360947 1.607186 91.616974
v -215.051346 1.788538 52.626343
v -212.490356 18.596609 52.914429
v -239.582855 63.491951 50.711578
v -257.693756 30.285547 49.549423
v -257.393799 29.954285 51.793228
v -212.490356 18.596609 52.914429
v -216.099533 18.220478 91.933289
v -217.360947 1.607186 91.616974
v -257.393799 29.954285 51.793228
v -239.153549 63.166592 53.190216
v -239.582855 63.491951 50.711578
v -64.237595 56.370811 198.635880
v -73.801483 56.579254 198.020462
v -75.047165 85.305832 198.201004
v -225.452744 91.461212 53.354706
v -240.373016 63.870358 52.379623
v -239.582855 63.491951 50.711578
v -75.047165 85.305832 198.201004
v -64.719238 85.712570 198.229752
v -64.237595 56.370811 198.635880
v -239.582855 63.491951 50.711578
v -224.678589 91.094368 51.610718
v -225.452744 91.461212 53.354706
v -31.041214 86.292702 199.875809
v -19.199615 86.273323 200.758652
v -19.390503 57.577347 200.541916
v -224.269241 90.776215 54.197479
v -239.153549 63.166592 53.190216
v -240.373016 63.870358 52.379623
v -19.390503 57.577347 200.541916
v -30.518158 57.485874 199.391312
v -31.041214 86.292702 199.875809
v -240.373016 63.870358 52.379623
v -225.452744 91.461212 53.354706
v -224.269241 90.776215 54.197479
v -31.504227 113.413239 200.098465
v 2.204987 113.994667 201.670120
v 2.170456 111.163239 203.458054
v -224.678589 91.094368 51.610718
v -239.582855 63.491951 50.711578
v -239.153549 63.166592 53.190216
v 2.170456 111.163239 203.458054
v -31.538742 110.581802 201.886398
v -31.504227 113.413239 200.098465
v -239.153549 63.166592 53.190216
v -224.269241 90.776215 54.197479
v -224.678589 91.094368 51.610718
v -65.247971 110.000374 200.314743
v -98.957199 109.418945 198.743088
v -98.922676 112.250374 196.955185
v -215.227203 109.581116 53.984207
v -225.452744 91.461212 53.354706
v -224.678589 91.094368 51.610718
v -98.922676 112.250374 196.955185
v -65.213455 112.831802 198.526840
v -65.247971 110.000374 200.314743
v -224.678589 91.094368 51.610718
v -214.491058 109.235725 52.228897
v -215.227203 109.581116 53.984207
v -65.152771 107.012993 199.377579
v -98.861984 106.431564 197.805923
v -98.957199 109.418945 198.743088
v -214.111771 108.933754 54.828598
v -224.269241 90.776215 54.197479
v -225.452744 91.461212 53.354706
v -98.957199 109.418945 198.743088
v -65.247971 110.000374 200.314743
v -65.152771 107.012993 199.377579
v -225.452744 91.461212 53.354706
v -215.227203 109.581116 53.984207
v -214.111771 108.933754 54.828598
v -31.538742 110.581802 201.886398
v 2.170456 111.163239 203.458054
v 2.265686 108.175858 202.520889
v -214.491058 109.235725 52.228897
v -224.678589 91.094368 51.610718
v -224.269241 90.776215 54.197479
v 2.265686 108.175858 202.520889
v -31.443542 107.594429 200.949234
v -31.538742 110.581802 201.886398
v -224.269241 90.776215 54.197479
v -214.111771 108.933754 54.828598
v -214.491058 109.235725 52.228897
v -77.209473 87.254745 198.021286
v -98.493820 88.278145 196.625534
v -98.861984 106.431564 197.805923
v 179.311539 24.672159 -109.044334
v 177.476486 19.757574 -108.549980
v 175.598343 19.739714 -110.281158
v -31.443542 107.594429 200.949234
v 2.265686 108.175858 202.520889
v -16.664597 88.314674 200.875961
v 175.598343 19.739714 -110.281158
v 175.891464 24.639677 -112.196777
v 179.311539 24.672159 -109.044334
v -16.664597 88.314674 200.875961
v -31.059357 88.304947 199.794235
v -31.443542 107.594429 200.949234
v 173.139084 7.833014 -104.370361
v 171.510208 3.466250 -103.793777
v 171.907700 7.821313 -105.505402
v -29.654617 3.954731 200.921738
v 4.098190 4.545240 201.554947
v 4.242966 1.211760 199.682877
v 172.828842 7.072938 -106.497017
v 171.510208 3.466250 -103.793777
v 174.060226 7.084639 -105.361961
v 4.242966 1.211760 199.682877
v -29.522263 0.618663 199.317276
v -29.654617 3.954731 200.921738
v 178.449783 22.561129 -114.950851
v 177.003220 18.598270 -111.793564
v 178.881393 18.616133 -110.062370
v -63.231491 0.037231 197.745651
v -96.940727 -0.544201 196.173996
v -97.048210 2.797042 197.243301
v 178.881393 18.616133 -110.062370
v 181.869858 22.593626 -111.798401
v 178.449783 22.561129 -114.950851
v -97.048210 2.797042 197.243301
v -63.351410 3.375886 199.082535
v -63.231491 0.037231 197.745651
v 174.060226 7.084639 -105.361961
v 171.510208 3.466250 -103.793777
v 173.139084 7.833014 -104.370361
v -29.752960 20.582598 196.879562
v 3.865173 21.145065 200.411636
v 4.098190 4.545240 201.554947
v 181.869858 22.593626 -111.798401
v 178.881393 18.616133 -110.062370
v 177.476486 19.757574 -108.549980
v 4.098190 4.545240 201.554947
v -29.654617 3.954731 200.921738
v -29.752960 20.582598 196.879562
v 177.476486 19.757574 -108.549980
v 179.311539 24.672159 -109.044334
v 181.869858 22.593626 -111.798401
v -63.351410 3.375886 199.082535
v -97.048210 2.797042 197.243301
v -97.262497 19.400770 195.696671
v 171.907700 7.821313 -105.505402
v 171.510208 3.466250 -103.793777
v 172.828842 7.072938 -106.497017
v -97.262497 19.400770 195.696671
v -63.481674 20.205257 196.207413
v -63.351410 3.375886 199.082535
v 175.891464 24.639677 -112.196777
v 175.598343 19.739714 -110.281158
v 177.003220 18.598270 -111.793564
v 194.936996 102.172798 100.606506
v 194.878372 105.470993 100.636475
v 194.323044 104.462410 99.595901
v 177.003220 18.598270 -111.793564
v 178.449783 22.561129 -114.950851
v 175.891464 24.639677 -112.196777
v 194.323044 104.462410 99.595901
v 194.378128 101.365715 99.568497
v 194.936996 102.172798 100.606506
v 171.907700 7.821313 -105.505402
v 175.598343 19.739714 -110.281158
v 177.476486 19.757574 -108.549980
v 195.115067 92.105370 100.516647
v 194.936996 102.172798 100.606506
v 194.378128 101.365715 99.568497
v 177.476486 19.757574 -108.549980
v 173.139084 7.833014 -104.370361
v 171.907700 7.821313 -105.505402
v 194.378128 101.365715 99.568497
v 194.552780 91.499817 99.481186
v 195.115067 92.105370 100.516647
v 178.449783 22.561129 -114.950851
v 181.869858 22.593626 -111.798401
v 179.311539 24.672159 -109.044334
v 196.050430 6.746096 98.730988
v 196.072983 5.493433 98.719910
v 196.645676 5.494450 99.747665
v 179.311539 24.672159 -109.044334
v 175.891464 24.639677 -112.196777
v 178.449783 22.561129 -114.950851
v 196.645676 5.494450 99.747665
v 196.619675 6.948623 99.761307
v 196.050430 6.746096 98.730988
v 177.003220 18.598270 -111.793564
v 172.828842 7.072938 -106.497017
v 174.060226 7.084639 -105.361961
v 195.808365 20.428726 98.852081
v 196.050430 6.746096 98.730988
v 196.619675 6.948623 99.761307
v 174.060226 7.084639 -105.361961
v 178.881393 18.616133 -110.062370
v 177.003220 18.598270 -111.793564
v 196.619675 6.948623 99.761307
v 196.374161 20.832769 99.884964
v 195.808365 20.428726 98.852081
v 178.881393 18.616133 -110.062370
v 174.060226 7.084639 -105.361961
v 173.139084 7.833014 -104.370361
v 137.222336 7.322313 100.861984
v 194.481186 6.885545 102.708282
v 194.506882 5.430583 102.695404
v 173.139084 7.833014 -104.370361
v 177.476486 19.757574 -108.549980
v 178.881393 18.616133 -110.062370
v 194.506882 5.430583 102.695404
v 137.310806 4.444039 100.028732
v 137.222336 7.322313 100.861984
v 175.598343 19.739714 -110.281158
v 171.907700 7.821313 -105.505402
v 172.828842 7.072938 -106.497017
v 137.222336 7.322313 100.861984
v 137.085892 19.793516 99.174255
v 194.235947 20.770481 102.831192
v 172.828842 7.072938 -106.497017
v 177.003220 18.598270 -111.793564
v 175.598343 19.739714 -110.281158
v 194.235947 20.770481 102.831192
v 194.481186 6.885545 102.708282
v 137.222336 7.322313 100.861984
v 179.672714 18.126419 -111.894547
v 177.193527 16.912170 -112.864380
v 178.870071 16.647007 -111.008476
v 192.799362 102.112076 103.551239
v 135.628128 101.130707 100.349976
v 131.612686 104.356705 100.730438
v 175.167618 18.442913 -111.962036
v 177.193527 16.912170 -112.864380
v 179.672714 18.126419 -111.894547
v 131.612686 104.356705 100.730438
v 192.741104 105.411072 103.580444
v 192.799362 102.112076 103.551239
v 179.672714 18.126419 -111.894547
v 178.697800 19.978172 -110.367104
v 175.167618 18.442913 -111.962036
v 192.977188 92.043869 103.462112
v 135.856400 91.072998 99.174988
v 135.628128 101.130707 100.349976
v 177.685440 18.112335 -109.249580
v 178.870071 16.647007 -111.008476
v 177.193527 16.912170 -112.864380
v 135.628128 101.130707 100.349976
v 192.799362 102.112076 103.551239
v 192.977188 92.043869 103.462112
v 177.193527 16.912170 -112.864380
v 175.167618 18.442913 -111.962036
v 177.685440 18.112335 -109.249580
v 196.619675 6.948623 99.761307
v 196.645676 5.494450 99.747665
v 194.506882 5.430583 102.695404
v 178.870071 16.647007 -111.008476
v 177.685440 18.112335 -109.249580
v 178.697800 19.978172 -110.367104
v 194.506882 5.430583 102.695404
v 194.481186 6.885545 102.708282
v 196.619675 6.948623 99.761307
v 178.697800 19.978172 -110.367104
v 179.672714 18.126419 -111.894547
v 178.870071 16.647007 -111.008476
v 196.374161 20.832769 99.884964
v 196.619675 6.948623 99.761307
v 194.481186 6.885545 102.708282
v 173.152084 23.472378 -108.234901
v 175.167618 18.442913 -111.962036
v 178.697800 19.978172 -110.367104
v 194.481186 6.885545 102.708282
v 194.235947 20.770481 102.831192
v 196.374161 20.832769 99.884964
v 178.697800 19.978172 -110.367104
v 175.628433 24.281353 -107.745117
v 173.152084 23.472378 -108.234901
v 192.799362 102.112076 103.551239
v 192.741104 105.411072 103.580444
v 194.878372 105.470993 100.636475
v 174.240005 23.297308 -106.808815
v 177.685440 18.112335 -109.249580
v 175.167618 18.442913 -111.962036
v 194.878372 105.470993 100.636475
v 194.936996 102.172798 100.606506
v 192.799362 102.112076 103.551239
v 175.167618 18.442913 -111.962036
v 173.152084 23.472378 -108.234901
v 174.240005 23.297308 -106.808815
v 192.977188 92.043869 103.462112
v 192.799362 102.112076 103.551239
v 194.936996 102.172798 100.606506
v 177.685440 18.112335 -109.249580
v 174.240005 23.297308 -106.808815
v 175.628433 24.281353 -107.745117
v 194.936996 102.172798 100.606506
v 195.115067 92.105370 100.516647
v 192.977188 92.043869 103.462112
v 175.628433 24.281353 -107.745117
v 178.697800 19.978172 -110.367104
v 177.685440 18.112335 -109.249580
v 130.301041 110.994026 97.906204
v 131.555893 114.543594 98.180206
v 132.866653 115.035065 69.884827
v 167.205185 38.805187 -100.934807
v 173.152084 23.472378 -108.234901
v 175.628433 24.281353 -107.745117
v 132.866653 115.035065 69.884827
v 132.285568 111.940620 69.827896
v 130.301041 110.994026 97.906204
v 175.628433 24.281353 -107.745117
v 169.171249 39.671623 -101.228462
v 167.205185 38.805187 -100.934807
v 130.301041 110.994026 97.906204
v 131.708450 106.962929 97.712357
v 129.234634 111.136803 139.201385
v 167.864670 38.611671 -99.870934
v 174.240005 23.297308 -106.808815
v 173.152084 23.472378 -108.234901
v 135.662582 7.533753 138.109802
v 133.306961 7.157587 100.350327
v 133.378464 4.376212 99.845398
v 173.152084 23.472378 -108.234901
v 167.205185 38.805187 -100.934807
v 167.864670 38.611671 -99.870934
v 133.378464 4.376212 99.845398
v 132.538376 4.025386 137.801376
v 135.662582 7.533753 138.109802
v 174.240005 23.297308 -106.808815
v 167.864670 38.611671 -99.870934
v 169.171249 39.671623 -101.228462
v 135.662582 7.533753 138.109802
v 130.468338 23.332401 138.150696
v 133.107529 19.716110 99.981186
v 169.171249 39.671623 -101.228462
v 175.628433 24.281353 -107.745117
v 174.240005 23.297308 -106.808815
v 133.107529 19.716110 99.981186
v 133.306961 7.157587 100.350327
v 135.662582 7.533753 138.109802
v 142.736435 98.405289 -75.411652
v 167.205185 38.805187 -100.934807
v 169.171249 39.671623 -101.228462
v 126.233932 110.550407 199.458237
v 126.842728 113.398376 199.693832
v 127.883286 113.615028 177.295151
v 169.171249 39.671623 -101.228462
v 144.818588 99.233307 -75.337296
v 142.736435 98.405289 -75.411652
v 127.883286 113.615028 177.295151
v 126.693893 110.756821 177.057663
v 126.233932 110.550407 199.458237
v 143.687332 98.223511 -74.099632
v 167.864670 38.611671 -99.870934
v 167.205185 38.805187 -100.934807
v 125.660904 92.010773 199.072433
v 126.233932 110.550407 199.458237
v 126.693893 110.756821 177.057663
v 167.205185 38.805187 -100.934807
v 142.736435 98.405289 -75.411652
v 143.687332 98.223511 -74.099632
v 126.693893 110.756821 177.057663
v 125.323502 92.203217 176.659958
v 125.660904 92.010773 199.072433
v 167.864670 38.611671 -99.870934
v 143.687332 98.223511 -74.099632
v 144.818588 99.233307 -75.337296
v 133.829910 7.166656 175.923447
v 131.770615 3.676881 175.639450
v 129.055801 3.417571 199.516647
v 144.818588 99.233307 -75.337296
v 169.171249 39.671623 -101.228462
v 167.864670 38.611671 -99.870934
v 129.055801 3.417571 199.516647
v 130.050186 6.888755 199.776291
v 133.829910 7.166656 175.923447
v 135.325485 116.188370 -67.530716
v 142.736435 98.405289 -75.411652
v 144.818588 99.233307 -75.337296
v 130.398697 22.995491 176.071701
v 133.829910 7.166656 175.923447
v 130.050186 6.888755 199.776291
v 144.818588 99.233307 -75.337296
v 137.363144 116.971024 -67.394753
v 135.325485 116.188370 -67.530716
v 130.050186 6.888755 199.776291
v 127.256485 22.728363 199.979446
v 130.398697 22.995491 176.071701
v 136.294846 116.017395 -66.225937
v 143.687332 98.223511 -74.099632
v 142.736435 98.405289 -75.411652
v 130.468338 23.332401 138.150696
v 127.486679 92.576462 138.811295
v 131.848770 90.989502 100.612106
v 142.736435 98.405289 -75.411652
v 135.325485 116.188370 -67.530716
v 136.294846 116.017395 -66.225937
v 131.848770 90.989502 100.612106
v 133.107529 19.716110 99.981186
v 130.468338 23.332401 138.150696
v 136.294846 116.017395 -66.225937
v 137.363144 116.971024 -67.394753
v 144.818588 99.233307 -75.337296
v 123.663528 110.513138 208.905685
v 123.558640 113.247910 210.142838
v 126.487686 113.324448 207.336563
v 144.818588 99.233307 -75.337296
v 143.687332 98.223511 -74.099632
v 136.294846 116.017395 -66.225937
v 126.487686 113.324448 207.336563
v 126.547318 110.488235 207.106918
v 123.663528 110.513138 208.905685
v 29.195572 22.223318 -131.908661
v 28.155640 17.312958 -130.304947
v 25.604446 17.268953 -130.423889
v 123.996201 92.177467 208.553360
v 123.663528 110.513138 208.905685
v 126.547318 110.488235 207.106918
v 25.604446 17.268953 -130.423889
v 24.549881 22.143187 -132.125244
v 29.195572 22.223318 -131.908661
v 126.547318 110.488235 207.106918
v 126.883987 91.964516 206.738297
v 123.996201 92.177467 208.553360
v 27.635712 5.438847 -124.204819
v 26.801224 1.077666 -122.675735
v 25.963013 5.409995 -124.282806
v 125.528610 6.411953 207.414108
v 125.221268 23.313866 207.753738
v 128.116989 22.690969 205.920517
v 26.038818 4.649801 -125.627495
v 26.801224 1.077666 -122.675735
v 27.711517 4.678638 -125.549492
v 128.116989 22.690969 205.920517
v 128.407028 6.808401 205.575302
v 125.528610 6.411953 207.414108
v 24.760422 20.031872 -135.859970
v 25.720078 16.109507 -132.474854
v 28.271271 16.153496 -132.355896
v 125.221268 23.313866 207.753738
v 123.996201 92.177467 208.553360
v 126.883987 91.964516 206.738297
v 28.271271 16.153496 -132.355896
v 29.406113 20.112001 -135.643372
v 24.760422 20.031872 -135.859970
v 126.883987 91.964516 206.738297
v 128.116989 22.690969 205.920517
v 125.221268 23.313866 207.753738
v 27.711517 4.678638 -125.549492
v 26.801224 1.077666 -122.675735
v 27.635712 5.438847 -124.204819
v 137.085892 19.793516 99.174255
v 133.107529 19.716110 99.981186
v 131.848770 90.989502 100.612106
v 29.406113 20.112001 -135.643372
v 28.271271 16.153496 -132.355896
v 28.155640 17.312958 -130.304947
v 131.848770 90.989502 100.612106
v 135.856400 91.072998 99.174988
v 137.085892 19.793516 99.174255
v 28.155640 17.312958 -130.304947
v 29.195572 22.223318 -131.908661
v 29.406113 20.112001 -135.643372
v 133.378464 4.376212 99.845398
v 133.306961 7.157587 100.350327
v 137.222336 7.322313 100.861984
v 25.963013 5.409995 -124.282806
v 26.801224 1.077666 -122.675735
v 26.038818 4.649801 -125.627495
v 137.222336 7.322313 100.861984
v 137.310806 4.444039 100.028732
v 133.378464 4.376212 99.845398
v 24.549881 22.143187 -132.125244
v 25.604446 17.268953 -130.423889
v 25.720078 16.109507 -132.474854
v 133.306961 7.157587 100.350327
v 133.107529 19.716110 99.981186
v 137.085892 19.793516 99.174255
v 25.720078 16.109507 -132.474854
v 24.760422 20.031872 -135.859970
v 24.549881 22.143187 -132.125244
v 137.085892 19.793516 99.174255
v 137.222336 7.322313 100.861984
v 133.306961 7.157587 100.350327
v 25.963013 5.409995 -124.282806
v 25.604446 17.268953 -130.423889
v 28.155640 17.312958 -130.304947
v 135.628128 101.130707 100.349976
v 131.670944 101.057709 100.701233
v 131.612686 104.356705 100.730438
v 28.155640 17.312958 -130.304947
v 27.635712 5.438847 -124.204819
v 25.963013 5.409995 -124.282806
v 135.856400 91.072998 99.174988
v 131.848770 90.989502 100.612106
v 131.670944 101.057709 100.701233
v 24.760422 20.031872 -135.859970
v 29.406113 20.112001 -135.643372
v 29.195572 22.223318 -131.908661
v 131.670944 101.057709 100.701233
v 135.628128 101.130707 100.349976
v 135.856400 91.072998 99.174988
v 29.195572 22.223318 -131.908661
v 24.549881 22.143187 -132.125244
v 24.760422 20.031872 -135.859970
v 131.708450 106.962929 97.712357
v 131.612686 104.356705 100.730438
v 129.234634 111.136803 139.201385
v 25.720078 16.109507 -132.474854
v 26.038818 4.649801 -125.627495
v 27.711517 4.678638 -125.549492
v 132.285568 111.940620 69.827896
v 133.004440 107.232758 69.815750
v 131.708450 106.962929 97.712357
v 27.711517 4.678638 -125.549492
v 28.271271 16.153496 -132.355896
v 25.720078 16.109507 -132.474854
v 125.350296 116.523895 175.509811
v 127.081436 116.884331 138.245926
v 129.644821 113.981796 139.377319
v 28.271271 16.153496 -132.355896
v 27.711517 4.678638 -125.549492
v 27.635712 5.438847 -124.204819
v 129.644821 113.981796 139.377319
v 127.883286 113.615028 177.295151
v 125.350296 116.523895 175.509811
v 27.635712 5.438847 -124.204819
v 28.155640 17.312958 -130.304947
v 28.271271 16.153496 -132.355896
v 126.842728 113.398376 199.693832
v 126.487686 113.324448 207.336563
v 124.015427 116.245964 204.243362
v 25.604446 17.268953 -130.423889
v 25.963013 5.409995 -124.282806
v 26.038818 4.649801 -125.627495
v 124.015427 116.245964 204.243362
v 124.340103 116.313560 197.254562
v 126.842728 113.398376 199.693832
v 26.038818 4.649801 -125.627495
v 25.720078 16.109507 -132.474854
v 25.604446 17.268953 -130.423889
v 131.555893 114.543594 98.180206
v 129.644821 113.981796 139.377319
v 127.081436 116.884331 138.245926
v 27.704941 15.640503 -134.263489
v 25.194260 14.409485 -133.401779
v 27.673935 14.171866 -133.055130
v 127.081436 116.884331 138.245926
v 129.409988 117.449867 97.458939
v 131.555893 114.543594 98.180206
v 24.207001 15.949026 -131.422668
v 25.194260 14.409485 -133.401779
v 27.704941 15.640503 -134.263489
v 127.256485 22.728363 199.979446
v 128.116989 22.690969 205.920517
v 126.883987 91.964516 206.738297
v 27.704941 15.640503 -134.263489
v 27.921417 17.511066 -132.483963
v 24.207001 15.949026 -131.422668
v 126.883987 91.964516 206.738297
v 125.660904 92.010773 199.072433
v 127.256485 22.728363 199.979446
v 27.882324 15.658804 -130.959915
v 27.673935 14.171866 -133.055130
v 25.194260 14.409485 -133.401779
v 125.323502 92.203217 176.659958
v 127.486679 92.576462 138.811295
v 130.468338 23.332401 138.150696
v 25.194260 14.409485 -133.401779
v 24.207001 15.949026 -131.422668
v 27.882324 15.658804 -130.959915
v 130.468338 23.332401 138.150696
v 130.398697 22.995491 176.071701
v 125.323502 92.203217 176.659958
v 27.673935 14.171866 -133.055130
v 27.882324 15.658804 -130.959915
v 27.921417 17.511066 -132.483963
v 129.234634 111.136803 139.201385
v 129.644821 113.981796 139.377319
v 131.555893 114.543594 98.180206
v 27.921417 17.511066 -132.483963
v 27.704941 15.640503 -134.263489
v 27.673935 14.171866 -133.055130
v 131.555893 114.543594 98.180206
v 130.301041 110.994026 97.906204
v 129.234634 111.136803 139.201385
v 25.008652 21.024927 -127.318764
v 24.207001 15.949026 -131.422668
v 27.921417 17.511066 -132.483963
v 131.612686 104.356705 100.730438
v 131.670944 101.057709 100.701233
v 129.234634 111.136803 139.201385
v 27.921417 17.511066 -132.483963
v 27.212616 21.844261 -128.542618
v 25.008652 21.024927 -127.318764
v 126.547318 110.488235 207.106918
v 126.487686 113.324448 207.336563
v 126.842728 113.398376 199.693832
v 26.760330 20.870693 -126.923920
v 27.882324 15.658804 -130.959915
v 24.207001 15.949026 -131.422668
v 126.842728 113.398376 199.693832
v 126.233932 110.550407 199.458237
v 126.547318 110.488235 207.106918
v 24.207001 15.949026 -131.422668
v 25.008652 21.024927 -127.318764
v 26.760330 20.870693 -126.923920
v 129.644821 113.981796 139.377319
v 129.234634 111.136803 139.201385
v 126.693893 110.756821 177.057663
v 27.882324 15.658804 -130.959915
v 26.760330 20.870693 -126.923920
v 27.212616 21.844261 -128.542618
v 126.693893 110.756821 177.057663
v 127.883286 113.615028 177.295151
v 129.644821 113.981796 139.377319
v 27.212616 21.844261 -128.542618
v 27.921417 17.511066 -132.483963
v 27.882324 15.658804 -130.959915
v 126.883987 91.964516 206.738297
v 126.547318 110.488235 207.106918
v 126.233932 110.550407 199.458237
v 24.993301 36.445007 -118.046669
v 25.008652 21.024927 -127.318764
v 27.212616 21.844261 -128.542618
v 126.233932 110.550407 199.458237
v 125.660904 92.010773 199.072433
v 126.883987 91.964516 206.738297
v 27.212616 21.844261 -128.542618
v 26.302322 37.310501 -119.543259
v 24.993301 36.445007 -118.046669
v 129.234634 111.136803 139.201385
v 127.486679 92.576462 138.811295
v 125.323502 92.203217 176.659958
v 26.184082 36.266827 -117.653732
v 26.760330 20.870693 -126.923920
v 25.008652 21.024927 -127.318764
v 125.323502 92.203217 176.659958
v 126.693893 110.756821 177.057663
v 129.234634 111.136803 139.201385
v 25.008652 21.024927 -127.318764
v 24.993301 36.445007 -118.046669
v 26.184082 36.266827 -117.653732
v 133.829910 7.166656 175.923447
v 135.662582 7.533753 138.109802
v 132.538376 4.025386 137.801376
v 26.760330 20.870693 -126.923920
v 26.184082 36.266827 -117.653732
v 26.302322 37.310501 -119.543259
v 132.538376 4.025386 137.801376
v 131.770615 3.676881 175.639450
v 133.829910 7.166656 175.923447
v 26.302322 37.310501 -119.543259
v 27.212616 21.844261 -128.542618
v 26.760330 20.870693 -126.923920
v 128.477554 3.355807 205.340195
v 128.407028 6.808401 205.575302
v 130.050186 6.888755 199.776291
v 22.063995 96.344078 -83.321373
v 24.993301 36.445007 -118.046669
v 26.302322 37.310501 -119.543259
v 130.050186 6.888755 199.776291
v 129.055801 3.417571 199.516647
v 128.477554 3.355807 205.340195
v 26.302322 37.310501 -119.543259
v 23.698761 97.176270 -84.610275
v 22.063995 96.344078 -83.321373
v 130.468338 23.332401 138.150696
v 135.662582 7.533753 138.109802
v 133.829910 7.166656 175.923447
v 23.637390 96.181419 -82.925758
v 26.184082 36.266827 -117.653732
v 24.993301 36.445007 -118.046669
v 133.829910 7.166656 175.923447
v 130.398697 22.995491 176.071701
v 130.468338 23.332401 138.150696
v 24.993301 36.445007 -118.046669
v 22.063995 96.344078 -83.321373
v 23.637390 96.181419 -82.925758
v 128.407028 6.808401 205.575302
v 128.116989 22.690969 205.920517
v 127.256485 22.728363 199.979446
v 26.184082 36.266827 -117.653732
v 23.637390 96.181419 -82.925758
v 23.698761 97.176270 -84.610275
v 127.256485 22.728363 199.979446
v 130.050186 6.888755 199.776291
v 128.407028 6.808401 205.575302
v 23.698761 97.176270 -84.610275
v 26.302322 37.310501 -119.543259
v 26.184082 36.266827 -117.653732
v 112.276871 115.884163 207.827103
v 113.598953 113.073647 209.958054
v 86.354080 112.603714 208.687759
v 21.276199 114.219749 -72.686111
v 22.063995 96.344078 -83.321373
v 23.698761 97.176270 -84.610275
v 86.354080 112.603714 208.687759
v 85.260269 115.418167 206.567520
v 112.276871 115.884163 207.827103
v 23.698761 97.176270 -84.610275
v 22.916962 115.007332 -73.898819
v 21.276199 114.219749 -72.686111
v 17.036469 111.408104 205.455887
v 16.399155 114.230423 203.356979
v 51.801498 114.841057 205.007553
v 22.859009 114.067825 -72.307983
v 23.637390 96.181419 -82.925758
v 22.063995 96.344078 -83.321373
v 51.801498 114.841057 205.007553
v 52.667038 112.022675 207.117172
v 17.036469 111.408104 205.455887
v 22.063995 96.344078 -83.321373
v 21.276199 114.219749 -72.686111
v 22.859009 114.067825 -72.307983
v 52.840286 109.172852 204.904526
v 18.170685 108.574921 203.281052
v 17.036469 111.408104 205.455887
v 22.859009 114.067825 -72.307983
v 22.916962 115.007332 -73.898819
v 23.698761 97.176270 -84.610275
v 17.036469 111.408104 205.455887
v 52.667038 112.022675 207.117172
v 52.840286 109.172852 204.904526
v 23.698761 97.176270 -84.610275
v 23.637390 96.181419 -82.925758
v 22.859009 114.067825 -72.307983
v 86.354080 112.603714 208.687759
v 113.598953 113.073647 209.958054
v 113.810074 110.224365 207.761307
v -84.839317 20.256393 -137.225372
v -85.879227 15.346033 -135.621658
v -88.430443 15.302029 -135.740601
v 113.810074 110.224365 207.761307
v 86.538071 109.754028 206.482742
v 86.354080 112.603714 208.687759
v -88.430443 15.302029 -135.740601
v -89.485001 20.176262 -137.441956
v -84.839317 20.256393 -137.225372
v 87.939163 5.749961 207.201675
v 109.529922 6.121867 208.264847
v 109.677811 3.015795 206.242477
v -86.399185 3.471922 -129.521515
v -87.233665 -0.889242 -127.992455
v -88.071869 3.443070 -129.599503
v 109.677811 3.015795 206.242477
v 88.087692 2.644025 205.165207
v 87.939163 5.749961 207.201675
v -87.996063 2.682877 -130.944183
v -87.233665 -0.889242 -127.992455
v -86.323364 2.711713 -130.866211
v 51.567673 2.014737 203.391922
v 22.549911 1.521975 201.163589
v 22.400101 4.627640 203.228226
v -89.274483 18.064945 -141.176697
v -88.314819 14.142582 -137.791565
v -85.763618 14.186571 -137.672607
v 22.400101 4.627640 203.228226
v 51.404434 5.117609 205.745163
v 51.567673 2.014737 203.391922
v -85.763618 14.186571 -137.672607
v -84.628784 18.145077 -140.960083
v -89.274483 18.064945 -141.176697
v 88.011978 22.648355 203.585648
v 109.455460 23.009336 205.588943
v 109.529922 6.121867 208.264847
v -86.323364 2.711713 -130.866211
v -87.233665 -0.889242 -127.992455
v -86.399185 3.471922 -129.521515
v 109.529922 6.121867 208.264847
v 87.939163 5.749961 207.201675
v 88.011978 22.648355 203.585648
v -84.628784 18.145077 -140.960083
v -85.763618 14.186571 -137.672607
v -85.879227 15.346033 -135.621658
v 51.404434 5.117609 205.745163
v 22.400101 4.627640 203.228226
v 21.468353 21.492260 201.423111
v -85.879227 15.346033 -135.621658
v -84.839317 20.256393 -137.225372
v -84.628784 18.145077 -140.960083
v 21.468353 21.492260 201.423111
v 52.896683 22.042858 201.927261
v 51.404434 5.117609 205.745163
v -88.071869 3.443070 -129.599503
v -87.233665 -0.889242 -127.992455
v -87.996063 2.682877 -130.944183
v -16.664597 88.314674 200.875961
v 2.633835 90.022438 201.340500
v 3.865173 21.145065 200.411636
v -89.485001 20.176262 -137.441956
v -88.430443 15.302029 -135.740601
v -88.314819 14.142582 -137.791565
v 3.865173 21.145065 200.411636
v -16.858047 55.379433 200.610641
v -16.664597 88.314674 200.875961
v -88.314819 14.142582 -137.791565
v -89.274483 18.064945 -141.176697
v -89.485001 20.176262 -137.441956
v -75.809845 54.373783 197.852798
v -97.262497 19.400770 195.696671
v -98.493820 88.278145 196.625534
v -88.071869 3.443070 -129.599503
v -88.430443 15.302029 -135.740601
v -85.879227 15.346033 -135.621658
v -98.493820 88.278145 196.625534
v -77.209473 87.254745 198.021286
v -75.809845 54.373783 197.852798
v -85.879227 15.346033 -135.621658
v -86.399185 3.471922 -129.521515
v -88.071869 3.443070 -129.599503
v -64.203857 54.150848 198.544174
v -63.481674 20.205257 196.207413
v -97.262497 19.400770 195.696671
v -89.274483 18.064945 -141.176697
v -84.628784 18.145077 -140.960083
v -84.839317 20.256393 -137.225372
v -97.262497 19.400770 195.696671
v -75.809845 54.373783 197.852798
v -64.203857 54.150848 198.544174
v -84.839317 20.256393 -137.225372
v -89.485001 20.176262 -137.441956
v -89.274483 18.064945 -141.176697
v -30.465820 55.266598 199.287521
v -29.752960 20.582598 196.879562
v -63.481674 20.205257 196.207413
v -88.314819 14.142582 -137.791565
v -87.996063 2.682877 -130.944183
v -86.323364 2.711713 -130.866211
v -63.481674 20.205257 196.207413
v -64.203857 54.150848 198.544174
v -30.465820 55.266598 199.287521
v -86.323364 2.711713 -130.866211
v -85.763618 14.186571 -137.672607
v -88.314819 14.142582 -137.791565
v -16.858047 55.379433 200.610641
v 3.865173 21.145065 200.411636
v -29.752960 20.582598 196.879562
v -85.763618 14.186571 -137.672607
v -86.323364 2.711713 -130.866211
v -86.399185 3.471922 -129.521515
v -29.752960 20.582598 196.879562
v -30.465820 55.266598 199.287521
v -16.858047 55.379433 200.610641
v -86.399185 3.471922 -129.521515
v -85.879227 15.346033 -135.621658
v -85.763618 14.186571 -137.672607
v 2.265686 108.175858 202.520889
v 2.633835 90.022438 201.340500
v -16.664597 88.314674 200.875961
v -88.430443 15.302029 -135.740601
v -88.071869 3.443070 -129.599503
v -87.996063 2.682877 -130.944183
v -64.763657 87.724327 198.134079
v -77.209473 87.254745 198.021286
v -98.861984 106.431564 197.805923
v -87.996063 2.682877 -130.944183
v -88.314819 14.142582 -137.791565
v -88.430443 15.302029 -135.740601
v -98.861984 106.431564 197.805923
v -65.152771 107.012993 199.377579
v -64.763657 87.724327 198.134079
v -86.329941 13.673578 -139.580215
v -88.821465 13.350229 -139.465302
v -86.360954 12.204942 -138.371826
v -75.047165 85.305832 198.201004
v -77.209473 87.254745 198.021286
v -64.763657 87.724327 198.134079
v -89.803703 15.126861 -137.681305
v -88.821465 13.350229 -139.465302
v -86.329941 13.673578 -139.580215
v -64.763657 87.724327 198.134079
v -64.719238 85.712570 198.229752
v -75.047165 85.305832 198.201004
v -86.329941 13.673578 -139.580215
v -86.113480 15.544142 -137.800674
v -89.803703 15.126861 -137.681305
v -73.801483 56.579254 198.020462
v -75.809845 54.373783 197.852798
v -77.209473 87.254745 198.021286
v -86.152573 13.691879 -136.276642
v -86.360954 12.204942 -138.371826
v -88.821465 13.350229 -139.465302
v -77.209473 87.254745 198.021286
v -75.047165 85.305832 198.201004
v -73.801483 56.579254 198.020462
v -88.821465 13.350229 -139.465302
v -89.803703 15.126861 -137.681305
v -86.152573 13.691879 -136.276642
v -64.237595 56.370811 198.635880
v -64.203857 54.150848 198.544174
v -75.809845 54.373783 197.852798
v -86.360954 12.204942 -138.371826
v -86.152573 13.691879 -136.276642
v -86.113480 15.544142 -137.800674
v -75.809845 54.373783 197.852798
v -73.801483 56.579254 198.020462
v -64.237595 56.370811 198.635880
v -86.113480 15.544142 -137.800674
v -86.329941 13.673578 -139.580215
v -86.360954 12.204942 -138.371826
v -30.518158 57.485874 199.391312
v -30.465820 55.266598 199.287521
v -64.203857 54.150848 198.544174
v -88.989380 19.655508 -133.647186
v -89.803703 15.126861 -137.681305
v -86.113480 15.544142 -137.800674
v -64.203857 54.150848 198.544174
v -64.237595 56.370811 198.635880
v -30.518158 57.485874 199.391312
v -86.113480 15.544142 -137.800674
v -86.822258 19.877337 -133.859329
v -88.989380 19.655508 -133.647186
v -19.390503 57.577347 200.541916
v -16.858047 55.379433 200.610641
v -30.465820 55.266598 199.287521
v -87.274574 18.903769 -132.240631
v -86.152573 13.691879 -136.276642
v -89.803703 15.126861 -137.681305
v -30.465820 55.266598 199.287521
v -30.518158 57.485874 199.391312
v -19.390503 57.577347 200.541916
v -89.803703 15.126861 -137.681305
v -88.989380 19.655508 -133.647186
v -87.274574 18.903769 -132.240631
v -19.199615 86.273323 200.758652
v -16.664597 88.314674 200.875961
v -16.858047 55.379433 200.610641
v -86.152573 13.691879 -136.276642
v -87.274574 18.903769 -132.240631
v -86.822258 19.877337 -133.859329
v -16.858047 55.379433 200.610641
v -19.390503 57.577347 200.541916
v -19.199615 86.273323 200.758652
v -86.822258 19.877337 -133.859329
v -86.113480 15.544142 -137.800674
v -86.152573 13.691879 -136.276642
v -31.041214 86.292702 199.875809
v -31.059357 88.304947 199.794235
v -16.664597 88.314674 200.875961
v -89.330116 35.116390 -124.490631
v -88.989380 19.655508 -133.647186
v -86.822258 19.877337 -133.859329
v -16.664597 88.314674 200.875961
v -19.199615 86.273323 200.758652
v -31.041214 86.292702 199.875809
v -86.822258 19.877337 -133.859329
v -87.732552 35.343578 -124.859970
v -89.330116 35.116390 -124.490631
v -64.719238 85.712570 198.229752
v -64.763657 87.724327 198.134079
v -31.059357 88.304947 199.794235
v -87.850800 34.299919 -122.970444
v -87.274574 18.903769 -132.240631
v -88.989380 19.655508 -133.647186
v -31.059357 88.304947 199.794235
v -31.041214 86.292702 199.875809
v -64.719238 85.712570 198.229752
v -88.989380 19.655508 -133.647186
v -89.330116 35.116390 -124.490631
v -87.850800 34.299919 -122.970444
v 87.499069 59.521488 204.893661
v 53.779617 58.406425 204.138229
v 53.297989 87.748184 203.732132
v -87.274574 18.903769 -132.240631
v -87.850800 34.299919 -122.970444
v -87.732552 35.343578 -124.859970
v 53.297989 87.748184 203.732132
v 86.976028 88.328308 205.378189
v 87.499069 59.521488 204.893661
v -87.732552 35.343578 -124.859970
v -86.822258 19.877337 -133.859329
v -87.274574 18.903769 -132.240631
v 86.957870 90.340561 205.296585
v 53.253586 89.759941 203.636459
v 52.840286 109.172852 204.904526
v -91.932983 94.992012 -89.679176
v -89.330116 35.116390 -124.490631
v -87.732552 35.343578 -124.859970
v 52.840286 109.172852 204.904526
v 86.538071 109.754028 206.482742
v 86.957870 90.340561 205.296585
v -87.732552 35.343578 -124.859970
v -90.336121 95.209351 -89.926987
v -91.932983 94.992012 -89.679176
v 53.779617 58.406425 204.138229
v 43.549469 58.603374 203.491776
v 42.303802 87.329948 203.672287
v -90.397499 94.214500 -88.242455
v -87.850800 34.299919 -122.970444
v -89.330116 35.116390 -124.490631
v 42.303802 87.329948 203.672287
v 53.297989 87.748184 203.732132
v 53.779617 58.406425 204.138229
v -89.330116 35.116390 -124.490631
v -91.932983 94.992012 -89.679176
v -90.397499 94.214500 -88.242455
v 86.976028 88.328308 205.378189
v 99.616257 88.322708 206.298264
v 99.425369 59.626736 206.081528
v -87.850800 34.299919 -122.970444
v -90.397499 94.214500 -88.242455
v -90.336121 95.209351 -89.926987
v 99.425369 59.626736 206.081528
v 87.499069 59.521488 204.893661
v 86.976028 88.328308 205.378189
v -90.336121 95.209351 -89.926987
v -87.732552 35.343578 -124.859970
v -87.850800 34.299919 -122.970444
v 40.141525 89.278870 203.492569
v 18.533005 90.332855 202.258316
v 18.170685 108.574921 203.281052
v -92.722855 112.833488 -78.986023
v -91.932983 94.992012 -89.679176
v -90.336121 95.209351 -89.926987
v 86.538071 109.754028 206.482742
v 113.810074 110.224365 207.761307
v 102.151291 90.364067 206.415573
v -90.336121 95.209351 -89.926987
v -91.117935 113.040405 -79.215530
v -92.722855 112.833488 -78.986023
v 102.151291 90.364067 206.415573
v 86.957870 90.340561 205.296585
v 86.538071 109.754028 206.482742
v -91.175888 112.100899 -77.624695
v -90.397499 94.214500 -88.242455
v -91.932983 94.992012 -89.679176
v 102.151291 90.364067 206.415573
v 114.029007 91.979637 206.753128
v 109.455460 23.009336 205.588943
v -91.932983 94.992012 -89.679176
v -92.722855 112.833488 -78.986023
v -91.175888 112.100899 -77.624695
v 109.455460 23.009336 205.588943
v 101.957809 57.428822 206.150223
v 102.151291 90.364067 206.415573
v -91.175888 112.100899 -77.624695
v -91.117935 113.040405 -79.215530
v -90.336121 95.209351 -89.926987
v 41.541153 56.397903 203.324112
v 21.468353 21.492260 201.423111
v 18.533005 90.332855 202.258316
v -90.336121 95.209351 -89.926987
v -90.397499 94.214500 -88.242455
v -91.175888 112.100899 -77.624695
v 18.533005 90.332855 202.258316
v 40.141525 89.278870 203.492569
v 41.541153 56.397903 203.324112
v -239.627808 17.473690 -131.694611
v -239.345703 12.583664 -129.752167
v -241.376236 12.534091 -128.203217
v 53.813400 56.186466 204.046555
v 52.896683 22.042858 201.927261
v 21.468353 21.492260 201.423111
v -241.376236 12.534091 -128.203217
v -243.325363 17.383419 -128.874023
v -239.627808 17.473690 -131.694611
v 21.468353 21.492260 201.423111
v 41.541153 56.397903 203.324112
v 53.813400 56.186466 204.046555
v -235.707336 0.791693 -124.634712
v -235.321213 -3.549869 -122.886559
v -237.038651 0.759191 -123.619156
v 87.551407 57.302212 204.789871
v 88.011978 22.648355 203.585648
v 52.896683 22.042858 201.927261
v -237.837234 -0.018861 -124.690948
v -235.321213 -3.549869 -122.886559
v -236.505920 0.013641 -125.706512
v 52.896683 22.042858 201.927261
v 53.813400 56.186466 204.046555
v 87.551407 57.302212 204.789871
v -245.543365 15.222503 -131.850769
v -242.594269 11.347406 -129.837921
v -240.563736 11.396980 -131.386871
v 101.957809 57.428822 206.150223
v 109.455460 23.009336 205.588943
v 88.011978 22.648355 203.585648
v -240.563736 11.396980 -131.386871
v -241.845810 15.312773 -134.671387
v -245.543365 15.222503 -131.850769
v 88.011978 22.648355 203.585648
v 87.551407 57.302212 204.789871
v 101.957809 57.428822 206.150223
v -236.505920 0.013641 -125.706512
v -235.321213 -3.549869 -122.886559
v -235.707336 0.791693 -124.634712
v 113.810074 110.224365 207.761307
v 114.029007 91.979637 206.753128
v 102.151291 90.364067 206.415573
v -241.845810 15.312773 -134.671387
v -240.563736 11.396980 -131.386871
v -239.345703 12.583664 -129.752167
v 53.253586 89.759941 203.636459
v 40.141525 89.278870 203.492569
v 18.170685 108.574921 203.281052
v -239.345703 12.583664 -129.752167
v -239.627808 17.473690 -131.694611
v -241.845810 15.312773 -134.671387
v 18.170685 108.574921 203.281052
v 52.840286 109.172852 204.904526
v 53.253586 89.759941 203.636459
v -237.038651 0.759191 -123.619156
v -235.321213 -3.549869 -122.886559
v -237.837234 -0.018861 -124.690948
v 42.303802 87.329948 203.672287
v 40.141525 89.278870 203.492569
v 53.253586 89.759941 203.636459
v -243.325363 17.383419 -128.874023
v -241.376236 12.534091 -128.203217
v -242.594269 11.347406 -129.837921
v 53.253586 89.759941 203.636459
v 53.297989 87.748184 203.732132
v 42.303802 87.329948 203.672287
v -242.594269 11.347406 -129.837921
v -245.543365 15.222503 -131.850769
v -243.325363 17.383419 -128.874023
v 43.549469 58.603374 203.491776
v 41.541153 56.397903 203.324112
v 40.141525 89.278870 203.492569
v -237.038651 0.759191 -123.619156
v -241.376236 12.534091 -128.203217
v -239.345703 12.583664 -129.752167
v 40.141525 89.278870 203.492569
v 42.303802 87.329948 203.672287
v 43.549469 58.603374 203.491776
v -239.345703 12.583664 -129.752167
v -235.707336 0.791693 -124.634712
v -237.038651 0.759191 -123.619156
v 53.779617 58.406425 204.138229
v 53.813400 56.186466 204.046555
v 41.541153 56.397903 203.324112
v -245.543365 15.222503 -131.850769
v -241.845810 15.312773 -134.671387
v -239.627808 17.473690 -131.694611
v 41.541153 56.397903 203.324112
v 43.549469 58.603374 203.491776
v 53.779617 58.406425 204.138229
v -239.627808 17.473690 -131.694611
v -243.325363 17.383419 -128.874023
v -245.543365 15.222503 -131.850769
v 87.499069 59.521488 204.893661
v 87.551407 57.302212 204.789871
v 53.813400 56.186466 204.046555
v -242.594269 11.347406 -129.837921
v -237.837234 -0.018861 -124.690948
v -236.505920 0.013641 -125.706512
v 53.813400 56.186466 204.046555
v 53.779617 58.406425 204.138229
v 87.499069 59.521488 204.893661
v -236.505920 0.013641 -125.706512
v -240.563736 11.396980 -131.386871
v -242.594269 11.347406 -129.837921
v 99.425369 59.626736 206.081528
v 101.957809 57.428822 206.150223
v 87.551407 57.302212 204.789871
v -240.563736 11.396980 -131.386871
v -236.505920 0.013641 -125.706512
v -235.707336 0.791693 -124.634712
v 87.551407 57.302212 204.789871
v 87.499069 59.521488 204.893661
v 99.425369 59.626736 206.081528
v -235.707336 0.791693 -124.634712
v -239.345703 12.583664 -129.752167
v -240.563736 11.396980 -131.386871
v 99.616257 88.322708 206.298264
v 102.151291 90.364067 206.415573
v 101.957809 57.428822 206.150223
v -241.376236 12.534091 -128.203217
v -237.038651 0.759191 -123.619156
v -237.837234 -0.018861 -124.690948
v 101.957809 57.428822 206.150223
v 99.425369 59.626736 206.081528
v 99.616257 88.322708 206.298264
v -237.837234 -0.018861 -124.690948
v -242.594269 11.347406 -129.837921
v -241.376236 12.534091 -128.203217
v 86.976028 88.328308 205.378189
v 86.957870 90.340561 205.296585
v 102.151291 90.364067 206.415573
v -242.218445 10.857535 -132.479492
v -244.050232 10.531860 -130.787140
v -241.451233 9.405217 -131.520218
v 102.151291 90.364067 206.415573
v 99.616257 88.322708 206.298264
v 86.976028 88.328308 205.378189
v -243.673737 12.330770 -128.805695
v -244.050232 10.531860 -130.787140
v -242.218445 10.857535 -132.479492
v 53.297989 87.748184 203.732132
v 53.253586 89.759941 203.636459
v 86.957870 90.340561 205.296585
v -242.218445 10.857535 -132.479492
v -240.927383 12.752163 -131.272720
v -243.673737 12.330770 -128.805695
v 86.957870 90.340561 205.296585
v 86.976028 88.328308 205.378189
v 53.297989 87.748184 203.732132
v -239.959763 10.920445 -130.062897
v -241.451233 9.405217 -131.520218
v -244.050232 10.531860 -130.787140
v -145.527832 55.502136 194.029160
v -179.247284 54.387074 193.273727
v -179.728943 83.728828 192.867599
v -244.050232 10.531860 -130.787140
v -243.673737 12.330770 -128.805695
v -239.959763 10.920445 -130.062897
v -179.728943 83.728828 192.867599
v -146.050903 84.308960 194.513657
v -145.527832 55.502136 194.029160
v -241.451233 9.405217 -131.520218
v -239.959763 10.920445 -130.062897
v -240.927383 12.752163 -131.272720
v -146.069046 86.321213 194.432083
v -179.773346 85.740585 192.771927
v -180.096863 105.030777 193.974838
v -240.927383 12.752163 -131.272720
v -242.218445 10.857535 -132.479492
v -241.451233 9.405217 -131.520218
v -180.096863 105.030777 193.974838
v -146.260010 105.614525 195.539658
v -146.069046 86.321213 194.432083
v -240.501923 16.914410 -126.280701
v -243.673737 12.330770 -128.805695
v -240.927383 12.752163 -131.272720
v -179.247284 54.387074 193.273727
v -190.376572 54.568516 192.585342
v -191.622238 83.295090 192.765854
v -240.927383 12.752163 -131.272720
v -238.980148 17.136736 -127.838074
v -240.501923 16.914410 -126.280701
v -191.622238 83.295090 192.765854
v -179.728943 83.728828 192.867599
v -179.247284 54.387074 193.273727
v -238.276886 16.184288 -126.298325
v -239.959763 10.920445 -130.062897
v -243.673737 12.330770 -128.805695
v -146.050903 84.308960 194.513657
v -135.705353 84.263779 195.326736
v -135.896225 55.567806 195.110031
v -243.673737 12.330770 -128.805695
v -240.501923 16.914410 -126.280701
v -238.276886 16.184288 -126.298325
v -135.896225 55.567806 195.110031
v -145.527832 55.502136 194.029160
v -146.050903 84.308960 194.513657
v -239.959763 10.920445 -130.062897
v -238.276886 16.184288 -126.298325
v -238.980148 17.136736 -127.838074
v -193.784546 85.244011 192.586136
v -214.203339 86.281960 191.273148
v -214.710556 104.435524 192.159622
v -238.980148 17.136736 -127.838074
v -240.927383 12.752163 -131.272720
v -239.959763 10.920445 -130.062897
v -146.260010 105.614525 195.539658
v -113.439621 106.181816 196.935440
v -133.170319 86.305130 195.444077
v -235.030518 32.496220 -119.190697
v -240.501923 16.914410 -126.280701
v -238.980148 17.136736 -127.838074
v -133.170319 86.305130 195.444077
v -146.069046 86.321213 194.432083
v -146.260010 105.614525 195.539658
v -238.980148 17.136736 -127.838074
v -234.046188 32.720932 -120.502472
v -235.030518 32.496220 -119.190697
v -133.170319 86.305130 195.444077
v -113.081360 88.026329 195.968063
v -111.830994 19.152922 194.629532
v -232.912262 31.702530 -118.969307
v -238.276886 16.184288 -126.298325
v -240.501923 16.914410 -126.280701
v -111.830994 19.152922 194.629532
v -133.363770 53.369892 195.178726
v -133.170319 86.305130 195.444077
v -240.501923 16.914410 -126.280701
v -235.030518 32.496220 -119.190697
v -232.912262 31.702530 -118.969307
v -192.384888 52.363045 192.417679
v -212.997314 17.399313 190.889084
v -214.203339 86.281960 191.273148
v -238.276886 16.184288 -126.298325
v -232.912262 31.702530 -118.969307
v -234.046188 32.720932 -120.502472
v -214.203339 86.281960 191.273148
v -193.784546 85.244011 192.586136
v -192.384888 52.363045 192.417679
v -234.046188 32.720932 -120.502472
v -238.980148 17.136736 -127.838074
v -238.276886 16.184288 -126.298325
v -179.213547 52.167110 193.182022
v -178.703369 18.005068 190.880051
v -212.997314 17.399313 190.889084
v -215.241821 92.829506 -91.405708
v -235.030518 32.496220 -119.190697
v -234.046188 32.720932 -120.502472
v -212.997314 17.399313 190.889084
v -192.384888 52.363045 192.417679
v -179.213547 52.167110 193.182022
v -234.046188 32.720932 -120.502472
v -214.179840 93.045982 -92.623848
v -215.241821 92.829506 -91.405708
v -145.475510 53.282860 193.925369
v -145.269073 18.580351 192.597702
v -178.703369 18.005068 190.880051
v -213.134567 92.073746 -91.284729
v -232.912262 31.702530 -118.969307
v -235.030518 32.496220 -119.190697
v -178.703369 18.005068 190.880051
v -179.213547 52.167110 193.182022
v -145.475510 53.282860 193.925369
v -235.030518 32.496220 -119.190697
v -215.241821 92.829506 -91.405708
v -213.134567 92.073746 -91.284729
v -133.363770 53.369892 195.178726
v -111.830994 19.152922 194.629532
v -145.269073 18.580351 192.597702
v -232.912262 31.702530 -118.969307
v -213.134567 92.073746 -91.284729
v -214.179840 93.045982 -92.623848
v -145.269073 18.580351 192.597702
v -145.475510 53.282860 193.925369
v -133.363770 53.369892 195.178726
v -214.179840 93.045982 -92.623848
v -234.046188 32.720932 -120.502472
v -232.912262 31.702530 -118.969307
v -113.439621 106.181816 196.935440
v -113.081360 88.026329 195.968063
v -133.170319 86.305130 195.444077
v -209.150467 110.811630 -82.871994
v -215.241821 92.829506 -91.405708
v -214.179840 93.045982 -92.623848
v -179.773346 85.740585 192.771927
v -193.784546 85.244011 192.586136
v -214.710556 104.435524 192.159622
v -214.179840 93.045982 -92.623848
v -208.070419 111.017944 -84.081223
v -209.150467 110.811630 -82.871994
v -214.710556 104.435524 192.159622
v -180.096863 105.030777 193.974838
v -179.773346 85.740585 192.771927
v -207.083282 110.099785 -82.816559
v -213.134567 92.073746 -91.284729
v -215.241821 92.829506 -91.405708
v -191.622238 83.295090 192.765854
v -193.784546 85.244011 192.586136
v -179.773346 85.740585 192.771927
v -215.241821 92.829506 -91.405708
v -209.150467 110.811630 -82.871994
v -207.083282 110.099785 -82.816559
v -179.773346 85.740585 192.771927
v -179.728943 83.728828 192.867599
v -191.622238 83.295090 192.765854
v -207.083282 110.099785 -82.816559
v -208.070419 111.017944 -84.081223
v -214.179840 93.045982 -92.623848
v -190.376572 54.568516 192.585342
v -192.384888 52.363045 192.417679
v -193.784546 85.244011 192.586136
v -214.179840 93.045982 -92.623848
v -213.134567 92.073746 -91.284729
v -207.083282 110.099785 -82.816559
v -193.784546 85.244011 192.586136
v -191.622238 83.295090 192.765854
v -190.376572 54.568516 192.585342
v 194.989853 101.461258 99.669922
v 196.684616 5.503344 98.820496
v 193.688309 5.451674 98.680267
v -179.247284 54.387074 193.273727
v -179.213547 52.167110 193.182022
v -192.384888 52.363045 192.417679
v 193.688309 5.451674 98.680267
v 191.993607 101.409607 99.529694
v 194.989853 101.461258 99.669922
v -192.384888 52.363045 192.417679
v -190.376572 54.568516 192.585342
v -179.247284 54.387074 193.273727
v 196.823807 5.532330 95.823883
v 195.129074 101.490250 96.673309
v 192.132828 101.438599 96.533066
v -145.527832 55.502136 194.029160
v -145.475510 53.282860 193.925369
v -179.213547 52.167110 193.182022
v 192.132828 101.438599 96.533066
v 193.827530 5.480659 95.683640
v 196.823807 5.532330 95.823883
v -179.213547 52.167110 193.182022
v -179.247284 54.387074 193.273727
v -145.527832 55.502136 194.029160
v 193.688309 5.451674 98.680267
v 193.827530 5.480659 95.683640
v 192.132828 101.438599 96.533066
v -135.896225 55.567806 195.110031
v -133.363770 53.369892 195.178726
v -145.475510 53.282860 193.925369
v 192.132828 101.438599 96.533066
v 191.993607 101.409607 99.529694
v 193.688309 5.451674 98.680267
v -145.475510 53.282860 193.925369
v -145.527832 55.502136 194.029160
v -135.896225 55.567806 195.110031
v 196.684616 5.503344 98.820496
v 194.989853 101.461258 99.669922
v 195.129074 101.490250 96.673309
v -135.705353 84.263779 195.326736
v -133.170319 86.305130 195.444077
v -133.363770 53.369892 195.178726
v 195.129074 101.490250 96.673309
v 196.823807 5.532330 95.823883
v 196.684616 5.503344 98.820496
v -133.363770 53.369892 195.178726
v -135.896225 55.567806 195.110031
v -135.705353 84.263779 195.326736
v 194.989639 101.472946 99.670029
v 197.495712 101.982994 45.730621
v 194.499405 101.931870 45.590942
v -146.050903 84.308960 194.513657
v -146.069046 86.321213 194.432083
v -133.170319 86.305130 195.444077
v 194.499405 101.931870 45.590942
v 191.993362 101.421806 99.530350
v 194.989639 101.472946 99.670029
v -133.170319 86.305130 195.444077
v -135.705353 84.263779 195.326736
v -146.050903 84.308960 194.513657
v 194.936691 104.472351 99.696579
v 194.989639 101.472946 99.670029
v 191.993362 101.421806 99.530350
v -179.728943 83.728828 192.867599
v -179.773346 85.740585 192.771927
v -146.069046 86.321213 194.432083
v 191.993362 101.421806 99.530350
v 191.940384 104.421204 99.556900
v 194.936691 104.472351 99.696579
v -146.069046 86.321213 194.432083
v -146.050903 84.308960 194.513657
v -179.728943 83.728828 192.867599
v 197.442734 104.982407 45.757172
v 194.936691 104.472351 99.696579
v 191.940384 104.421204 99.556900
v -30.548019 122.619392 165.766190
v -62.222244 123.178368 164.300125
v -59.660614 154.696442 97.697281
v 191.940384 104.421204 99.556900
v 194.446426 104.931274 45.617493
v 197.442734 104.982407 45.757172
v -59.660614 154.696442 97.697281
v -28.003387 155.098663 99.171844
v -30.548019 122.619392 165.766190
v 197.495712 101.982994 45.730621
v 197.442734 104.982407 45.757172
v 194.446426 104.931274 45.617493
v 41.007507 125.139641 169.713547
v 19.295425 157.831009 103.191895
v 38.424835 158.315445 103.173721
v 194.446426 104.931274 45.617493
v 194.499405 101.931870 45.590942
v 197.495712 101.982994 45.730621
v 38.424835 158.315445 103.173721
v 64.862320 125.683228 170.827011
v 41.007507 125.139641 169.713547
v 194.499405 101.931870 45.590942
v 194.446426 104.931274 45.617493
v 191.940384 104.421204 99.556900
v -129.735306 156.016647 93.497360
v -111.593216 155.873367 97.092316
v -135.078064 123.903961 161.521240
v 191.940384 104.421204 99.556900
v 191.993362 101.421806 99.530350
v 194.499405 101.931870 45.590942
v -135.078064 123.903961 161.521240
v -164.837814 123.033134 160.130295
v -129.735306 156.016647 93.497360
v 197.495712 101.982994 45.730621
v 194.989639 101.472946 99.670029
v 194.936691 104.472351 99.696579
v 46.292282 158.910172 94.198685
v 99.032181 127.917686 148.677155
v 98.374496 128.924423 162.409958
v 194.936691 104.472351 99.696579
v 197.442734 104.982407 45.757172
v 197.495712 101.982994 45.730621
v -190.891830 123.941475 147.970901
v -191.872604 122.377937 128.300613
v -132.123932 155.630005 85.584076
v 197.356491 101.954010 48.727249
v 199.051224 5.996090 47.877823
v 196.054947 5.944420 47.737595
v -129.735306 156.016647 93.497360
v -189.117920 125.655807 159.027695
v -191.295486 125.673347 155.987854
v 196.054947 5.944420 47.737595
v 194.360214 101.902359 48.587021
v 197.356491 101.954010 48.727249
v -191.295486 125.673347 155.987854
v -133.949677 157.530701 93.613632
v -129.735306 156.016647 93.497360
v 199.190445 6.025075 44.881210
v 197.495712 101.982994 45.730637
v 194.499435 101.931343 45.590393
v 98.010941 130.598343 169.588501
v 95.445419 130.564087 172.295029
v 43.062012 160.314682 104.320038
v 194.499435 101.931343 45.590393
v 196.194168 5.973405 44.740967
v 199.190445 6.025075 44.881210
v 43.062012 160.314682 104.320038
v 45.893784 160.031723 102.331131
v 98.010941 130.598343 169.588501
v 196.054947 5.944420 47.737595
v 196.194168 5.973405 44.740967
v 194.499435 101.931343 45.590393
v 47.149658 158.776581 77.671982
v 47.974564 159.466278 66.370789
v 102.848770 130.611298 68.640945
v 194.499435 101.931343 45.590393
v 194.360214 101.902359 48.587021
v 196.054947 5.944420 47.737595
v 102.848770 130.611298 68.640945
v 101.872299 126.662956 89.433823
v 47.149658 158.776581 77.671982
v 199.051224 5.996090 47.877823
v 197.356491 101.954010 48.727249
v 197.495712 101.982994 45.730637
v -28.003387 155.098663 99.171844
v -59.660614 154.696442 97.697281
v -44.670410 176.206116 62.228729
v 197.495712 101.982994 45.730637
v 199.190445 6.025075 44.881210
v 199.051224 5.996090 47.877823
v -64.819534 112.991440 194.238449
v -62.222244 123.178368 164.300125
v -30.548019 122.619392 165.766190
v 39.096817 158.689026 27.781593
v 18.744095 178.468811 65.206726
v 29.352890 158.640396 27.328453
v -30.548019 122.619392 165.766190
v -31.354706 112.865791 195.791916
v -64.819534 112.991440 194.238449
v 62.923050 118.978012 -67.855446
v 27.901871 118.382484 -69.488174
v 29.274933 116.911240 -73.800133
v 18.744095 178.468811 65.206726
v 19.295425 157.831009 103.191895
v 13.660400 159.466904 102.047791
v 29.274933 116.911240 -73.800133
v 64.677292 117.521873 -72.149551
v 62.923050 118.978012 -67.855446
v 50.451614 116.381378 200.598221
v 41.007507 125.139641 169.713547
v 64.862320 125.683228 170.827011
v 98.136063 118.098984 -70.589592
v 125.152664 118.564980 -69.329987
v 122.636185 119.990906 -65.071579
v 64.862320 125.683228 170.827011
v 83.529282 116.943382 202.140305
v 50.451614 116.381378 200.598221
v 122.636185 119.990906 -65.071579
v 96.000717 119.540024 -66.313339
v 98.136063 118.098984 -70.589592
v -175.948502 110.534187 189.126816
v -164.837814 123.033134 160.130295
v -135.078064 123.903961 161.521240
v 96.000717 119.540024 -66.313339
v 122.636185 119.990906 -65.071579
v 98.329605 129.856918 -35.574749
v -135.078064 123.903961 161.521240
v -144.634949 111.452103 190.590439
v -175.948502 110.534187 189.126816
v 98.329605 129.856918 -35.574749
v 74.489670 128.469528 -36.695690
v 96.000717 119.540024 -66.313339
v 121.094406 117.889915 192.899002
v 98.374496 128.924423 162.409958
v 99.032181 127.917686 148.677155
v 50.634872 127.925949 -37.809158
v 26.754501 128.827164 -38.909843
v 27.901871 118.382484 -69.488174
v 99.032181 127.917686 148.677155
v 122.060501 117.948120 172.155716
v 121.094406 117.889915 192.899002
v 27.901871 118.382484 -69.488174
v 62.923050 118.978012 -67.855446
v 50.634872 127.925949 -37.809158
v 18.744095 178.468811 65.206726
v 46.292282 158.910172 94.198685
v 45.893784 160.031723 102.331131
v 98.329605 129.856918 -35.574749
v 39.096817 158.689026 27.781593
v 74.489670 128.469528 -36.695690
v -104.248558 176.439819 59.427948
v -132.887589 154.090714 72.105972
v -132.290665 157.669540 57.978912
v 26.754501 128.827164 -38.909843
v 50.634872 127.925949 -37.809158
v 29.352890 158.640396 27.328453
v -213.173309 112.186005 91.189133
v -189.917526 123.820068 85.833664
v -191.872604 122.377937 128.300613
v 29.352890 158.640396 27.328453
v 19.976807 159.933304 27.354439
v 26.754501 128.827164 -38.909843
v -191.872604 122.377937 128.300613
v -215.680450 111.125748 145.355865
v -213.173309 112.186005 91.189133
v 129.912735 119.368286 3.212540
v 133.442093 118.208656 1.330261
v 131.978958 117.984749 42.160751
v -189.117920 125.655807 159.027695
v -214.285385 112.130692 187.361282
v -217.225220 112.226288 183.242294
v 131.978958 117.984749 42.160751
v 128.457535 119.119896 42.862488
v 129.912735 119.368286 3.212540
v -217.225220 112.226288 183.242294
v -191.295486 125.673347 155.987854
v -189.117920 125.655807 159.027695
v 132.868332 120.560036 -60.621468
v 136.980209 118.863289 -65.563828
v 136.655533 118.795692 -58.575035
v -133.949677 157.530701 93.613632
v -104.248558 176.439819 59.427948
v -129.735306 156.016647 93.497360
v 136.655533 118.795692 -58.575035
v 132.546494 120.274315 -53.612816
v 132.868332 120.560036 -60.621468
v 95.445419 130.564087 172.295029
v 98.010941 130.598343 169.588501
v 120.764877 118.040016 199.911484
v 131.585403 119.931259 -32.872093
v 135.173233 118.569084 -35.933613
v 133.442093 118.208656 1.330261
v 120.764877 118.040016 199.911484
v 118.277145 117.858932 203.763443
v 95.445419 130.564087 172.295029
v 133.442093 118.208656 1.330261
v 129.912735 119.368286 3.212540
v 131.585403 119.931259 -32.872093
v 43.062012 160.314682 104.320038
v 18.744095 178.468811 65.206726
v 45.893784 160.031723 102.331131
v -85.908508 116.006851 -73.826523
v -86.141937 114.911407 -78.156181
v -52.432724 115.492836 -76.584541
v 125.967789 118.601501 96.455811
v 101.872299 126.662956 89.433823
v 102.848770 130.611298 68.640945
v -52.432724 115.492836 -76.584541
v -52.438187 115.569313 -72.275841
v -85.908508 116.006851 -73.826523
v 102.848770 130.611298 68.640945
v 127.718643 119.528358 69.689117
v 125.967789 118.601501 96.455811
v -18.723495 116.074272 -75.012917
v 14.985718 116.655701 -73.441277
v 14.452896 117.501579 -69.149635
v -93.927406 125.488434 162.849548
v -113.421516 126.961456 162.556900
v -102.410690 157.028259 99.173584
v 14.452896 117.501579 -69.149635
v -18.973358 115.443672 -70.722412
v -18.723495 116.074272 -75.012917
v -102.410690 157.028259 99.173584
v -91.347496 155.970917 96.237534
v -93.927406 125.488434 162.849548
v -214.730667 111.595909 53.703354
v -212.953369 111.965950 15.446320
v -209.705444 112.908035 16.541801
v 13.660400 159.466904 102.047791
v 11.103745 129.245331 168.064651
v 1.046326 126.584557 167.272308
v -209.705444 112.908035 16.541801
v -211.207169 112.993019 53.880569
v -214.730667 111.595909 53.703354
v 1.046326 126.584557 167.272308
v 3.598526 158.635254 100.674164
v 13.660400 159.466904 102.047791
v -210.359131 112.506088 -40.395935
v -208.792786 112.832214 -74.112122
v -205.463440 113.677574 -69.566444
v -91.347496 155.970917 96.237534
v -102.410690 157.028259 99.173584
v -104.248558 176.439819 59.427948
v -205.463440 113.677574 -69.566444
v -207.179352 112.895737 -37.634426
v -210.359131 112.506088 -40.395935
v 18.744095 178.468811 65.206726
v 13.660400 159.466904 102.047791
v 3.598526 158.635254 100.674164
v -208.792786 112.832214 -74.112122
v -208.664886 113.107338 -80.261345
v -205.206207 114.728729 -75.472557
v 2.071548 114.923698 197.364700
v 1.046326 126.584557 167.272308
v 11.103745 129.245331 168.064651
v -205.206207 114.728729 -75.472557
v -205.463440 113.677574 -69.566444
v -208.792786 112.832214 -74.112122
v 11.103745 129.245331 168.064651
v 9.905014 116.006683 198.673477
v 2.071548 114.923698 197.364700
v -198.034103 113.777107 -79.131920
v -201.208633 112.926682 -83.520988
v -166.082687 113.532555 -81.883293
v -113.421516 126.961456 162.556900
v -93.927406 125.488434 162.849548
v -98.289856 113.428978 192.687729
v -166.082687 113.532555 -81.883293
v -163.560211 113.113510 -77.536797
v -198.034103 113.777107 -79.131920
v -98.289856 113.428978 192.687729
v -114.840271 112.275078 191.982529
v -113.421516 126.961456 162.556900
v -201.897095 114.710014 -79.302353
v -205.233047 113.080383 -84.234734
v -201.208633 112.926682 -83.520988
v 11.103745 129.245331 168.064651
v 13.660400 159.466904 102.047791
v 19.295425 157.831009 103.191895
v -201.208633 112.926682 -83.520988
v -198.034103 113.777107 -79.131920
v -201.897095 114.710014 -79.302353
v 19.295425 157.831009 103.191895
v 17.113388 126.819824 168.619751
v 11.103745 129.245331 168.064651
v -132.246674 114.031418 -76.073196
v -132.530258 114.111282 -80.318962
v -102.293419 114.604965 -78.909485
v 43.062012 160.314682 104.320038
v 95.445419 130.564087 172.295029
v 88.688492 127.849586 171.954880
v -102.293419 114.604965 -78.909485
v -102.451500 114.826553 -74.681320
v -132.246674 114.031418 -76.073196
v 88.688492 127.849586 171.954880
v 38.424835 158.315445 103.173721
v 43.062012 160.314682 104.320038
v -102.293419 114.604965 -78.909485
v -93.294991 114.791862 -78.489647
v -93.525604 116.599434 -74.212067
v 110.164749 117.394272 203.382065
v 88.688492 127.849586 171.954880
v 95.445419 130.564087 172.295029
v -93.525604 116.599434 -74.212067
v -102.451500 114.826553 -74.681320
v -102.293419 114.604965 -78.909485
v 95.445419 130.564087 172.295029
v 118.277145 117.858932 203.763443
v 110.164749 117.394272 203.382065
v 22.609528 116.796272 -74.110901
v 29.274933 116.911240 -73.800133
v 27.901871 118.382484 -69.488174
v 11.103745 129.245331 168.064651
v 17.113388 126.819824 168.619751
v 15.430435 115.785851 198.965469
v 27.901871 118.382484 -69.488174
v 22.372971 118.602600 -69.705475
v 22.609528 116.796272 -74.110901
v 15.430435 115.785851 198.965469
v 9.905014 116.006683 198.673477
v 11.103745 129.245331 168.064651
v 125.152664 118.564980 -69.329987
v 134.414627 118.724739 -68.898163
v 130.748581 120.455574 -64.690216
v -111.593216 155.873367 97.092316
v -102.410690 157.028259 99.173584
v -113.421516 126.961456 162.556900
v 130.748581 120.455574 -64.690216
v 122.636185 119.990906 -65.071579
v 125.152664 118.564980 -69.329987
v -113.421516 126.961456 162.556900
v -135.078064 123.903961 161.521240
v -111.593216 155.873367 97.092316
v -93.525604 116.599434 -74.212067
v -93.294991 114.791862 -78.489647
v -86.141937 114.911407 -78.156181
v -185.594666 125.716583 159.191956
v -189.117920 125.655807 159.027695
v -129.735306 156.016647 93.497360
v -86.141937 114.911407 -78.156181
v -85.908508 116.006851 -73.826523
v -93.525604 116.599434 -74.212067
v -164.837814 123.033134 160.130295
v -185.594666 125.716583 159.191956
v -129.735306 156.016647 93.497360
v 14.985718 116.655701 -73.441277
v 22.609528 116.796272 -74.110901
v 22.372971 118.602600 -69.705475
v -114.840271 112.275078 191.982529
v -144.634949 111.452103 190.590439
v -135.078064 123.903961 161.521240
v 22.372971 118.602600 -69.705475
v 14.452896 117.501579 -69.149635
v 14.985718 116.655701 -73.441277
v -135.078064 123.903961 161.521240
v -113.421516 126.961456 162.556900
v -114.840271 112.275078 191.982529
v 128.457535 119.119896 42.862488
v 131.978958 117.984749 42.160751
v 131.271439 117.945076 69.838852
v -189.117920 125.655807 159.027695
v -185.594666 125.716583 159.191956
v -210.422394 111.197784 187.531693
v 131.271439 117.945076 69.838852
v 127.718643 119.528358 69.689117
v 128.457535 119.119896 42.862488
v -210.422394 111.197784 187.531693
v -214.285385 112.130692 187.361282
v -189.117920 125.655807 159.027695
v 130.748581 120.455574 -64.690216
v 134.414627 118.724739 -68.898163
v 136.980209 118.863289 -65.563828
v -185.594666 125.716583 159.191956
v -164.837814 123.033134 160.130295
v -175.948502 110.534187 189.126816
v 136.980209 118.863289 -65.563828
v 132.868332 120.560036 -60.621468
v 130.748581 120.455574 -64.690216
v -175.948502 110.534187 189.126816
v -210.422394 111.197784 187.531693
v -185.594666 125.716583 159.191956
v -208.664886 113.107338 -80.261345
v -205.233047 113.080383 -84.234734
v -201.897095 114.710014 -79.302353
v -104.248558 176.439819 59.427948
v -102.410690 157.028259 99.173584
v -111.593216 155.873367 97.092316
v -201.897095 114.710014 -79.302353
v -205.206207 114.728729 -75.472557
v -208.664886 113.107338 -80.261345
v -104.248558 176.439819 59.427948
v -111.593216 155.873367 97.092316
v -129.735306 156.016647 93.497360
v -212.953369 111.965950 15.446320
v -210.359131 112.506088 -40.395935
v -207.179352 112.895737 -37.634426
v -186.610657 126.621094 55.155060
v -132.290665 157.669540 57.978912
v -132.887589 154.090714 72.105972
v -207.179352 112.895737 -37.634426
v -209.705444 112.908035 16.541801
v -212.953369 111.965950 15.446320
v -132.887589 154.090714 72.105972
v -189.917526 123.820068 85.833664
v -186.610657 126.621094 55.155060
v 132.546494 120.274315 -53.612816
v 136.655533 118.795692 -58.575035
v 135.173233 118.569084 -35.933613
v -191.872604 122.377937 128.300613
v -189.917526 123.820068 85.833664
v -132.887589 154.090714 72.105972
v 135.173233 118.569084 -35.933613
v 131.585403 119.931259 -32.872093
v 132.546494 120.274315 -53.612816
v -132.887589 154.090714 72.105972
v -132.123932 155.630005 85.584076
v -191.872604 122.377937 128.300613
v -163.560211 113.113510 -77.536797
v -166.082687 113.532555 -81.883293
v -132.530258 114.111282 -80.318962
v -133.949677 157.530701 93.613632
v -191.295486 125.673347 155.987854
v -190.891830 123.941475 147.970901
v -132.530258 114.111282 -80.318962
v -132.246674 114.031418 -76.073196
v -163.560211 113.113510 -77.536797
v -190.891830 123.941475 147.970901
v -132.123932 155.630005 85.584076
v -133.949677 157.530701 93.613632
v 64.677292 117.521873 -72.149551
v 98.136063 118.098984 -70.589592
v 96.000717 119.540024 -66.313339
v -216.932892 111.289558 177.318588
v -190.891830 123.941475 147.970901
v -191.295486 125.673347 155.987854
v 96.000717 119.540024 -66.313339
v 62.923050 118.978012 -67.855446
v 64.677292 117.521873 -72.149551
v -191.295486 125.673347 155.987854
v -217.225220 112.226288 183.242294
v -216.932892 111.289558 177.318588
v -52.432724 115.492836 -76.584541
v -18.723495 116.074272 -75.012917
v -18.973358 115.443672 -70.722412
v -215.680450 111.125748 145.355865
v -191.872604 122.377937 128.300613
v -190.891830 123.941475 147.970901
v -18.973358 115.443672 -70.722412
v -52.438187 115.569313 -72.275841
v -52.432724 115.492836 -76.584541
v -190.891830 123.941475 147.970901
v -216.932892 111.289558 177.318588
v -215.680450 111.125748 145.355865
v 48.209625 158.997284 54.855743
v 18.744095 178.468811 65.206726
v 48.879807 159.448914 38.501228
v -186.610657 126.621094 55.155060
v -189.917526 123.820068 85.833664
v -213.173309 112.186005 91.189133
v 47.974564 159.466278 66.370789
v 18.744095 178.468811 65.206726
v 48.209625 158.997284 54.855743
v -213.173309 112.186005 91.189133
v -211.207169 112.993019 53.880569
v -186.610657 126.621094 55.155060
v 128.457535 119.119896 42.862488
v 103.807632 127.065903 47.774765
v 105.207352 127.485779 16.388527
v -104.248558 176.439819 59.427948
v -133.949677 157.530701 93.613632
v -132.123932 155.630005 85.584076
v 105.207352 127.485779 16.388527
v 129.912735 119.368286 3.212540
v 128.457535 119.119896 42.862488
v -104.248558 176.439819 59.427948
v -132.123932 155.630005 85.584076
v -132.887589 154.090714 72.105972
v 132.546494 120.274315 -53.612816
v 107.088089 130.738647 -25.154064
v 107.390091 132.551132 -32.301731
v 18.744095 178.468811 65.206726
v 43.062012 160.314682 104.320038
v 38.424835 158.315445 103.173721
v 107.390091 132.551132 -32.301731
v 132.868332 120.560036 -60.621468
v 132.546494 120.274315 -53.612816
v -62.222244 123.178368 164.300125
v -93.927406 125.488434 162.849548
v -91.347496 155.970917 96.237534
v 106.470749 129.466446 -11.441429
v 131.585403 119.931259 -32.872093
v 129.912735 119.368286 3.212540
v -91.347496 155.970917 96.237534
v -59.660614 154.696442 97.697281
v -62.222244 123.178368 164.300125
v 129.912735 119.368286 3.212540
v 105.207352 127.485779 16.388527
v 106.470749 129.466446 -11.441429
v -28.003387 155.098663 99.171844
v 3.598526 158.635254 100.674164
v 1.046326 126.584557 167.272308
v 48.209625 158.997284 54.855743
v 105.207352 127.485779 16.388527
v 103.807632 127.065903 47.774765
v 1.046326 126.584557 167.272308
v -30.548019 122.619392 165.766190
v -28.003387 155.098663 99.171844
v 107.088089 130.738647 -25.154064
v 48.879807 159.448914 38.501228
v 49.249161 159.979156 30.383408
v -59.660614 154.696442 97.697281
v -91.347496 155.970917 96.237534
v -104.248558 176.439819 59.427948
v 49.249161 159.979156 30.383408
v 107.390091 132.551132 -32.301731
v 107.088089 130.738647 -25.154064
v -104.248558 176.439819 59.427948
v -44.670410 176.206116 62.228729
v -59.660614 154.696442 97.697281
v 48.879807 159.448914 38.501228
v 106.470749 129.466446 -11.441429
v 105.207352 127.485779 16.388527
v 18.744095 178.468811 65.206726
v 3.598526 158.635254 100.674164
v -28.003387 155.098663 99.171844
v 105.207352 127.485779 16.388527
v 48.209625 158.997284 54.855743
v 48.879807 159.448914 38.501228
v -28.003387 155.098663 99.171844
v -44.670410 176.206116 62.228729
v 18.744095 178.468811 65.206726
v -52.438187 115.569313 -72.275841
v -52.693192 128.375809 -42.006313
v -84.274651 123.682327 -43.518879
v -31.354706 112.865791 195.791916
v -30.548019 122.619392 165.766190
v 1.046326 126.584557 167.272308
v -84.274651 123.682327 -43.518879
v -85.908508 116.006851 -73.826523
v -52.438187 115.569313 -72.275841
v 1.046326 126.584557 167.272308
v 2.071548 114.923698 197.364700
v -31.354706 112.865791 195.791916
v 10.631943 128.580338 -39.062466
v -20.962402 124.615173 -40.568584
v -18.973358 115.443672 -70.722412
v -93.927406 125.488434 162.849548
v -62.222244 123.178368 164.300125
v -64.819534 112.991440 194.238449
v -18.973358 115.443672 -70.722412
v 14.452896 117.501579 -69.149635
v 10.631943 128.580338 -39.062466
v -64.819534 112.991440 194.238449
v -98.289856 113.428978 192.687729
v -93.927406 125.488434 162.849548
v -24.639893 156.279449 26.593559
v 6.970474 159.337311 28.091644
v 18.744095 178.468811 65.206726
v 46.292282 158.910172 94.198685
v 47.149658 158.776581 77.671982
v 100.355972 126.475693 120.816895
v 18.744095 178.468811 65.206726
v -44.670410 176.206116 62.228729
v -24.639893 156.279449 26.593559
v 100.355972 126.475693 120.816895
v 99.032181 127.917686 148.677155
v 46.292282 158.910172 94.198685
v -56.288681 155.398499 25.114746
v -44.670410 176.206116 62.228729
v -104.248558 176.439819 59.427948
v 98.374496 128.924423 162.409958
v 98.010941 130.598343 169.588501
v 45.893784 160.031723 102.331131
v -104.248558 176.439819 59.427948
v -87.975563 156.672974 23.655014
v -56.288681 155.398499 25.114746
v 45.893784 160.031723 102.331131
v 46.292282 158.910172 94.198685
v 98.374496 128.924423 162.409958
v -24.639893 156.279449 26.593559
v -20.962402 124.615173 -40.568584
v 10.631943 128.580338 -39.062466
v 101.872299 126.662956 89.433823
v 100.355972 126.475693 120.816895
v 47.149658 158.776581 77.671982
v 10.631943 128.580338 -39.062466
v 6.970474 159.337311 28.091644
v -24.639893 156.279449 26.593559
v 123.740738 118.083252 136.067307
v 122.060501 117.948120 172.155716
v 99.032181 127.917686 148.677155
v -52.693192 128.375809 -42.006313
v -56.288681 155.398499 25.114746
v -87.975563 156.672974 23.655014
v 99.032181 127.917686 148.677155
v 100.355972 126.475693 120.816895
v 123.740738 118.083252 136.067307
v -87.975563 156.672974 23.655014
v -84.274651 123.682327 -43.518879
v -52.693192 128.375809 -42.006313
v 98.010941 130.598343 169.588501
v 98.374496 128.924423 162.409958
v 121.094406 117.889915 192.899002
v 29.352890 158.640396 27.328453
v 18.744095 178.468811 65.206726
v 19.976807 159.933304 27.354439
v 121.094406 117.889915 192.899002
v 120.764877 118.040016 199.911484
v 98.010941 130.598343 169.588501
v 46.613693 160.302994 28.146416
v 18.744095 178.468811 65.206726
v 39.096817 158.689026 27.781593
v 100.355972 126.475693 120.816895
v 101.872299 126.662956 89.433823
v 125.967789 118.601501 96.455811
v -130.636002 158.055618 22.346359
v -104.248558 176.439819 59.427948
v -131.096313 155.574097 33.136948
v 125.967789 118.601501 96.455811
v 123.740738 118.083252 136.067307
v 100.355972 126.475693 120.816895
v -209.705444 112.908035 16.541801
v -187.056732 124.415710 24.253670
v -186.610657 126.621094 55.155060
v 18.744095 178.468811 65.206726
v 47.974564 159.466278 66.370789
v 47.149658 158.776581 77.671982
v -186.610657 126.621094 55.155060
v -211.207169 112.993019 53.880569
v -209.705444 112.908035 16.541801
v 18.744095 178.468811 65.206726
v 47.149658 158.776581 77.671982
v 46.292282 158.910172 94.198685
v -182.266556 125.737312 -37.692341
v -185.065231 123.795288 -18.231522
v -207.179352 112.895737 -37.634426
v -31.354706 112.865791 195.791916
v -31.504227 113.413239 200.098465
v -65.213455 112.831802 198.526840
v -207.179352 112.895737 -37.634426
v -205.463440 113.677574 -69.566444
v -182.266556 125.737312 -37.692341
v -65.213455 112.831802 198.526840
v -64.819534 112.991440 194.238449
v -31.354706 112.865791 195.791916
v -181.926804 127.623962 -45.677265
v -182.266556 125.737312 -37.692341
v -205.463440 113.677574 -69.566444
v 83.529282 116.943382 202.140305
v 85.260269 115.418167 206.567520
v 51.801498 114.841057 205.007553
v -205.463440 113.677574 -69.566444
v -205.206207 114.728729 -75.472557
v -181.926804 127.623962 -45.677265
v 51.801498 114.841057 205.007553
v 50.451614 116.381378 200.598221
v 83.529282 116.943382 202.140305
v -182.266556 125.737312 -37.692341
v -181.926804 127.623962 -45.677265
v -130.636002 158.055618 22.346359
v -145.311005 111.450249 194.792404
v -178.863419 110.871521 193.228073
v -175.948502 110.534187 189.126816
v -130.636002 158.055618 22.346359
v -131.096313 155.574097 33.136948
v -182.266556 125.737312 -37.692341
v -175.948502 110.534187 189.126816
v -144.634949 111.452103 190.590439
v -145.311005 111.450249 194.792404
v -131.096313 155.574097 33.136948
v -187.056732 124.415710 24.253670
v -185.065231 123.795288 -18.231522
v 125.350296 116.523895 175.509811
v 124.340103 116.313560 197.254562
v 121.094406 117.889915 192.899002
v -186.610657 126.621094 55.155060
v -187.056732 124.415710 24.253670
v -131.096313 155.574097 33.136948
v 121.094406 117.889915 192.899002
v 122.060501 117.948120 172.155716
v 125.350296 116.523895 175.509811
v -131.096313 155.574097 33.136948
v -132.290665 157.669540 57.978912
v -186.610657 126.621094 55.155060
v -215.680450 111.125748 145.355865
v -219.102188 110.685722 147.802658
v -216.507950 111.225861 91.960403
v -98.766914 158.225632 22.042938
v -104.248558 176.439819 59.427948
v -122.819267 155.961121 20.233131
v -216.507950 111.225861 91.960403
v -213.173309 112.186005 91.189133
v -215.680450 111.125748 145.355865
v -163.560211 113.113510 -77.536797
v -155.196701 125.040474 -47.399296
v -175.953552 127.723915 -48.337631
v -214.285385 112.130692 187.361282
v -218.062759 110.409149 191.930771
v -221.111496 110.515877 187.657608
v -175.953552 127.723915 -48.337631
v -198.034103 113.777107 -79.131920
v -163.560211 113.113510 -77.536797
v -221.111496 110.515877 187.657608
v -217.225220 112.226288 183.242294
v -214.285385 112.130692 187.361282
v -198.034103 113.777107 -79.131920
v -175.953552 127.723915 -48.337631
v -179.476791 127.663147 -48.501900
v 124.015427 116.245964 204.243362
v 121.538834 116.043915 208.258926
v 118.277145 117.858932 203.763443
v -179.476791 127.663147 -48.501900
v -201.897095 114.710014 -79.302353
v -198.034103 113.777107 -79.131920
v 118.277145 117.858932 203.763443
v 120.764877 118.040016 199.911484
v 124.015427 116.245964 204.243362
v -125.436951 125.911301 -46.008331
v -132.246674 114.031418 -76.073196
v -102.451500 114.826553 -74.681320
v 131.271439 117.945076 69.838852
v 129.409988 117.449867 97.458939
v 125.967789 118.601501 96.455811
v -102.451500 114.826553 -74.681320
v -103.780396 128.968796 -44.972664
v -125.436951 125.911301 -46.008331
v 125.967789 118.601501 96.455811
v 127.718643 119.528358 69.689117
v 131.271439 117.945076 69.838852
v -103.780396 128.968796 -44.972664
v -102.451500 114.826553 -74.681320
v -93.525604 116.599434 -74.212067
v 9.905014 116.006683 198.673477
v 9.733749 114.115456 203.046188
v 2.204987 113.994667 201.670120
v -93.525604 116.599434 -74.212067
v -95.139824 129.248535 -44.269169
v -103.780396 128.968796 -44.972664
v 2.204987 113.994667 201.670120
v 2.071548 114.923698 197.364700
v 9.905014 116.006683 198.673477
v -122.819267 155.961121 20.233131
v -175.953552 127.723915 -48.337631
v -155.196701 125.040474 -47.399296
v -98.289856 113.428978 192.687729
v -98.922676 112.250374 196.955185
v -115.074646 111.971779 196.202133
v -175.953552 127.723915 -48.337631
v -122.819267 155.961121 20.233131
v -128.142059 157.288712 19.998703
v -115.074646 111.971779 196.202133
v -114.840271 112.275078 191.982529
v -98.289856 113.428978 192.687729
v -128.142059 157.288712 19.998703
v -179.476791 127.663147 -48.501900
v -175.953552 127.723915 -48.337631
v 118.277145 117.858932 203.763443
v 121.538834 116.043915 208.258926
v 112.276871 115.884163 207.827103
v -125.436951 125.911301 -46.008331
v -103.780396 128.968796 -44.972664
v -98.766914 158.225632 22.042938
v 112.276871 115.884163 207.827103
v 110.164749 117.394272 203.382065
v 118.277145 117.858932 203.763443
v -103.780396 128.968796 -44.972664
v -95.139824 129.248535 -44.269169
v -98.766914 158.225632 22.042938
v 15.430435 115.785851 198.965469
v 16.399155 114.230423 203.356979
v 9.733749 114.115456 203.046188
v 27.901871 118.382484 -69.488174
v 26.754501 128.827164 -38.909843
v 20.717102 131.246887 -38.867538
v 9.733749 114.115456 203.046188
v 9.905014 116.006683 198.673477
v 15.430435 115.785851 198.965469
v 20.717102 131.246887 -38.867538
v 22.372971 118.602600 -69.705475
v 27.901871 118.382484 -69.488174
v -115.074646 111.971779 196.202133
v -145.311005 111.450249 194.792404
v -144.634949 111.452103 190.590439
v 105.086533 132.571426 -35.234589
v 98.329605 129.856918 -35.574749
v 122.636185 119.990906 -65.071579
v -144.634949 111.452103 190.590439
v -114.840271 112.275078 191.982529
v -115.074646 111.971779 196.202133
v 122.636185 119.990906 -65.071579
v 130.748581 120.455574 -64.690216
v 105.086533 132.571426 -35.234589
v -213.989380 110.265648 191.590378
v -218.062759 110.409149 191.930771
v -214.285385 112.130692 187.361282
v 98.329605 129.856918 -35.574749
v 105.086533 132.571426 -35.234589
v 46.613693 160.302994 28.146416
v -214.285385 112.130692 187.361282
v -210.422394 111.197784 187.531693
v -213.989380 110.265648 191.590378
v 46.613693 160.302994 28.146416
v 39.096817 158.689026 27.781593
v 98.329605 129.856918 -35.574749
v -178.863419 110.871521 193.228073
v -213.989380 110.265648 191.590378
v -210.422394 111.197784 187.531693
v 19.976807 159.933304 27.354439
v 20.717102 131.246887 -38.867538
v 26.754501 128.827164 -38.909843
v -210.422394 111.197784 187.531693
v -175.948502 110.534187 189.126816
v -178.863419 110.871521 193.228073
v -93.525604 116.599434 -74.212067
v -85.908508 116.006851 -73.826523
v -84.274651 123.682327 -43.518879
v -217.225220 112.226288 183.242294
v -221.111496 110.515877 187.657608
v -220.668533 110.359604 181.518845
v -84.274651 123.682327 -43.518879
v -95.139824 129.248535 -44.269169
v -93.525604 116.599434 -74.212067
v -220.668533 110.359604 181.518845
v -216.932892 111.289558 177.318588
v -217.225220 112.226288 183.242294
v 20.717102 131.246887 -38.867538
v 10.631943 128.580338 -39.062466
v 14.452896 117.501579 -69.149635
v -216.932892 111.289558 177.318588
v -220.668533 110.359604 181.518845
v -219.102188 110.685722 147.802658
v 14.452896 117.501579 -69.149635
v 22.372971 118.602600 -69.705475
v 20.717102 131.246887 -38.867538
v -219.102188 110.685722 147.802658
v -215.680450 111.125748 145.355865
v -216.932892 111.289558 177.318588
v 19.976807 159.933304 27.354439
v 18.744095 178.468811 65.206726
v 6.970474 159.337311 28.091644
v -213.173309 112.186005 91.189133
v -216.507950 111.225861 91.960403
v -214.730667 111.595909 53.703354
v -104.248558 176.439819 59.427948
v -98.766914 158.225632 22.042938
v -87.975563 156.672974 23.655014
v -214.730667 111.595909 53.703354
v -211.207169 112.993019 53.880569
v -213.173309 112.186005 91.189133
v 10.631943 128.580338 -39.062466
v 20.717102 131.246887 -38.867538
v 19.976807 159.933304 27.354439
v 2.071548 114.923698 197.364700
v 2.204987 113.994667 201.670120
v -31.504227 113.413239 200.098465
v 19.976807 159.933304 27.354439
v 6.970474 159.337311 28.091644
v 10.631943 128.580338 -39.062466
v -31.504227 113.413239 200.098465
v -31.354706 112.865791 195.791916
v 2.071548 114.923698 197.364700
v -95.139824 129.248535 -44.269169
v -84.274651 123.682327 -43.518879
v -87.975563 156.672974 23.655014
v -65.213455 112.831802 198.526840
v -98.922676 112.250374 196.955185
v -98.289856 113.428978 192.687729
v -87.975563 156.672974 23.655014
v -98.766914 158.225632 22.042938
v -95.139824 129.248535 -44.269169
v -98.289856 113.428978 192.687729
v -64.819534 112.991440 194.238449
v -65.213455 112.831802 198.526840
v 102.848770 130.611298 68.640945
v 103.807632 127.065903 47.774765
v 128.457535 119.119896 42.862488
v 127.081436 116.884331 138.245926
v 125.350296 116.523895 175.509811
v 122.060501 117.948120 172.155716
v 128.457535 119.119896 42.862488
v 127.718643 119.528358 69.689117
v 102.848770 130.611298 68.640945
v 122.060501 117.948120 172.155716
v 123.740738 118.083252 136.067307
v 127.081436 116.884331 138.245926
v 18.744095 178.468811 65.206726
v 46.613693 160.302994 28.146416
v 49.249161 159.979156 30.383408
v 124.340103 116.313560 197.254562
v 124.015427 116.245964 204.243362
v 120.764877 118.040016 199.911484
v 132.868332 120.560036 -60.621468
v 107.390091 132.551132 -32.301731
v 105.086533 132.571426 -35.234589
v 120.764877 118.040016 199.911484
v 121.094406 117.889915 192.899002
v 124.340103 116.313560 197.254562
v 105.086533 132.571426 -35.234589
v 130.748581 120.455574 -64.690216
v 132.868332 120.560036 -60.621468
v 129.409988 117.449867 97.458939
v 127.081436 116.884331 138.245926
v 123.740738 118.083252 136.067307
v -104.248558 176.439819 59.427948
v -130.636002 158.055618 22.346359
v -128.142059 157.288712 19.998703
v 123.740738 118.083252 136.067307
v 125.967789 118.601501 96.455811
v 129.409988 117.449867 97.458939
v -205.206207 114.728729 -75.472557
v -201.897095 114.710014 -79.302353
v -179.476791 127.663147 -48.501900
v 41.007507 125.139641 169.713547
v 17.113388 126.819824 168.619751
v 19.295425 157.831009 103.191895
v -179.476791 127.663147 -48.501900
v -181.926804 127.623962 -45.677265
v -205.206207 114.728729 -75.472557
v 38.424835 158.315445 103.173721
v 88.688492 127.849586 171.954880
v 64.862320 125.683228 170.827011
v -185.065231 123.795288 -18.231522
v -187.056732 124.415710 24.253670
v -209.705444 112.908035 16.541801
v 15.430435 115.785851 198.965469
v 17.113388 126.819824 168.619751
v 41.007507 125.139641 169.713547
v -209.705444 112.908035 16.541801
v -207.179352 112.895737 -37.634426
v -185.065231 123.795288 -18.231522
v 41.007507 125.139641 169.713547
v 50.451614 116.381378 200.598221
v 15.430435 115.785851 198.965469
v -131.096313 155.574097 33.136948
v -104.248558 176.439819 59.427948
v -132.290665 157.669540 57.978912
v 88.688492 127.849586 171.954880
v 110.164749 117.394272 203.382065
v 83.529282 116.943382 202.140305
v 48.879807 159.448914 38.501228
v 18.744095 178.468811 65.206726
v 49.249161 159.979156 30.383408
v 83.529282 116.943382 202.140305
v 64.862320 125.683228 170.827011
v 88.688492 127.849586 171.954880
v 106.470749 129.466446 -11.441429
v 107.088089 130.738647 -25.154064
v 132.546494 120.274315 -53.612816
v 110.164749 117.394272 203.382065
v 112.276871 115.884163 207.827103
v 85.260269 115.418167 206.567520
v 132.546494 120.274315 -53.612816
v 131.585403 119.931259 -32.872093
v 106.470749 129.466446 -11.441429
v 85.260269 115.418167 206.567520
v 83.529282 116.943382 202.140305
v 110.164749 117.394272 203.382065
v -122.819267 155.961121 20.233131
v -104.248558 176.439819 59.427948
v -128.142059 157.288712 19.998703
v 16.399155 114.230423 203.356979
v 15.430435 115.785851 198.965469
v 50.451614 116.381378 200.598221
v -125.436951 125.911301 -46.008331
v -155.196701 125.040474 -47.399296
v -163.560211 113.113510 -77.536797
v 50.451614 116.381378 200.598221
v 51.801498 114.841057 205.007553
v 16.399155 114.230423 203.356979
v -163.560211 113.113510 -77.536797
v -132.246674 114.031418 -76.073196
v -125.436951 125.911301 -46.008331
v 18.744095 178.468811 65.206726
v 38.424835 158.315445 103.173721
v 19.295425 157.831009 103.191895
v 74.489670 128.469528 -36.695690
v 50.634872 127.925949 -37.809158
v 62.923050 118.978012 -67.855446
v -17.787537 60.136471 -74.641403
v -18.289246 88.947739 -74.616211
v -51.974304 88.366142 -76.110809
v 62.923050 118.978012 -67.855446
v 96.000717 119.540024 -66.313339
v 74.489670 128.469528 -36.695690
v -51.974304 88.366142 -76.110809
v -51.430771 59.037273 -77.036804
v -17.787537 60.136471 -74.641403
v -20.962402 124.615173 -40.568584
v -52.693192 128.375809 -42.006313
v -52.438187 115.569313 -72.275841
v 198.966263 21.372461 44.088638
v 198.307510 20.949066 45.056625
v 197.051926 92.020164 45.685745
v -52.438187 115.569313 -72.275841
v -18.973358 115.443672 -70.722412
v -20.962402 124.615173 -40.568584
v 197.051926 92.020164 45.685745
v 197.707230 92.645088 44.718765
v 198.966263 21.372461 44.088638
v -44.670410 176.206116 62.228729
v -56.288681 155.398499 25.114746
v -24.639893 156.279449 26.593559
v 197.110458 21.368971 40.956223
v 195.851700 92.642365 41.587143
v 138.580338 91.640144 40.540924
v 48.209625 158.997284 54.855743
v 103.807632 127.065903 47.774765
v 102.848770 130.611298 68.640945
v 138.580338 91.640144 40.540924
v 139.868362 20.372849 39.279816
v 197.110458 21.368971 40.956223
v 102.848770 130.611298 68.640945
v 47.974564 159.466278 66.370789
v 48.209625 158.997284 54.855743
v -205.895676 19.897566 -77.165359
v -209.715057 89.073532 -75.305084
v -208.857285 88.445320 -42.453049
v 46.613693 160.302994 28.146416
v 105.086533 132.571426 -35.234589
v 107.390091 132.551132 -32.301731
v -208.857285 88.445320 -42.453049
v -209.876007 21.512154 -42.769485
v -205.895676 19.897566 -77.165359
v 107.390091 132.551132 -32.301731
v 49.249161 159.979156 30.383408
v 46.613693 160.302994 28.146416
v 134.300430 107.502594 41.919144
v 195.428848 108.556969 44.769150
v 194.132858 108.287132 72.665756
v -128.142059 157.288712 19.998703
v -130.636002 158.055618 22.346359
v -181.926804 127.623962 -45.677265
v 194.132858 108.287132 72.665756
v 133.004440 107.232758 69.815750
v 134.300430 107.502594 41.919144
v -181.926804 127.623962 -45.677265
v -179.476791 127.663147 -48.501900
v -128.142059 157.288712 19.998703
v 196.822189 104.982758 45.800446
v 195.572617 104.722580 72.698181
v 196.174484 105.744751 72.736038
v -131.096313 155.574097 33.136948
v -185.065231 123.795288 -18.231522
v -182.266556 125.737312 -37.692341
v 196.174484 105.744751 72.736038
v 197.470718 106.010735 44.835510
v 196.822189 104.982758 45.800446
v 107.088089 130.738647 -25.154064
v 106.470749 129.466446 -11.441429
v 48.879807 159.448914 38.501228
v -208.664886 113.107338 -80.261345
v -210.238281 110.169281 -83.369507
v -207.153473 110.248566 -86.168480
v -122.819267 155.961121 20.233131
v -155.196701 125.040474 -47.399296
v -125.436951 125.911301 -46.008331
v -207.153473 110.248566 -86.168480
v -205.233047 113.080383 -84.234734
v -208.664886 113.107338 -80.261345
v -125.436951 125.911301 -46.008331
v -98.766914 158.225632 22.042938
v -122.819267 155.961121 20.233131
v -166.082687 113.532555 -81.883293
v -167.181366 110.714920 -83.778648
v -133.218079 111.300743 -82.195114
v 50.634872 127.925949 -37.809158
v 74.489670 128.469528 -36.695690
v 39.096817 158.689026 27.781593
v -133.218079 111.300743 -82.195114
v -132.530258 114.111282 -80.318962
v -166.082687 113.532555 -81.883293
v 39.096817 158.689026 27.781593
v 29.352890 158.640396 27.328453
v 50.634872 127.925949 -37.809158
v -206.664383 88.864616 -85.443459
v -209.351196 88.795578 -83.006760
v -207.944504 19.918409 -83.607613
v -20.962402 124.615173 -40.568584
v -24.639893 156.279449 26.593559
v -56.288681 155.398499 25.114746
v -207.944504 19.918409 -83.607613
v -205.456711 19.982321 -85.863182
v -206.664383 88.864616 -85.443459
v -56.288681 155.398499 25.114746
v -52.693192 128.375809 -42.006313
v -20.962402 124.615173 -40.568584
v -52.432724 115.492836 -76.584541
v -52.298798 112.696472 -78.422310
v -18.589569 113.277908 -76.850685
v -133.295898 88.980659 -80.515625
v -167.008438 88.398323 -81.998703
v -166.953552 86.388748 -82.128601
v -18.589569 113.277908 -76.850685
v -18.723495 116.074272 -75.012917
v -52.432724 115.492836 -76.584541
v -166.953552 86.388748 -82.128601
v -133.268463 86.970345 -80.634003
v -133.295898 88.980659 -80.515625
v 98.136063 118.098984 -70.589592
v 64.677292 117.521873 -72.149551
v 65.737167 114.743965 -74.223854
v -120.358910 88.972549 -80.327606
v -133.295898 88.980659 -80.515625
v -133.268463 86.970345 -80.634003
v 65.737167 114.743965 -74.223854
v 99.424210 115.325005 -72.653267
v 98.136063 118.098984 -70.589592
v -133.268463 86.970345 -80.634003
v -122.892059 86.931587 -80.485191
v -120.358910 88.972549 -80.327606
v -210.359131 112.506088 -40.395935
v -212.953369 111.965950 15.446320
v -214.595123 109.013649 13.809555
v -120.546593 56.038509 -80.717117
v -120.358910 88.972549 -80.327606
v -122.892059 86.931587 -80.485191
v -214.595123 109.013649 13.809555
v -211.978104 109.558533 -42.523170
v -210.359131 112.506088 -40.395935
v -122.892059 86.931587 -80.485191
v -123.076469 58.236961 -80.841057
v -120.546593 56.038509 -80.717117
v 197.470718 106.010735 44.835510
v 195.428848 108.556969 44.769150
v 195.615616 106.009567 41.705467
v -132.722290 55.938164 -80.593849
v -120.546593 56.038509 -80.717117
v -123.076469 58.236961 -80.841057
v 195.615616 106.009567 41.705467
v 195.428848 108.556969 44.769150
v 134.300430 107.502594 41.919144
v -123.076469 58.236961 -80.841057
v -132.766754 58.159077 -80.659203
v -132.722290 55.938164 -80.593849
v 134.300430 107.502594 41.919144
v 134.487198 104.955193 38.855446
v 195.615616 106.009567 41.705467
v -166.382919 54.838531 -83.003059
v -132.722290 55.938164 -80.593849
v -132.766754 58.159077 -80.659203
v 195.428848 108.556969 44.769150
v 197.470718 106.010735 44.835510
v 196.174484 105.744751 72.736038
v -132.766754 58.159077 -80.659203
v -166.410004 57.059875 -83.054596
v -166.382919 54.838531 -83.003059
v 196.174484 105.744751 72.736038
v 194.132858 108.287132 72.665756
v 195.428848 108.556969 44.769150
v -179.568573 55.031483 -83.459419
v -166.382919 54.838531 -83.003059
v -166.410004 57.059875 -83.054596
v 197.707230 92.645088 44.718765
v 195.851700 92.642365 41.587143
v 197.110458 21.368971 40.956223
v -166.410004 57.059875 -83.054596
v -177.555359 57.237976 -83.397545
v -179.568573 55.031483 -83.459419
v 197.110458 21.368971 40.956223
v 198.966263 21.372461 44.088638
v 197.707230 92.645088 44.718765
v -180.976074 87.910812 -83.122169
v -179.568573 55.031483 -83.459419
v -177.555359 57.237976 -83.397545
v 16.605347 23.797653 -73.826721
v 24.250519 23.988075 -74.973083
v 23.053665 92.865089 -74.783669
v -177.555359 57.237976 -83.397545
v -178.804672 85.963791 -83.138260
v -180.976074 87.910812 -83.122169
v 23.053665 92.865089 -74.783669
v 15.403671 92.681198 -73.536102
v 16.605347 23.797653 -73.826721
v -167.008438 88.398323 -81.998703
v -180.976074 87.910812 -83.122169
v -178.804672 85.963791 -83.138260
v -85.723991 90.936905 -78.251007
v -92.816849 90.826042 -79.878777
v -91.615112 21.942511 -80.170540
v -178.804672 85.963791 -83.138260
v -166.953552 86.388748 -82.128601
v -167.008438 88.398323 -81.998703
v -91.615112 21.942511 -80.170540
v -84.522316 22.053358 -78.541626
v -85.723991 90.936905 -78.251007
v -201.868713 107.109283 -84.267105
v -180.976074 87.910812 -83.122169
v -167.008438 88.398323 -81.998703
v 14.985718 116.655701 -73.441277
v 15.119644 113.859337 -75.279045
v 22.743439 113.999908 -75.948662
v -167.008438 88.398323 -81.998703
v -167.236359 107.708420 -82.853798
v -201.868713 107.109283 -84.267105
v 22.743439 113.999908 -75.948662
v 22.609528 116.796272 -74.110901
v 14.985718 116.655701 -73.441277
v -100.309433 90.685532 -78.953651
v -100.592255 108.828773 -79.599701
v -120.358910 88.972549 -80.327606
v -86.008026 112.115044 -79.993950
v -86.141937 114.911407 -78.156181
v -93.294991 114.791862 -78.489647
v -132.608704 21.216322 -79.922836
v -99.126778 21.798019 -78.834610
v -120.546593 56.038509 -80.717117
v -93.294991 114.791862 -78.489647
v -93.161072 111.995506 -80.327408
v -86.008026 112.115044 -79.993950
v -120.546593 56.038509 -80.717117
v -132.722290 55.938164 -80.593849
v -132.608704 21.216322 -79.922836
v 132.913406 111.537949 41.673500
v 134.300430 107.502594 41.919144
v 132.285568 111.940620 69.827896
v -166.057709 20.637972 -81.323517
v -132.608704 21.216322 -79.922836
v -132.722290 55.938164 -80.593849
v 134.414627 118.724739 -68.898163
v 136.602890 115.963806 -70.640343
v 139.259079 115.983536 -67.573700
v -132.722290 55.938164 -80.593849
v -166.382919 54.838531 -83.003059
v -166.057709 20.637972 -81.323517
v 139.259079 115.983536 -67.573700
v 136.980209 118.863289 -65.563828
v 134.414627 118.724739 -68.898163
v -200.202591 20.063257 -84.523399
v -166.057709 20.637972 -81.323517
v -166.382919 54.838531 -83.003059
v 136.655533 118.795692 -58.575035
v 138.904007 115.909615 -59.930950
v 137.863449 115.692963 -37.532261
v -166.382919 54.838531 -83.003059
v -179.568573 55.031483 -83.459419
v -200.202591 20.063257 -84.523399
v 137.863449 115.692963 -37.532261
v 135.173233 118.569084 -35.933613
v 136.655533 118.795692 -58.575035
v -201.429581 88.941536 -83.687996
v -200.202591 20.063257 -84.523399
v -179.568573 55.031483 -83.459419
v 138.407211 9.093355 -69.803337
v 138.453598 5.966153 -69.641006
v 141.153915 5.995107 -67.524376
v -179.568573 55.031483 -83.459419
v -180.976074 87.910812 -83.122169
v -201.429581 88.941536 -83.687996
v 141.153915 5.995107 -67.524376
v 141.102402 9.451658 -67.698364
v 138.407211 9.093355 -69.803337
v -99.126778 21.798019 -78.834610
v -100.309433 90.685532 -78.953651
v -120.358910 88.972549 -80.327606
v 131.978958 117.984749 42.160751
v 134.185104 115.091011 41.585564
v 132.866653 115.035065 69.884827
v -120.358910 88.972549 -80.327606
v -120.546593 56.038509 -80.717117
v -99.126778 21.798019 -78.834610
v 132.866653 115.035065 69.884827
v 131.271439 117.945076 69.838852
v 131.978958 117.984749 42.160751
v -120.358910 88.972549 -80.327606
v -100.592255 108.828773 -79.599701
v -133.400681 108.291916 -81.263519
v 134.545456 101.656197 38.826248
v 135.679703 112.478714 0.467773
v 133.919785 93.915871 0.335831
v -133.400681 108.291916 -81.263519
v -133.295898 88.980659 -80.515625
v -120.358910 88.972549 -80.327606
v 133.919785 93.915871 0.335831
v 134.723282 91.587990 38.737122
v 134.545456 101.656197 38.826248
v -201.429581 88.941536 -83.687996
v -180.976074 87.910812 -83.122169
v -201.868713 107.109283 -84.267105
v 140.335861 25.064470 -37.830254
v 135.274979 94.275177 -37.550507
v 137.688858 94.515076 -59.834732
v -123.076469 58.236961 -80.841057
v -122.892059 86.931587 -80.485191
v -133.268463 86.970345 -80.634003
v 137.688858 94.515076 -59.834732
v 139.423782 25.261669 -61.927025
v 140.335861 25.064470 -37.830254
v -133.268463 86.970345 -80.634003
v -132.766754 58.159077 -80.659203
v -123.076469 58.236961 -80.841057
v 122.219193 25.666826 -69.156113
v 138.117508 25.998943 -69.843712
v 136.910080 94.866219 -69.424126
v -178.804672 85.963791 -83.138260
v -177.555359 57.237976 -83.397545
v -166.410004 57.059875 -83.054596
v 136.910080 94.866219 -69.424126
v 126.819107 94.642616 -68.559822
v 122.219193 25.666826 -69.156113
v -166.410004 57.059875 -83.054596
v -166.953552 86.388748 -82.128601
v -178.804672 85.963791 -83.138260
v 31.319168 92.995018 -72.969940
v 23.053665 92.865089 -74.783669
v 24.250519 23.988075 -74.973083
v -167.236359 107.708420 -82.853798
v -167.008438 88.398323 -81.998703
v -133.295898 88.980659 -80.515625
v 24.250519 23.988075 -74.973083
v 34.226181 24.148521 -73.195053
v 31.319168 92.995018 -72.969940
v -133.295898 88.980659 -80.515625
v -133.400681 108.291916 -81.263519
v -167.236359 107.708420 -82.853798
v 134.414627 118.724739 -68.898163
v 125.152664 118.564980 -69.329987
v 126.669083 115.794937 -71.383049
v -166.953552 86.388748 -82.128601
v -166.410004 57.059875 -83.054596
v -132.766754 58.159077 -80.659203
v 126.669083 115.794937 -71.383049
v 136.602890 115.963806 -70.640343
v 134.414627 118.724739 -68.898163
v -132.766754 58.159077 -80.659203
v -133.268463 86.970345 -80.634003
v -166.953552 86.388748 -82.128601
v 22.743439 113.999908 -75.948662
v 30.106613 114.129387 -75.885048
v 29.274933 116.911240 -73.800133
v 99.731003 93.000008 -69.651108
v 66.018478 92.417679 -71.134186
v 66.073380 90.408096 -71.264091
v 29.274933 116.911240 -73.800133
v 22.609528 116.796272 -74.110901
v 22.743439 113.999908 -75.948662
v 66.073380 90.408096 -71.264091
v 99.758438 90.989693 -69.769493
v 99.731003 93.000008 -69.651108
v 99.405563 112.433121 -70.496101
v 99.424210 115.325005 -72.653267
v 65.737167 114.743965 -74.223854
v 114.962692 93.031487 -69.356102
v 99.731003 93.000008 -69.651108
v 99.758438 90.989693 -69.769493
v 65.737167 114.743965 -74.223854
v 65.707108 111.851814 -72.060150
v 99.405563 112.433121 -70.496101
v 99.758438 90.989693 -69.769493
v 112.429550 90.990524 -69.513687
v 114.962692 93.031487 -69.356102
v 64.448685 7.833507 -75.038536
v 64.395859 4.685645 -72.740616
v 100.922409 5.316297 -71.108253
v 114.775009 60.097439 -69.745613
v 114.962692 93.031487 -69.356102
v 112.429550 90.990524 -69.513687
v 100.922409 5.316297 -71.108253
v 100.960526 8.461094 -73.089363
v 64.448685 7.833507 -75.038536
v 112.429550 90.990524 -69.513687
v 112.245132 62.295891 -69.869560
v 114.775009 60.097439 -69.745613
v 65.565384 24.680565 -70.772766
v 64.448685 7.833507 -75.038536
v 100.960526 8.461094 -73.089363
v 100.304642 59.957516 -69.729332
v 114.775009 60.097439 -69.745613
v 112.245132 62.295891 -69.869560
v 100.960526 8.461094 -73.089363
v 100.682663 25.286470 -69.156677
v 65.565384 24.680565 -70.772766
v 112.245132 62.295891 -69.869560
v 100.260178 62.178429 -69.794685
v 100.304642 59.957516 -69.729332
v 126.678238 112.903595 -69.231628
v 136.595047 113.205566 -69.451797
v 136.602890 115.963806 -70.640343
v 66.644028 58.857883 -72.138542
v 100.304642 59.957516 -69.729332
v 100.260178 62.178429 -69.794685
v 136.602890 115.963806 -70.640343
v 126.669083 115.794937 -71.383049
v 126.678238 112.903595 -69.231628
v 100.260178 62.178429 -69.794685
v 66.616898 61.079227 -72.190086
v 66.644028 58.857883 -72.138542
v 126.819107 94.642616 -68.559822
v 136.910080 94.866219 -69.424126
v 136.595047 113.205566 -69.451797
v 54.357498 59.066345 -72.552986
v 66.644028 58.857883 -72.138542
v 66.616898 61.079227 -72.190086
v 136.595047 113.205566 -69.451797
v 126.678238 112.903595 -69.231628
v 126.819107 94.642616 -68.559822
v 66.616898 61.079227 -72.190086
v 56.370682 61.272839 -72.491104
v 54.357498 59.066345 -72.552986
v 138.453598 5.966153 -69.641006
v 138.407211 9.093355 -69.803337
v 122.556534 8.834089 -72.139000
v 52.949997 91.945679 -72.215729
v 54.357498 59.066345 -72.552986
v 56.370682 61.272839 -72.491104
v 122.556534 8.834089 -72.139000
v 122.519089 5.689431 -70.171989
v 138.453598 5.966153 -69.641006
v 56.370682 61.272839 -72.491104
v 55.121384 89.998650 -72.231819
v 52.949997 91.945679 -72.215729
v 138.117508 25.998943 -69.843712
v 122.219193 25.666826 -69.156113
v 122.556534 8.834089 -72.139000
v 66.018478 92.417679 -71.134186
v 52.949997 91.945679 -72.215729
v 55.121384 89.998650 -72.231819
v 122.556534 8.834089 -72.139000
v 138.407211 9.093355 -69.803337
v 138.117508 25.998943 -69.843712
v 55.121384 89.998650 -72.231819
v 66.073380 90.408096 -71.264091
v 66.018478 92.417679 -71.134186
v 35.336380 7.321054 -75.231163
v 24.582016 7.249970 -75.891045
v 24.564392 3.996063 -74.309448
v 31.036865 111.253738 -73.669525
v 52.949997 91.945679 -72.215729
v 66.018478 92.417679 -71.134186
v 24.564392 3.996063 -74.309448
v 35.296921 4.175985 -73.221878
v 35.336380 7.321054 -75.231163
v 66.018478 92.417679 -71.134186
v 65.707108 111.851814 -72.060150
v 31.036865 111.253738 -73.669525
v 34.226181 24.148521 -73.195053
v 24.250519 23.988075 -74.973083
v 24.582016 7.249970 -75.891045
v 126.819107 94.642616 -68.559822
v 126.678238 112.903595 -69.231628
v 114.962692 93.031487 -69.356102
v 24.582016 7.249970 -75.891045
v 35.336380 7.321054 -75.231163
v 34.226181 24.148521 -73.195053
v 100.682663 25.286470 -69.156677
v 122.219193 25.666826 -69.156113
v 114.775009 60.097439 -69.745613
v 22.743439 113.999908 -75.948662
v 22.737137 111.116692 -74.746628
v 31.036865 111.253738 -73.669525
v 114.775009 60.097439 -69.745613
v 100.304642 59.957516 -69.729332
v 100.682663 25.286470 -69.156677
v 31.036865 111.253738 -73.669525
v 30.106613 114.129387 -75.885048
v 22.743439 113.999908 -75.948662
v 65.565384 24.680565 -70.772766
v 100.682663 25.286470 -69.156677
v 100.304642 59.957516 -69.729332
v 23.053665 92.865089 -74.783669
v 31.319168 92.995018 -72.969940
v 31.036865 111.253738 -73.669525
v 100.304642 59.957516 -69.729332
v 66.644028 58.857883 -72.138542
v 65.565384 24.680565 -70.772766
v 31.036865 111.253738 -73.669525
v 22.737137 111.116692 -74.746628
v 23.053665 92.865089 -74.783669
v 34.226181 24.148521 -73.195053
v 65.565384 24.680565 -70.772766
v 66.644028 58.857883 -72.138542
v -18.578979 110.272911 -75.966568
v -18.589569 113.277908 -76.850685
v -52.298798 112.696472 -78.422310
v 66.644028 58.857883 -72.138542
v 54.357498 59.066345 -72.552986
v 34.226181 24.148521 -73.195053
v -52.298798 112.696472 -78.422310
v -52.288208 109.691483 -77.538185
v -18.578979 110.272911 -75.966568
v 31.319168 92.995018 -72.969940
v 34.226181 24.148521 -73.195053
v 54.357498 59.066345 -72.552986
v -18.310989 90.944801 -74.563133
v -18.578979 110.272911 -75.966568
v -52.288208 109.691483 -77.538185
v 54.357498 59.066345 -72.552986
v 52.949997 91.945679 -72.215729
v 31.319168 92.995018 -72.969940
v -52.288208 109.691483 -77.538185
v -52.024399 90.362511 -76.045876
v -18.310989 90.944801 -74.563133
v 122.219193 25.666826 -69.156113
v 126.819107 94.642616 -68.559822
v 114.962692 93.031487 -69.356102
v -50.429031 6.066409 -79.077850
v -50.430573 2.702466 -77.800278
v -16.721344 3.283898 -76.228653
v 114.962692 93.031487 -69.356102
v 114.775009 60.097439 -69.745613
v 122.219193 25.666826 -69.156113
v -16.721344 3.283898 -76.228653
v -16.707367 6.650430 -77.773781
v -50.429031 6.066409 -79.077850
v 114.962692 93.031487 -69.356102
v 126.678238 112.903595 -69.231628
v 99.405563 112.433121 -70.496101
v -50.840347 22.837261 -75.902878
v -50.429031 6.066409 -79.077850
v -16.707367 6.650430 -77.773781
v 99.405563 112.433121 -70.496101
v 99.731003 93.000008 -69.651108
v 114.962692 93.031487 -69.356102
v -16.707367 6.650430 -77.773781
v -17.194931 23.197260 -73.437950
v -50.840347 22.837261 -75.902878
v 31.319168 92.995018 -72.969940
v 52.949997 91.945679 -72.215729
v 31.036865 111.253738 -73.669525
v -165.784088 4.082440 -85.102875
v -165.759430 0.723953 -84.389481
v -132.669022 1.278733 -81.041687
v 112.245132 62.295891 -69.869560
v 112.429550 90.990524 -69.513687
v 99.758438 90.989693 -69.769493
v -132.669022 1.278733 -81.041687
v -132.651031 4.646103 -82.673454
v -165.784088 4.082440 -85.102875
v 99.758438 90.989693 -69.769493
v 100.260178 62.178429 -69.794685
v 112.245132 62.295891 -69.869560
v -166.057709 20.637972 -81.323517
v -165.784088 4.082440 -85.102875
v -132.651031 4.646103 -82.673454
v 55.121384 89.998650 -72.231819
v 56.370682 61.272839 -72.491104
v 66.616898 61.079227 -72.190086
v -132.651031 4.646103 -82.673454
v -132.608704 21.216322 -79.922836
v -166.057709 20.637972 -81.323517
v 66.616898 61.079227 -72.190086
v 66.073380 90.408096 -71.264091
v 55.121384 89.998650 -72.231819
v -133.400681 108.291916 -81.263519
v -133.218079 111.300743 -82.195114
v -167.181366 110.714920 -83.778648
v 65.707108 111.851814 -72.060150
v 66.018478 92.417679 -71.134186
v 99.731003 93.000008 -69.651108
v -167.181366 110.714920 -83.778648
v -167.236359 107.708420 -82.853798
v -133.400681 108.291916 -81.263519
v 99.731003 93.000008 -69.651108
v 99.405563 112.433121 -70.496101
v 65.707108 111.851814 -72.060150
v -208.908356 106.917564 -76.657440
v -210.388977 109.889404 -76.729813
v -211.978104 109.558533 -42.523170
v 66.073380 90.408096 -71.264091
v 66.616898 61.079227 -72.190086
v 100.260178 62.178429 -69.794685
v -211.978104 109.558533 -42.523170
v -210.427322 106.587616 -42.415184
v -208.908356 106.917564 -76.657440
v 100.260178 62.178429 -69.794685
v 99.758438 90.989693 -69.769493
v 66.073380 90.408096 -71.264091
v -209.715057 89.073532 -75.305084
v -208.908356 106.917564 -76.657440
v -210.427322 106.587616 -42.415184
v -18.310989 90.944801 -74.563133
v -52.024399 90.362511 -76.045876
v -51.974304 88.366142 -76.110809
v -210.427322 106.587616 -42.415184
v -208.857285 88.445320 -42.453049
v -209.715057 89.073532 -75.305084
v -51.974304 88.366142 -76.110809
v -18.289246 88.947739 -74.616211
v -18.310989 90.944801 -74.563133
v -213.736237 2.361875 13.593307
v -212.224686 -0.965225 13.728371
v -207.486603 -0.361730 -44.994007
v -4.408295 90.940079 -74.319939
v -18.310989 90.944801 -74.563133
v -18.289246 88.947739 -74.616211
v -207.486603 -0.361730 -44.994007
v -210.802353 2.285486 -45.187115
v -213.736237 2.361875 13.593307
v -18.289246 88.947739 -74.616211
v -6.416779 88.934792 -74.397644
v -4.408295 90.940079 -74.319939
v -212.465820 18.977041 13.716034
v -213.736237 2.361875 13.593307
v -210.802353 2.285486 -45.187115
v -4.609375 58.260197 -74.704803
v -4.408295 90.940079 -74.319939
v -6.416779 88.934792 -74.397644
v -210.802353 2.285486 -45.187115
v -209.876007 21.512154 -42.769485
v -212.465820 18.977041 13.716034
v -6.416779 88.934792 -74.397644
v -6.601212 60.240162 -74.753510
v -4.609375 58.260197 -74.704803
v -205.172577 3.393142 -85.820007
v -207.461365 3.334348 -83.745575
v -207.212006 -0.013663 -83.766373
v -17.741882 58.134216 -74.632568
v -4.609375 58.260197 -74.704803
v -6.601212 60.240162 -74.753510
v -207.212006 -0.013663 -83.766373
v -205.122223 0.040004 -85.659676
v -205.172577 3.393142 -85.820007
v -6.601212 60.240162 -74.753510
v -17.787537 60.136471 -74.641403
v -17.741882 58.134216 -74.632568
v -205.456711 19.982321 -85.863182
v -207.944504 19.918409 -83.607613
v -207.461365 3.334348 -83.745575
v -51.403015 57.034622 -77.042130
v -17.741882 58.134216 -74.632568
v -17.787537 60.136471 -74.641403
v -207.461365 3.334348 -83.745575
v -205.172577 3.393142 -85.820007
v -205.456711 19.982321 -85.863182
v -17.787537 60.136471 -74.641403
v -51.430771 59.037273 -77.036804
v -51.403015 57.034622 -77.042130
v -210.238281 110.169281 -83.369507
v -209.862152 106.955574 -82.854843
v -206.976349 107.029739 -85.472679
v -62.926498 57.254318 -77.423714
v -51.403015 57.034622 -77.042130
v -51.430771 59.037273 -77.036804
v -206.976349 107.029739 -85.472679
v -207.153473 110.248566 -86.168480
v -210.238281 110.169281 -83.369507
v -51.430771 59.037273 -77.036804
v -61.010712 59.242374 -77.306763
v -62.926498 57.254318 -77.423714
v -209.351196 88.795578 -83.006760
v -206.664383 88.864616 -85.443459
v -206.976349 107.029739 -85.472679
v -64.338669 89.900703 -77.091850
v -62.926498 57.254318 -77.423714
v -61.010712 59.242374 -77.306763
v -206.976349 107.029739 -85.472679
v -209.862152 106.955574 -82.854843
v -209.351196 88.795578 -83.006760
v -61.010712 59.242374 -77.306763
v -62.260056 87.968185 -77.047478
v -64.338669 89.900703 -77.091850
v 15.130249 110.854347 -74.394928
v 22.737137 111.116692 -74.746628
v 22.743439 113.999908 -75.948662
v -52.024399 90.362511 -76.045876
v -64.338669 89.900703 -77.091850
v -62.260056 87.968185 -77.047478
v 22.743439 113.999908 -75.948662
v 15.119644 113.859337 -75.279045
v 15.130249 110.854347 -74.394928
v -62.260056 87.968185 -77.047478
v -51.974304 88.366142 -76.110809
v -52.024399 90.362511 -76.045876
v 15.403671 92.681198 -73.536102
v 23.053665 92.865089 -74.783669
v 22.737137 111.116692 -74.746628
v -85.997421 109.110046 -79.109825
v -64.338669 89.900703 -77.091850
v -52.024399 90.362511 -76.045876
v 22.737137 111.116692 -74.746628
v 15.130249 110.854347 -74.394928
v 15.403671 92.681198 -73.536102
v -52.024399 90.362511 -76.045876
v -52.288208 109.691483 -77.538185
v -85.997421 109.110046 -79.109825
v 24.582016 7.249970 -75.891045
v 16.958237 7.222785 -75.263687
v 16.931839 3.853664 -73.450974
v 15.403671 92.681198 -73.536102
v 15.130249 110.854347 -74.394928
v -4.408295 90.940079 -74.319939
v 16.931839 3.853664 -73.450974
v 24.564392 3.996063 -74.309448
v 24.582016 7.249970 -75.891045
v -17.194931 23.197260 -73.437950
v 16.605347 23.797653 -73.826721
v -4.609375 58.260197 -74.704803
v 24.250519 23.988075 -74.973083
v 16.605347 23.797653 -73.826721
v 16.958237 7.222785 -75.263687
v -4.609375 58.260197 -74.704803
v -17.741882 58.134216 -74.632568
v -17.194931 23.197260 -73.437950
v 16.958237 7.222785 -75.263687
v 24.582016 7.249970 -75.891045
v 24.250519 23.988075 -74.973083
v -50.840347 22.837261 -75.902878
v -17.194931 23.197260 -73.437950
v -17.741882 58.134216 -74.632568
v -84.150681 5.482388 -80.381912
v -91.336922 5.352087 -79.999390
v -91.292511 1.997711 -79.711067
v -17.741882 58.134216 -74.632568
v -51.403015 57.034622 -77.042130
v -50.840347 22.837261 -75.902878
v -91.292511 1.997711 -79.711067
v -84.139801 2.121034 -79.371918
v -84.150681 5.482388 -80.381912
v -84.522316 22.053358 -78.541626
v -50.840347 22.837261 -75.902878
v -51.403015 57.034622 -77.042130
v -84.522316 22.053358 -78.541626
v -91.615112 21.942511 -80.170540
v -91.336922 5.352087 -79.999390
v -51.403015 57.034622 -77.042130
v -62.926498 57.254318 -77.423714
v -84.522316 22.053358 -78.541626
v -91.336922 5.352087 -79.999390
v -84.150681 5.482388 -80.381912
v -84.522316 22.053358 -78.541626
v -85.723991 90.936905 -78.251007
v -84.522316 22.053358 -78.541626
v -62.926498 57.254318 -77.423714
v -93.136681 108.993378 -79.740181
v -85.997421 109.110046 -79.109825
v -86.008026 112.115044 -79.993950
v -62.926498 57.254318 -77.423714
v -64.338669 89.900703 -77.091850
v -85.723991 90.936905 -78.251007
v -86.008026 112.115044 -79.993950
v -93.161072 111.995506 -80.327408
v -93.136681 108.993378 -79.740181
v 16.605347 23.797653 -73.826721
v 15.403671 92.681198 -73.536102
v -4.408295 90.940079 -74.319939
v -92.816849 90.826042 -79.878777
v -85.723991 90.936905 -78.251007
v -85.997421 109.110046 -79.109825
v -4.408295 90.940079 -74.319939
v -4.609375 58.260197 -74.704803
v 16.605347 23.797653 -73.826721
v -85.997421 109.110046 -79.109825
v -93.136681 108.993378 -79.740181
v -92.816849 90.826042 -79.878777
v 34.226181 24.148521 -73.195053
v 35.336380 7.321054 -75.231163
v 64.448685 7.833507 -75.038536
v -100.309433 90.685532 -78.953651
v -99.126778 21.798019 -78.834610
v -91.615112 21.942511 -80.170540
v 64.448685 7.833507 -75.038536
v 65.565384 24.680565 -70.772766
v 34.226181 24.148521 -73.195053
v -91.615112 21.942511 -80.170540
v -92.816849 90.826042 -79.878777
v -100.309433 90.685532 -78.953651
v 122.556534 8.834089 -72.139000
v 122.219193 25.666826 -69.156113
v 100.682663 25.286470 -69.156677
v -200.202591 20.063257 -84.523399
v -201.429581 88.941536 -83.687996
v -206.664383 88.864616 -85.443459
v 100.682663 25.286470 -69.156677
v 100.960526 8.461094 -73.089363
v 122.556534 8.834089 -72.139000
v -206.664383 88.864616 -85.443459
v -205.456711 19.982321 -85.863182
v -200.202591 20.063257 -84.523399
v 35.336380 7.321054 -75.231163
v 35.296921 4.175985 -73.221878
v 64.395859 4.685645 -72.740616
v -102.293419 114.604965 -78.909485
v -102.570366 111.801521 -80.766457
v -93.161072 111.995506 -80.327408
v 64.395859 4.685645 -72.740616
v 64.448685 7.833507 -75.038536
v 35.336380 7.321054 -75.231163
v -93.161072 111.995506 -80.327408
v -93.294991 114.791862 -78.489647
v -102.293419 114.604965 -78.909485
v 122.519089 5.689431 -70.171989
v 122.556534 8.834089 -72.139000
v 100.960526 8.461094 -73.089363
v -132.530258 114.111282 -80.318962
v -133.218079 111.300743 -82.195114
v -102.570366 111.801521 -80.766457
v 100.960526 8.461094 -73.089363
v 100.922409 5.316297 -71.108253
v 122.519089 5.689431 -70.171989
v -102.570366 111.801521 -80.766457
v -102.293419 114.604965 -78.909485
v -132.530258 114.111282 -80.318962
v 126.678238 112.903595 -69.231628
v 126.669083 115.794937 -71.383049
v 99.424210 115.325005 -72.653267
v -202.718185 110.101967 -85.435532
v -201.208633 112.926682 -83.520988
v -205.233047 113.080383 -84.234734
v 99.424210 115.325005 -72.653267
v 99.405563 112.433121 -70.496101
v 126.678238 112.903595 -69.231628
v -205.233047 113.080383 -84.234734
v -207.153473 110.248566 -86.168480
v -202.718185 110.101967 -85.435532
v 30.106613 114.129387 -75.885048
v 31.036865 111.253738 -73.669525
v 65.707108 111.851814 -72.060150
v -167.181366 110.714920 -83.778648
v -166.082687 113.532555 -81.883293
v -201.208633 112.926682 -83.520988
v 65.707108 111.851814 -72.060150
v 65.737167 114.743965 -74.223854
v 30.106613 114.129387 -75.885048
v -201.208633 112.926682 -83.520988
v -202.718185 110.101967 -85.435532
v -167.181366 110.714920 -83.778648
v 64.677292 117.521873 -72.149551
v 29.274933 116.911240 -73.800133
v 30.106613 114.129387 -75.885048
v -99.515915 5.203179 -79.496056
v -99.460297 1.851136 -79.448738
v -91.292511 1.997711 -79.711067
v 30.106613 114.129387 -75.885048
v 65.737167 114.743965 -74.223854
v 64.677292 117.521873 -72.149551
v -91.292511 1.997711 -79.711067
v -91.336922 5.352087 -79.999390
v -99.515915 5.203179 -79.496056
v 99.424210 115.325005 -72.653267
v 126.669083 115.794937 -71.383049
v 125.152664 118.564980 -69.329987
v -132.651031 4.646103 -82.673454
v -132.669022 1.278733 -81.041687
v -99.460297 1.851136 -79.448738
v 125.152664 118.564980 -69.329987
v 98.136063 118.098984 -70.589592
v 99.424210 115.325005 -72.653267
v -99.460297 1.851136 -79.448738
v -99.515915 5.203179 -79.496056
v -132.651031 4.646103 -82.673454
v 139.423782 25.261669 -61.927025
v 140.831345 25.338184 -67.762329
v 141.102402 9.451658 -67.698364
v -200.585358 0.104862 -83.934845
v -200.610443 3.463263 -84.639320
v -205.172577 3.393142 -85.820007
v 141.102402 9.451658 -67.698364
v 142.200821 9.418591 -61.771454
v 139.423782 25.261669 -61.927025
v -205.172577 3.393142 -85.820007
v -205.122223 0.040004 -85.659676
v -200.585358 0.104862 -83.934845
v 143.752762 9.232654 -37.670074
v 142.071701 8.868173 0.150635
v 136.889450 24.669315 -0.066650
v -165.759430 0.723953 -84.389481
v -165.784088 4.082440 -85.102875
v -200.610443 3.463263 -84.639320
v 136.889450 24.669315 -0.066650
v 140.335861 25.064470 -37.830254
v 143.752762 9.232654 -37.670074
v -200.610443 3.463263 -84.639320
v -200.585358 0.104862 -83.934845
v -165.759430 0.723953 -84.389481
v 142.200821 9.418591 -61.771454
v 141.102402 9.451658 -67.698364
v 141.153915 5.995107 -67.524376
v -99.126778 21.798019 -78.834610
v -99.515915 5.203179 -79.496056
v -91.336922 5.352087 -79.999390
v 141.153915 5.995107 -67.524376
v 141.189743 5.943937 -61.672237
v 142.200821 9.418591 -61.771454
v -91.336922 5.352087 -79.999390
v -91.615112 21.942511 -80.170540
v -99.126778 21.798019 -78.834610
v 138.935501 5.357308 0.100334
v 142.071701 8.868173 0.150635
v 143.752762 9.232654 -37.670074
v -132.608704 21.216322 -79.922836
v -132.651031 4.646103 -82.673454
v -99.515915 5.203179 -79.496056
v 143.752762 9.232654 -37.670074
v 141.679123 5.739894 -37.645599
v 138.935501 5.357308 0.100334
v -99.515915 5.203179 -79.496056
v -99.126778 21.798019 -78.834610
v -132.608704 21.216322 -79.922836
v 135.274979 94.275177 -37.550507
v 133.919785 93.915871 0.335831
v 135.679703 112.478714 0.467773
v -200.610443 3.463263 -84.639320
v -200.202591 20.063257 -84.523399
v -205.456711 19.982321 -85.863182
v 135.679703 112.478714 0.467773
v 136.659714 112.831764 -37.461277
v 135.274979 94.275177 -37.550507
v -205.456711 19.982321 -85.863182
v -205.172577 3.393142 -85.820007
v -200.610443 3.463263 -84.639320
v 138.278549 113.058174 -59.807777
v 139.299698 113.143364 -67.394257
v 139.617386 94.615692 -67.353668
v -165.784088 4.082440 -85.102875
v -166.057709 20.637972 -81.323517
v -200.202591 20.063257 -84.523399
v 139.617386 94.615692 -67.353668
v 137.688858 94.515076 -59.834732
v 138.278549 113.058174 -59.807777
v -200.202591 20.063257 -84.523399
v -200.610443 3.463263 -84.639320
v -165.784088 4.082440 -85.102875
v 136.659714 112.831764 -37.461277
v 135.679703 112.478714 0.467773
v 136.101913 115.326202 0.385567
v -201.868713 107.109283 -84.267105
v -202.718185 110.101967 -85.435532
v -207.153473 110.248566 -86.168480
v 136.101913 115.326202 0.385567
v 137.863449 115.692963 -37.532261
v 136.659714 112.831764 -37.461277
v -207.153473 110.248566 -86.168480
v -206.976349 107.029739 -85.472679
v -201.868713 107.109283 -84.267105
v 138.904007 115.909615 -59.930950
v 139.259079 115.983536 -67.573700
v 139.299698 113.143364 -67.394257
v -167.236359 107.708420 -82.853798
v -167.181366 110.714920 -83.778648
v -202.718185 110.101967 -85.435532
v 139.299698 113.143364 -67.394257
v 138.278549 113.058174 -59.807777
v 138.904007 115.909615 -59.930950
v -202.718185 110.101967 -85.435532
v -201.868713 107.109283 -84.267105
v -167.236359 107.708420 -82.853798
v 134.545456 101.656197 38.826248
v 134.487198 104.955193 38.855446
v 135.679703 112.478714 0.467773
v -102.570366 111.801521 -80.766457
v -100.592255 108.828773 -79.599701
v -93.136681 108.993378 -79.740181
v 134.185104 115.091011 41.585564
v 136.101913 115.326202 0.385567
v 135.679703 112.478714 0.467773
v -93.136681 108.993378 -79.740181
v -93.161072 111.995506 -80.327408
v -102.570366 111.801521 -80.766457
v 135.679703 112.478714 0.467773
v 132.913406 111.537949 41.673500
v 134.185104 115.091011 41.585564
v -133.218079 111.300743 -82.195114
v -133.400681 108.291916 -81.263519
v -100.592255 108.828773 -79.599701
v 136.889450 24.669315 -0.066650
v 133.919785 93.915871 0.335831
v 135.274979 94.275177 -37.550507
v -100.592255 108.828773 -79.599701
v -102.570366 111.801521 -80.766457
v -133.218079 111.300743 -82.195114
v 135.274979 94.275177 -37.550507
v 140.335861 25.064470 -37.830254
v 136.889450 24.669315 -0.066650
v -201.429581 88.941536 -83.687996
v -201.868713 107.109283 -84.267105
v -206.976349 107.029739 -85.472679
v 139.617386 94.615692 -67.353668
v 140.831345 25.338184 -67.762329
v 139.423782 25.261669 -61.927025
v -206.976349 107.029739 -85.472679
v -206.664383 88.864616 -85.443459
v -201.429581 88.941536 -83.687996
v 139.423782 25.261669 -61.927025
v 137.688858 94.515076 -59.834732
v 139.617386 94.615692 -67.353668
v -100.592255 108.828773 -79.599701
v -100.309433 90.685532 -78.953651
v -92.816849 90.826042 -79.878777
v 133.442093 118.208656 1.330261
v 136.101913 115.326202 0.385567
v 134.185104 115.091011 41.585564
v -92.816849 90.826042 -79.878777
v -93.136681 108.993378 -79.740181
v -100.592255 108.828773 -79.599701
v 134.185104 115.091011 41.585564
v 131.978958 117.984749 42.160751
v 133.442093 118.208656 1.330261
v -212.465820 18.977041 13.716034
v -212.182953 87.887642 13.911308
v -214.130676 87.486214 53.508667
v 136.980209 118.863289 -65.563828
v 139.259079 115.983536 -67.573700
v 138.904007 115.909615 -59.930950
v -214.130676 87.486214 53.508667
v -212.490356 18.596609 52.914429
v -212.465820 18.977041 13.716034
v 138.904007 115.909615 -59.930950
v 136.655533 118.795692 -58.575035
v 136.980209 118.863289 -65.563828
v -209.876007 21.512154 -42.769485
v -208.857285 88.445320 -42.453049
v -212.182953 87.887642 13.911308
v 136.101913 115.326202 0.385567
v 133.442093 118.208656 1.330261
v 135.173233 118.569084 -35.933613
v -212.182953 87.887642 13.911308
v -212.465820 18.977041 13.716034
v -209.876007 21.512154 -42.769485
v 135.173233 118.569084 -35.933613
v 137.863449 115.692963 -37.532261
v 136.101913 115.326202 0.385567
v -209.715057 89.073532 -75.305084
v -205.895676 19.897566 -77.165359
v -207.944504 19.918409 -83.607613
v 133.004440 107.232758 69.815750
v 132.285568 111.940620 69.827896
v 134.300430 107.502594 41.919144
v -207.944504 19.918409 -83.607613
v -209.351196 88.795578 -83.006760
v -209.715057 89.073532 -75.305084
v 134.487198 104.955193 38.855446
v 134.300430 107.502594 41.919144
v 135.679703 112.478714 0.467773
v -208.664886 113.107338 -80.261345
v -208.792786 112.832214 -74.112122
v -210.388977 109.889404 -76.729813
v 134.545456 101.656197 38.826248
v 134.723282 91.587990 38.737122
v 138.580338 91.640144 40.540924
v -210.388977 109.889404 -76.729813
v -210.238281 110.169281 -83.369507
v -208.664886 113.107338 -80.261345
v 138.580338 91.640144 40.540924
v 138.452957 101.718857 39.544189
v 134.545456 101.656197 38.826248
v -208.792786 112.832214 -74.112122
v -210.359131 112.506088 -40.395935
v -211.978104 109.558533 -42.523170
v 134.545456 101.656197 38.826248
v 138.452957 101.718857 39.544189
v 134.487198 104.955193 38.855446
v -211.978104 109.558533 -42.523170
v -210.388977 109.889404 -76.729813
v -208.792786 112.832214 -74.112122
v 139.868362 20.372849 39.279816
v 135.982040 20.314600 38.106201
v 136.226089 7.765368 37.514801
v -216.443420 108.628822 53.595108
v -214.595123 109.013649 13.809555
v -212.953369 111.965950 15.446320
v 136.226089 7.765368 37.514801
v 140.171890 7.936429 37.371597
v 139.868362 20.372849 39.279816
v -212.953369 111.965950 15.446320
v -214.730667 111.595909 53.703354
v -216.443420 108.628822 53.595108
v 140.171890 7.936429 37.371597
v 136.226089 7.765368 37.514801
v 136.252975 4.974702 37.970413
v -212.810806 106.046478 13.960762
v -214.595123 109.013649 13.809555
v -216.443420 108.628822 53.595108
v 136.252975 4.974702 37.970413
v 140.185318 5.042529 38.153755
v 140.171890 7.936429 37.371597
v -216.443420 108.628822 53.595108
v -215.831619 105.642288 53.594635
v -212.810806 106.046478 13.960762
v 134.723282 91.587990 38.737122
v 135.982040 20.314600 38.106201
v 139.868362 20.372849 39.279816
v -210.427322 106.587616 -42.415184
v -211.978104 109.558533 -42.523170
v -214.595123 109.013649 13.809555
v 139.868362 20.372849 39.279816
v 138.580338 91.640144 40.540924
v 134.723282 91.587990 38.737122
v -214.595123 109.013649 13.809555
v -212.810806 106.046478 13.960762
v -210.427322 106.587616 -42.415184
v 139.617386 94.615692 -67.353668
v 136.910080 94.866219 -69.424126
v 138.117508 25.998943 -69.843712
v -210.388977 109.889404 -76.729813
v -208.908356 106.917564 -76.657440
v -209.862152 106.955574 -82.854843
v 138.117508 25.998943 -69.843712
v 140.831345 25.338184 -67.762329
v 139.617386 94.615692 -67.353668
v -209.862152 106.955574 -82.854843
v -210.238281 110.169281 -83.369507
v -210.388977 109.889404 -76.729813
v 140.831345 25.338184 -67.762329
v 138.117508 25.998943 -69.843712
v 138.407211 9.093355 -69.803337
v -212.182953 87.887642 13.911308
v -212.810806 106.046478 13.960762
v -215.831619 105.642288 53.594635
v 138.407211 9.093355 -69.803337
v 141.102402 9.451658 -67.698364
v 140.831345 25.338184 -67.762329
v -215.831619 105.642288 53.594635
v -214.130676 87.486214 53.508667
v -212.182953 87.887642 13.911308
v 139.299698 113.143364 -67.394257
v 136.595047 113.205566 -69.451797
v 136.910080 94.866219 -69.424126
v -208.857285 88.445320 -42.453049
v -210.427322 106.587616 -42.415184
v -212.810806 106.046478 13.960762
v 136.910080 94.866219 -69.424126
v 139.617386 94.615692 -67.353668
v 139.299698 113.143364 -67.394257
v -212.810806 106.046478 13.960762
v -212.182953 87.887642 13.911308
v -208.857285 88.445320 -42.453049
v 139.259079 115.983536 -67.573700
v 136.602890 115.963806 -70.640343
v 136.595047 113.205566 -69.451797
v -208.908356 106.917564 -76.657440
v -209.715057 89.073532 -75.305084
v -209.351196 88.795578 -83.006760
v 136.595047 113.205566 -69.451797
v 139.299698 113.143364 -67.394257
v 139.259079 115.983536 -67.573700
v -209.351196 88.795578 -83.006760
v -209.862152 106.955574 -82.854843
v -208.908356 106.917564 -76.657440
v 136.889450 24.669315 -0.066650
v 135.982040 20.314600 38.106201
v 134.723282 91.587990 38.737122
v -208.451508 3.260804 -77.412674
v -206.994431 -0.066665 -77.344833
v -207.212006 -0.013663 -83.766373
v 134.723282 91.587990 38.737122
v 133.919785 93.915871 0.335831
v 136.889450 24.669315 -0.066650
v -207.212006 -0.013663 -83.766373
v -207.461365 3.334348 -83.745575
v -208.451508 3.260804 -77.412674
v 142.200821 9.418591 -61.771454
v 143.752762 9.232654 -37.670074
v 140.335861 25.064470 -37.830254
v -210.802353 2.285486 -45.187115
v -207.486603 -0.361730 -44.994007
v -206.994431 -0.066665 -77.344833
v 140.335861 25.064470 -37.830254
v 139.423782 25.261669 -61.927025
v 142.200821 9.418591 -61.771454
v -206.994431 -0.066665 -77.344833
v -208.451508 3.260804 -77.412674
v -210.802353 2.285486 -45.187115
v 141.189743 5.943937 -61.672237
v 141.679123 5.739894 -37.645599
v 143.752762 9.232654 -37.670074
v -212.224686 -0.965225 13.728371
v -213.736237 2.361875 13.593307
v -215.051346 1.788538 52.626343
v 143.752762 9.232654 -37.670074
v 142.200821 9.418591 -61.771454
v 141.189743 5.943937 -61.672237
v -215.051346 1.788538 52.626343
v -212.676987 -1.318252 52.706604
v -212.224686 -0.965225 13.728371
v 136.659714 112.831764 -37.461277
v 138.278549 113.058174 -59.807777
v 137.688858 94.515076 -59.834732
v -205.895676 19.897566 -77.165359
v -208.451508 3.260804 -77.412674
v -207.461365 3.334348 -83.745575
v 137.688858 94.515076 -59.834732
v 135.274979 94.275177 -37.550507
v 136.659714 112.831764 -37.461277
v -207.461365 3.334348 -83.745575
v -207.944504 19.918409 -83.607613
v -205.895676 19.897566 -77.165359
v 137.863449 115.692963 -37.532261
v 138.904007 115.909615 -59.930950
v 138.278549 113.058174 -59.807777
v -209.876007 21.512154 -42.769485
v -210.802353 2.285486 -45.187115
v -208.451508 3.260804 -77.412674
v 138.278549 113.058174 -59.807777
v 136.659714 112.831764 -37.461277
v 137.863449 115.692963 -37.532261
v -208.451508 3.260804 -77.412674
v -205.895676 19.897566 -77.165359
v -209.876007 21.512154 -42.769485
v 142.071701 8.868173 0.150635
v 136.226089 7.765368 37.514801
v 135.982040 20.314600 38.106201
v -213.736237 2.361875 13.593307
v -212.465820 18.977041 13.716034
v -212.490356 18.596609 52.914429
v 135.982040 20.314600 38.106201
v 136.889450 24.669315 -0.066650
v 142.071701 8.868173 0.150635
v -212.490356 18.596609 52.914429
v -215.051346 1.788538 52.626343
v -213.736237 2.361875 13.593307
v 138.935501 5.357308 0.100334
v 136.252975 4.974702 37.970413
v 136.226089 7.765368 37.514801
v -51.430771 59.037273 -77.036804
v -51.974304 88.366142 -76.110809
v -62.260056 87.968185 -77.047478
v 136.226089 7.765368 37.514801
v 142.071701 8.868173 0.150635
v 138.935501 5.357308 0.100334
v -62.260056 87.968185 -77.047478
v -61.010712 59.242374 -77.306763
v -51.430771 59.037273 -77.036804
v 134.300430 107.502594 41.919144
v 132.913406 111.537949 41.673500
v 135.679703 112.478714 0.467773
v -18.289246 88.947739 -74.616211
v -17.787537 60.136471 -74.641403
v -6.601212 60.240162 -74.753510
v 132.866653 115.035065 69.884827
v 134.185104 115.091011 41.585564
v 132.913406 111.537949 41.673500
v -6.601212 60.240162 -74.753510
v -6.416779 88.934792 -74.397644
v -18.289246 88.947739 -74.616211
v 132.913406 111.537949 41.673500
v 132.285568 111.940620 69.827896
v 132.866653 115.035065 69.884827
v -18.723495 116.074272 -75.012917
v -18.589569 113.277908 -76.850685
v 15.119644 113.859337 -75.279045
v 197.529251 102.712524 44.807098
v 195.673874 102.710571 41.676270
v 195.851700 92.642365 41.587143
v 15.119644 113.859337 -75.279045
v 14.985718 116.655701 -73.441277
v -18.723495 116.074272 -75.012917
v 195.851700 92.642365 41.587143
v 197.707230 92.645088 44.718765
v 197.529251 102.712524 44.807098
v -52.298798 112.696472 -78.422310
v -52.432724 115.492836 -76.584541
v -86.141937 114.911407 -78.156181
v 197.470718 106.010735 44.835510
v 195.615616 106.009567 41.705467
v 195.673874 102.710571 41.676270
v -86.141937 114.911407 -78.156181
v -86.008026 112.115044 -79.993950
v -52.298798 112.696472 -78.422310
v 195.673874 102.710571 41.676270
v 197.529251 102.712524 44.807098
v 197.470718 106.010735 44.835510
v -52.288208 109.691483 -77.538185
v -52.298798 112.696472 -78.422310
v -86.008026 112.115044 -79.993950
v 197.355698 7.484035 40.833313
v 199.211716 7.488301 43.966537
v 198.966263 21.372461 44.088638
v -86.008026 112.115044 -79.993950
v -85.997421 109.110046 -79.109825
v -52.288208 109.691483 -77.538185
v 198.966263 21.372461 44.088638
v 197.110458 21.368971 40.956223
v 197.355698 7.484035 40.833313
v -18.589569 113.277908 -76.850685
v -18.578979 110.272911 -75.966568
v 15.130249 110.854347 -74.394928
v 197.381393 6.029073 40.820435
v 199.237656 6.034113 43.954453
v 199.211716 7.488301 43.966537
v 15.130249 110.854347 -74.394928
v 15.119644 113.859337 -75.279045
v -18.589569 113.277908 -76.850685
v 199.211716 7.488301 43.966537
v 197.355698 7.484035 40.833313
v 197.381393 6.029073 40.820435
v -85.723991 90.936905 -78.251007
v -64.338669 89.900703 -77.091850
v -85.997421 109.110046 -79.109825
v 195.851700 92.642365 41.587143
v 195.673874 102.710571 41.676270
v 138.452957 101.718857 39.544189
v -18.578979 110.272911 -75.966568
v -18.310989 90.944801 -74.563133
v -4.408295 90.940079 -74.319939
v 138.452957 101.718857 39.544189
v 138.580338 91.640144 40.540924
v 195.851700 92.642365 41.587143
v -4.408295 90.940079 -74.319939
v 15.130249 110.854347 -74.394928
v -18.578979 110.272911 -75.966568
v 195.673874 102.710571 41.676270
v 195.615616 106.009567 41.705467
v 134.487198 104.955193 38.855446
v -16.707367 6.650430 -77.773781
v -16.721344 3.283898 -76.228653
v 16.931839 3.853664 -73.450974
v 134.487198 104.955193 38.855446
v 138.452957 101.718857 39.544189
v 195.673874 102.710571 41.676270
v 16.931839 3.853664 -73.450974
v 16.958237 7.222785 -75.263687
v -16.707367 6.650430 -77.773781
v 140.171890 7.936429 37.371597
v 197.355698 7.484035 40.833313
v 197.110458 21.368971 40.956223
v -50.430573 2.702466 -77.800278
v -50.429031 6.066409 -79.077850
v -84.150681 5.482388 -80.381912
v 197.110458 21.368971 40.956223
v 139.868362 20.372849 39.279816
v 140.171890 7.936429 37.371597
v -84.150681 5.482388 -80.381912
v -84.139801 2.121034 -79.371918
v -50.430573 2.702466 -77.800278
v 140.171890 7.936429 37.371597
v 140.185318 5.042529 38.153755
v 197.381393 6.029073 40.820435
v -17.194931 23.197260 -73.437950
v -16.707367 6.650430 -77.773781
v 16.958237 7.222785 -75.263687
v 197.381393 6.029073 40.820435
v 197.355698 7.484035 40.833313
v 140.171890 7.936429 37.371597
v 16.958237 7.222785 -75.263687
v 16.605347 23.797653 -73.826721
v -17.194931 23.197260 -73.437950
v 199.211716 7.488301 43.966537
v 198.549576 7.266436 44.935532
v 198.307510 20.949066 45.056625
v -50.429031 6.066409 -79.077850
v -50.840347 22.837261 -75.902878
v -84.522316 22.053358 -78.541626
v 198.307510 20.949066 45.056625
v 198.966263 21.372461 44.088638
v 199.211716 7.488301 43.966537
v -84.522316 22.053358 -78.541626
v -84.150681 5.482388 -80.381912
v -50.429031 6.066409 -79.077850
v 199.237656 6.034113 43.954453
v 198.572128 6.013773 44.924469
v 198.549576 7.266436 44.935532
v 197.529251 102.712524 44.807098
v 196.877274 101.886063 45.773056
v 196.822189 104.982758 45.800446
v 198.549576 7.266436 44.935532
v 199.211716 7.488301 43.966537
v 199.237656 6.034113 43.954453
v 196.822189 104.982758 45.800446
v 197.470718 106.010735 44.835510
v 197.529251 102.712524 44.807098
v 196.877274 101.886063 45.773056
v 197.529251 102.712524 44.807098
v 197.707230 92.645088 44.718765
v 197.707230 92.645088 44.718765
v 197.051926 92.020164 45.685745
v 196.877274 101.886063 45.773056
vt 0.666523 -0.711822
vt 0.666523 -0.704541
vt 0.672169 -0.711833
vt 0.004076 -0.399094
vt 0.004076 -0.596238
vt 0.018186 -0.596238
vt 0.018186 -0.399094
vt 0.004076 -0.347108
vt 0.017749 -0.347108
vt 0.004076 -0.337908
vt 0.015313 -0.338533
vt 0.116947 -0.347108
vt 0.117129 -0.338533
vt 0.213891 -0.347108
vt 0.214437 -0.338533
vt 0.116761 -0.402344
vt 0.213338 -0.402344
vt 0.250337 -0.403016
vt 0.307907 -0.347108
vt 0.302244 -0.338533
vt 0.349698 -0.338533
vt 0.446278 -0.347108
vt 0.446278 -0.338533
vt 0.349698 -0.347108
vt 0.307907 -0.399094
vt 0.307907 -0.596238
vt 0.248125 -0.497241
vt 0.212041 -0.596238
vt 0.213338 -0.496910
vt 0.116227 -0.596238
vt 0.116760 -0.498416
vt 0.079024 -0.497209
vt 0.076667 -0.403062
vt 0.305888 -0.643713
vt 0.210736 -0.643713
vt 0.115690 -0.643713
vt 0.016186 -0.643713
vt 0.004076 -0.643713
vt 0.004076 -0.653304
vt 0.016186 -0.653304
vt 0.115690 -0.653304
vt 0.210736 -0.653304
vt 0.305888 -0.653304
vt 0.349698 -0.653304
vt 0.349698 -0.643713
vt 0.349698 -0.596238
vt 0.349698 -0.399094
vt 0.410665 -0.403062
vt 0.446274 -0.402344
vt 0.413022 -0.497209
vt 0.446273 -0.498416
vt 0.446353 -0.595630
vt 0.542852 -0.496910
vt 0.581925 -0.497241
vt 0.542858 -0.596238
vt 0.542858 -0.643713
vt 0.446278 -0.643713
vt 0.639438 -0.596238
vt 0.639438 -0.399094
vt 0.584137 -0.403016
vt 0.639438 -0.643713
vt 0.639438 -0.653304
vt 0.542858 -0.653304
vt 0.446278 -0.653304
vt 0.542851 -0.402344
vt 0.542858 -0.347108
vt 0.639438 -0.347108
vt 0.661145 -0.346751
vt 0.661145 -0.398986
vt 0.661145 -0.596108
vt 0.661145 -0.644036
vt 0.661145 -0.653304
vt 0.775227 -0.644359
vt 0.775227 -0.653304
vt 0.879870 -0.653304
vt 0.691973 -0.644359
vt 0.691973 -0.653304
vt 0.689901 -0.596108
vt 0.685016 -0.398986
vt 0.685016 -0.346751
vt 0.661145 -0.338533
vt 0.639438 -0.338533
vt 0.542858 -0.338533
vt 0.941737 -0.644359
vt 0.942000 -0.596108
vt 0.880429 -0.596108
vt 0.879870 -0.644359
vt 0.779818 -0.596108
vt 0.682204 -0.338533
vt 0.784349 -0.346751
vt 0.784404 -0.402344
vt 0.880982 -0.402344
vt 0.880897 -0.346751
vt 0.924555 -0.403016
vt 0.959035 -0.346751
vt 0.958627 -0.398986
vt 0.922343 -0.497241
vt 0.880982 -0.496910
vt 0.784403 -0.498416
vt 0.749243 -0.497209
vt 0.746886 -0.403062
vt 0.784289 -0.338533
vt 0.880805 -0.338533
vt 0.958864 -0.338533
vt 0.987363 -0.338533
vt 0.987363 -0.346394
vt 0.987363 -0.398878
vt 0.987363 -0.595979
vt 0.987363 -0.644359
vt 0.987363 -0.653304
vt 0.941737 -0.653304
vt 0.377254 -0.681651
vt 0.377346 -0.673186
vt 0.280608 -0.673186
vt 0.394618 -0.681651
vt 0.394618 -0.673186
vt 0.394618 -0.732970
vt 0.280426 -0.681651
vt 0.121297 -0.673186
vt 0.372846 -0.731974
vt 0.394618 -0.927586
vt 0.376708 -0.927586
vt 0.394618 -0.974452
vt 0.376616 -0.974452
vt 0.394618 -0.983920
vt 0.376525 -0.983920
vt 0.285351 -0.976283
vt 0.285169 -0.983920
vt 0.119109 -0.974452
vt 0.118835 -0.983920
vt 0.018239 -0.974452
vt 0.019207 -0.983920
vt 0.118835 -0.983920
vt 0.019207 -0.983920
vt 0.018239 -0.974452
vt 0.119109 -0.974452
vt 0.021030 -0.681651
vt 0.020757 -0.732970
vt 0.120750 -0.732970
vt 0.121023 -0.681651
vt 0.021304 -0.673186
vt 0.280243 -0.732970
vt 0.279176 -0.921967
vt 0.119383 -0.927586
vt 0.019754 -0.927586
vt 0.019754 -0.927586
vt 0.119383 -0.927586
vt 0.285351 -0.976283
vt 0.021304 -0.673186
vt 0.121297 -0.673186
vt 0.121023 -0.681651
vt 0.021030 -0.681651
vt 0.120750 -0.732970
vt 0.020757 -0.732970
vt 0.280608 -0.673186
vt 0.280426 -0.681651
vt 0.280243 -0.732970
vt 0.279176 -0.921967
vt 0.376616 -0.974452
vt 0.376708 -0.927586
vt 0.372846 -0.731974
vt 0.377254 -0.681651
vt 0.377346 -0.673186
vt 0.285169 -0.983920
vt 0.376525 -0.983920
vt 0.394618 -0.983920
vt 0.394618 -0.974452
vt 0.394618 -0.927586
vt 0.394618 -0.732970
vt 0.394618 -0.681651
vt 0.394618 -0.673186
vt 0.666523 -0.711822
vt 0.672169 -0.711833
vt 0.666523 -0.704541
vt 0.995364 -0.338533
vt 0.988030 -0.332058
vt 0.981477 -0.332058
vt 0.987363 -0.338533
vt 0.666523 -0.711822
vt 0.666523 -0.704541
vt 0.493631 -0.704541
vt 0.493631 -0.711822
vt 0.402922 -0.673186
vt 0.397795 -0.665235
vt 0.386134 -0.664889
vt 0.394618 -0.673186
vt 0.427902 -0.916684
vt 0.410327 -0.886778
vt 0.488289 -0.886778
vt 0.470715 -0.916684
vt 0.435273 -0.964565
vt 0.463344 -0.964565
vt 0.449308 -0.991425
vt 0.394618 -0.983920
vt 0.400235 -0.983920
vt 0.400773 -0.974452
vt 0.394618 -0.974452
vt 0.401310 -0.927585
vt 0.394618 -0.927586
vt 0.401847 -0.732970
vt 0.394618 -0.732970
vt 0.402385 -0.681651
vt 0.394618 -0.681651
vt 0.394618 -0.673186
vt 0.402922 -0.673186
vt 0.412001 -0.883481
vt 0.412001 -0.856057
vt 0.486861 -0.856057
vt 0.486861 -0.883481
vt 0.956443 -0.055597
vt 0.956443 -0.017619
vt 0.982618 -0.017619
vt 0.982618 -0.055597
vt 0.956443 -0.093575
vt 0.982618 -0.093575
vt 0.956443 -0.131552
vt 0.982618 -0.131552
vt 0.956443 -0.283462
vt 0.994399 -0.017619
vt 0.994399 -0.055597
vt 0.994399 -0.093575
vt 0.994399 -0.131552
vt 0.982618 -0.283462
vt 0.956443 -0.321440
vt 0.933490 -0.321440
vt 0.933490 -0.283462
vt 0.933490 -0.131552
vt 0.933490 -0.093575
vt 0.933490 -0.055597
vt 0.933490 -0.017619
vt 0.982618 -0.321440
vt 0.994399 -0.283462
vt 0.994399 -0.321440
vt 0.488289 -0.886778
vt 0.410327 -0.886778
vt 0.427902 -0.916684
vt 0.427902 -0.916684
vt 0.410327 -0.886778
vt 0.488289 -0.886778
vt 0.470715 -0.916684
vt 0.435273 -0.964565
vt 0.463344 -0.964565
vt 0.449308 -0.991425
vt 0.427902 -0.916684
vt 0.470715 -0.916684
vt 0.488289 -0.886778
vt 0.412001 -0.883481
vt 0.412001 -0.856057
vt 0.486861 -0.856057
vt 0.486861 -0.883481
vt 0.956443 -0.055597
vt 0.956443 -0.017619
vt 0.982618 -0.017619
vt 0.982618 -0.055597
vt 0.956443 -0.093575
vt 0.982618 -0.093575
vt 0.956443 -0.131552
vt 0.982618 -0.131552
vt 0.956443 -0.283462
vt 0.994399 -0.017619
vt 0.994399 -0.055597
vt 0.994399 -0.093575
vt 0.994399 -0.131552
vt 0.982618 -0.283462
vt 0.956443 -0.321440
vt 0.933490 -0.321440
vt 0.933490 -0.283462
vt 0.933490 -0.131552
vt 0.933490 -0.093575
vt 0.933490 -0.055597
vt 0.933490 -0.017619
vt 0.982618 -0.321440
vt 0.994399 -0.283462
vt 0.994399 -0.321440
vt 0.449308 -0.991425
vt 0.463344 -0.964565
vt 0.435273 -0.964565
vt 0.427902 -0.916684
vt 0.410327 -0.886778
vt 0.488289 -0.886778
vt 0.470715 -0.916684
vt 0.435273 -0.964565
vt 0.463344 -0.964565
vt 0.449308 -0.991425
vt 0.449308 -0.991425
vt 0.435273 -0.964565
vt 0.463344 -0.964565
vt 0.412001 -0.883481
vt 0.412001 -0.856057
vt 0.486861 -0.856057
vt 0.486861 -0.883481
vt 0.956443 -0.055597
vt 0.956443 -0.017619
vt 0.982618 -0.017619
vt 0.982618 -0.055597
vt 0.956443 -0.093575
vt 0.982618 -0.093575
vt 0.956443 -0.131552
vt 0.982618 -0.131552
vt 0.956443 -0.283462
vt 0.994399 -0.017619
vt 0.994399 -0.055597
vt 0.994399 -0.093575
vt 0.994399 -0.131552
vt 0.982618 -0.283462
vt 0.956443 -0.321440
vt 0.933490 -0.321440
vt 0.933490 -0.283462
vt 0.933490 -0.131552
vt 0.933490 -0.093575
vt 0.933490 -0.055597
vt 0.933490 -0.017619
vt 0.982618 -0.321440
vt 0.994399 -0.283462
vt 0.994399 -0.321440
vt 0.410327 -0.886778
vt 0.488289 -0.886778
vt 0.470715 -0.916684
vt 0.412001 -0.883481
vt 0.412001 -0.856057
vt 0.486861 -0.856057
vt 0.486861 -0.883481
vt 0.956443 -0.055597
vt 0.956443 -0.017619
vt 0.982618 -0.017619
vt 0.982618 -0.055597
vt 0.956443 -0.093575
vt 0.982618 -0.093575
vt 0.956443 -0.131552
vt 0.982618 -0.131552
vt 0.956443 -0.283462
vt 0.994399 -0.017619
vt 0.994399 -0.055597
vt 0.994399 -0.093575
vt 0.994399 -0.131552
vt 0.982618 -0.283462
vt 0.956443 -0.321440
vt 0.933490 -0.321440
vt 0.933490 -0.283462
vt 0.933490 -0.131552
vt 0.933490 -0.093575
vt 0.933490 -0.055597
vt 0.933490 -0.017619
vt 0.982618 -0.321440
vt 0.994399 -0.283462
vt 0.994399 -0.321440
vt 0.470715 -0.916684
vt 0.427902 -0.916684
vt 0.410327 -0.886778
vt 0.435273 -0.964565
vt 0.449308 -0.991425
vt 0.463344 -0.964565
vt 0.470715 -0.916684
vt 0.427902 -0.916684
vt 0.488289 -0.886778
vt 0.410327 -0.886778
vt 0.449308 -0.991425
vt 0.463344 -0.964565
vt 0.435273 -0.964565
vt 0.412001 -0.883481
vt 0.486861 -0.883481
vt 0.486861 -0.856057
vt 0.412001 -0.856057
vt 0.950552 -0.283462
vt 0.969533 -0.283462
vt 0.969533 -0.207507
vt 0.950552 -0.207507
vt 0.969533 -0.131552
vt 0.950552 -0.131552
vt 0.969533 -0.093575
vt 0.950552 -0.093575
vt 0.969533 -0.055597
vt 0.956443 -0.055597
vt 0.944661 -0.055597
vt 0.933490 -0.093575
vt 0.933490 -0.131552
vt 0.933490 -0.207507
vt 0.933490 -0.283462
vt 0.933490 -0.321440
vt 0.950552 -0.321440
vt 0.969533 -0.321440
vt 0.994399 -0.321440
vt 0.994399 -0.283462
vt 0.994399 -0.207507
vt 0.994399 -0.131552
vt 0.994399 -0.093575
vt 0.994399 -0.055597
vt 0.994399 -0.017619
vt 0.969533 -0.017619
vt 0.950552 -0.017619
vt 0.933490 -0.055597
vt 0.933490 -0.017619
vt 0.488289 -0.886778
vt 0.410327 -0.886778
vt 0.427902 -0.916684
vt 0.435273 -0.964565
vt 0.449308 -0.991425
vt 0.463344 -0.964565
vt 0.470715 -0.916684
vt 0.427902 -0.916684
vt 0.488289 -0.886778
vt 0.410327 -0.886778
vt 0.427902 -0.916684
vt 0.470715 -0.916684
vt 0.488289 -0.886778
vt 0.412001 -0.883481
vt 0.486861 -0.883481
vt 0.486861 -0.856057
vt 0.412001 -0.856057
vt 0.994399 -0.017619
vt 0.982618 -0.017619
vt 0.982618 -0.055597
vt 0.994399 -0.055597
vt 0.982618 -0.093575
vt 0.994399 -0.093575
vt 0.982618 -0.131552
vt 0.994399 -0.131552
vt 0.982618 -0.283462
vt 0.994399 -0.283462
vt 0.982618 -0.321440
vt 0.956443 -0.283462
vt 0.956443 -0.321440
vt 0.933490 -0.321440
vt 0.933490 -0.283462
vt 0.956443 -0.131552
vt 0.933490 -0.131552
vt 0.956443 -0.093575
vt 0.933490 -0.093575
vt 0.956443 -0.055597
vt 0.933490 -0.055597
vt 0.956443 -0.017619
vt 0.933490 -0.017619
vt 0.994399 -0.321440
vt 0.435273 -0.964565
vt 0.449308 -0.991425
vt 0.463344 -0.964565
vt 0.470715 -0.916684
vt 0.427902 -0.916684
vt 0.488289 -0.886778
vt 0.410327 -0.886778
vt 0.449308 -0.991425
vt 0.435273 -0.964565
vt 0.463344 -0.964565
vt 0.412001 -0.883481
vt 0.486861 -0.883481
vt 0.486861 -0.856057
vt 0.412001 -0.856057
vt 0.994399 -0.017619
vt 0.982618 -0.017619
vt 0.982618 -0.055597
vt 0.994399 -0.055597
vt 0.982618 -0.093575
vt 0.994399 -0.093575
vt 0.982618 -0.131552
vt 0.994399 -0.131552
vt 0.982618 -0.283462
vt 0.994399 -0.283462
vt 0.982618 -0.321440
vt 0.956443 -0.283462
vt 0.956443 -0.321440
vt 0.933490 -0.321440
vt 0.933490 -0.283462
vt 0.956443 -0.131552
vt 0.933490 -0.131552
vt 0.956443 -0.093575
vt 0.933490 -0.093575
vt 0.956443 -0.055597
vt 0.933490 -0.055597
vt 0.956443 -0.017619
vt 0.933490 -0.017619
vt 0.994399 -0.321440
vt 0.435273 -0.964565
vt 0.449308 -0.991425
vt 0.463344 -0.964565
vt 0.470715 -0.916684
vt 0.427902 -0.916684
vt 0.488289 -0.886778
vt 0.410327 -0.886778
vt 0.410327 -0.886778
vt 0.488289 -0.886778
vt 0.470715 -0.916684
vt 0.412001 -0.883481
vt 0.486861 -0.883481
vt 0.486861 -0.856057
vt 0.412001 -0.856057
vt 0.982618 -0.055597
vt 0.995094 -0.053965
vt 0.994950 -0.016326
vt 0.982618 -0.017619
vt 0.956443 -0.017619
vt 0.956443 -0.055597
vt 0.956443 -0.093575
vt 0.982618 -0.093575
vt 0.956443 -0.131552
vt 0.982618 -0.131552
vt 0.956443 -0.283462
vt 0.982618 -0.283462
vt 0.995792 -0.092851
vt 0.996685 -0.057704
vt 1.001008 -0.131539
vt 0.997779 -0.093585
vt 0.982618 -0.321440
vt 0.996177 -0.321432
vt 0.996282 -0.283454
vt 0.956443 -0.321440
vt 0.944661 -0.321440
vt 0.944661 -0.283462
vt 0.944661 -0.131552
vt 0.944661 -0.093575
vt 0.944661 -0.055597
vt 0.944661 -0.017619
vt 0.470715 -0.916684
vt 0.427902 -0.916684
vt 0.410327 -0.886778
vt 0.982210 -0.270371
vt 0.996367 -0.270374
vt 0.999169 -0.131534
vt 0.435273 -0.964565
vt 0.449308 -0.991425
vt 0.463344 -0.964565
vt 0.470715 -0.916684
vt 0.427902 -0.916684
vt 0.488289 -0.886778
vt 0.410327 -0.886778
vt 0.435273 -0.964565
vt 0.463344 -0.964565
vt 0.470715 -0.916684
vt 0.412001 -0.883481
vt 0.486861 -0.883481
vt 0.486861 -0.856057
vt 0.412001 -0.856057
vt 0.553396 -0.246374
vt 0.539593 -0.245684
vt 0.546138 -0.093728
vt 0.567675 -0.094763
vt 0.548277 -0.010531
vt 0.608471 -0.246374
vt 0.590165 -0.094763
vt 0.552340 -0.316689
vt 0.539593 -0.316602
vt 0.539593 -0.092694
vt 0.552461 -0.094230
vt 0.548277 -0.010531
vt 0.516242 -0.090625
vt 0.539593 -0.245684
vt 0.553396 -0.246374
vt 0.516241 -0.244995
vt 0.443165 -0.090625
vt 0.401576 -0.010074
vt 0.275370 -0.093127
vt 0.272133 -0.245684
vt 0.252148 -0.246374
vt 0.297013 -0.090625
vt 0.264849 -0.011401
vt 0.370089 -0.090625
vt 0.401576 -0.010074
vt 0.443165 -0.090625
vt 0.516242 -0.090625
vt 0.516241 -0.244995
vt 0.521370 -0.314450
vt 0.522103 -0.324373
vt 0.539593 -0.326734
vt 0.554980 -0.326734
vt 0.633187 -0.316689
vt 0.444144 -0.314450
vt 0.443165 -0.244995
vt 0.272133 -0.314536
vt 0.289692 -0.314450
vt 0.288646 -0.324373
vt 0.297013 -0.244995
vt 0.370089 -0.244995
vt 0.366918 -0.314450
vt 0.366465 -0.324373
vt 0.444284 -0.324373
vt 0.272133 -0.324373
vt 0.251358 -0.324373
vt 0.072060 -0.221137
vt 0.015761 -0.291795
vt 0.015207 -0.218052
vt 0.007573 -0.224063
vt 0.007573 -0.301889
vt 0.015761 -0.305449
vt 0.007218 -0.316071
vt 0.022970 -0.314623
vt 0.013672 -0.325589
vt 0.024031 -0.324372
vt 0.031847 -0.314623
vt 0.104100 -0.324372
vt 0.110358 -0.314623
vt 0.181557 -0.324372
vt 0.182662 -0.314623
vt 0.251457 -0.314623
vt 0.202044 -0.246374
vt 0.216378 -0.094762
vt 0.204148 -0.094762
vt 0.198687 -0.089106
vt 0.072060 -0.239605
vt 0.077400 -0.246374
vt 0.085534 -0.246374
vt 0.133328 -0.246374
vt 0.198597 -0.064446
vt 0.198687 -0.017300
vt 0.072060 -0.017682
vt 0.072060 -0.017682
vt 0.015761 -0.016706
vt 0.015207 -0.093008
vt 0.022970 -0.314623
vt 0.013672 -0.325589
vt 0.024031 -0.324372
vt 0.007218 -0.316071
vt 0.015761 -0.305449
vt 0.007573 -0.301889
vt 0.015761 -0.291795
vt 0.007573 -0.224063
vt 0.015207 -0.218052
vt 0.007573 -0.095163
vt 0.007573 -0.016567
vt 0.007573 -0.016567
vt 0.015761 -0.016706
vt 0.015207 -0.093008
vt 0.067627 -0.077927
vt 0.067627 -0.175974
vt 0.007573 -0.095163
vt 0.085534 -0.246374
vt 0.031847 -0.314623
vt 0.110358 -0.314623
vt 0.077400 -0.246374
vt 0.202044 -0.246374
vt 0.250478 -0.094762
vt 0.209201 -0.090650
vt 0.252148 -0.246374
vt 0.251457 -0.314623
vt 0.182662 -0.314623
vt 0.133328 -0.246374
vt 0.072060 -0.239605
vt 0.072060 -0.221137
vt 0.067627 -0.175974
vt 0.067627 -0.077927
vt 0.199383 -0.070385
vt 0.198687 -0.039534
vt 0.198687 -0.017300
vt 0.265255 -0.013577
vt 0.198687 -0.089106
vt 0.275364 -0.097574
vt 0.443165 -0.244995
vt 0.370089 -0.090625
vt 0.297013 -0.090625
vt 0.297013 -0.244995
vt 0.289692 -0.314450
vt 0.251358 -0.324373
vt 0.181557 -0.324372
vt 0.104100 -0.324372
vt 0.288646 -0.324373
vt 0.366465 -0.324373
vt 0.636708 -0.326734
vt 0.713949 -0.326734
vt 0.709548 -0.316689
vt 0.633187 -0.316689
vt 0.554980 -0.326734
vt 0.552340 -0.316689
vt 0.539593 -0.326734
vt 0.539593 -0.316602
vt 0.522103 -0.324373
vt 0.521370 -0.314450
vt 0.444284 -0.324373
vt 0.444144 -0.314450
vt 0.366918 -0.314450
vt 0.370089 -0.244995
vt 0.608471 -0.246374
vt 0.597276 -0.094293
vt 0.607578 -0.094763
vt 0.613874 -0.089885
vt 0.739944 -0.239865
vt 0.739944 -0.223331
vt 0.613874 -0.071138
vt 0.734326 -0.246374
vt 0.718621 -0.246374
vt 0.663546 -0.246374
vt 0.771036 -0.316689
vt 0.795996 -0.068709
vt 0.797340 -0.014268
vt 0.804433 -0.014344
vt 0.804433 -0.014344
vt 0.797340 -0.014268
vt 0.795996 -0.068709
vt 0.740269 -0.013861
vt 0.740074 -0.054935
vt 0.612391 -0.031965
vt 0.739944 -0.127380
vt 0.739944 -0.191655
vt 0.795100 -0.291365
vt 0.795100 -0.307547
vt 0.789778 -0.316689
vt 0.776318 -0.326734
vt 0.740269 -0.013861
vt 0.740074 -0.054935
vt 0.795100 -0.160188
vt 0.803985 -0.070677
vt 0.802979 -0.164875
vt 0.795100 -0.243486
vt 0.802979 -0.250891
vt 0.802979 -0.301084
vt 0.802979 -0.317216
vt 0.797699 -0.326734
vt 0.614848 -0.012934
vt 0.612419 -0.032383
vt 0.614848 -0.012934
vt 0.739944 -0.127380
vt 0.795100 -0.160188
vt 0.739944 -0.191655
vt 0.795100 -0.243486
vt 0.795100 -0.291365
vt 0.739944 -0.223331
vt 0.739944 -0.239865
vt 0.613874 -0.089885
vt 0.607578 -0.094763
vt 0.613874 -0.071138
vt 0.663546 -0.246374
vt 0.718621 -0.246374
vt 0.734326 -0.246374
vt 0.795100 -0.307547
vt 0.709548 -0.316689
vt 0.771036 -0.316689
vt 0.789778 -0.316689
vt 0.636708 -0.326734
vt 0.713949 -0.326734
vt 0.776318 -0.326734
vt 0.797699 -0.326734
vt 0.804202 -0.319239
vt 0.804007 -0.303444
vt 0.802979 -0.250891
vt 0.802979 -0.164875
vt 0.803985 -0.070677
vt 0.470715 -0.916684
vt 0.427902 -0.916684
vt 0.435273 -0.964565
vt 0.213302 -0.408100
vt 0.242976 -0.408731
vt 0.240987 -0.490826
vt 0.213312 -0.490555
vt 0.116801 -0.408100
vt 0.116785 -0.492060
vt 0.082775 -0.408742
vt 0.084895 -0.490996
vt 0.880897 -0.346751
vt 0.959035 -0.346751
vt 0.924555 -0.403016
vt 0.880982 -0.402344
vt 0.784349 -0.346751
vt 0.784404 -0.402344
vt 0.685016 -0.346751
vt 0.746886 -0.403062
vt 0.639438 -0.399094
vt 0.639438 -0.347108
vt 0.661145 -0.346751
vt 0.661145 -0.398986
vt 0.685016 -0.398986
vt 0.749243 -0.497209
vt 0.689901 -0.596108
vt 0.784403 -0.498416
vt 0.779818 -0.596108
vt 0.880982 -0.496910
vt 0.880429 -0.596108
vt 0.922343 -0.497241
vt 0.942000 -0.596108
vt 0.958627 -0.398986
vt 0.987363 -0.346394
vt 0.987363 -0.338533
vt 0.775227 -0.644359
vt 0.691973 -0.644359
vt 0.879870 -0.644359
vt 0.941737 -0.644359
vt 0.639438 -0.643713
vt 0.639438 -0.596238
vt 0.661145 -0.596108
vt 0.661145 -0.644036
vt 0.661145 -0.653304
vt 0.691973 -0.653304
vt 0.775227 -0.653304
vt 0.879870 -0.653304
vt 0.941737 -0.653304
vt 0.987363 -0.653304
vt 0.987363 -0.644359
vt 0.987363 -0.595979
vt 0.987363 -0.398878
vt 0.639438 -0.653304
vt 0.349698 -0.643713
vt 0.349698 -0.653304
vt 0.329204 -0.653304
vt 0.446278 -0.653304
vt 0.446278 -0.643713
vt 0.542858 -0.653304
vt 0.542858 -0.643713
vt 0.016186 -0.653304
vt 0.004076 -0.653304
vt 0.004076 -0.643713
vt 0.016186 -0.643713
vt 0.115690 -0.653304
vt 0.115690 -0.643713
vt 0.210736 -0.653304
vt 0.210736 -0.643713
vt 0.305888 -0.653304
vt 0.305888 -0.643713
vt 0.329204 -0.643713
vt 0.349698 -0.596238
vt 0.446353 -0.595630
vt 0.542858 -0.596238
vt 0.018186 -0.596238
vt 0.116227 -0.596238
vt 0.584991 -0.402777
vt 0.582771 -0.497716
vt 0.542850 -0.497384
vt 0.446270 -0.498890
vt 0.412688 -0.497682
vt 0.212041 -0.596238
vt 0.307907 -0.596238
vt 0.329204 -0.596238
vt 0.349698 -0.399094
vt 0.410313 -0.402804
vt 0.349698 -0.347108
vt 0.446270 -0.402079
vt 0.446278 -0.347108
vt 0.542850 -0.402079
vt 0.542858 -0.347108
vt 0.329204 -0.399094
vt 0.307907 -0.399094
vt 0.329204 -0.347108
vt 0.307907 -0.347108
vt 0.250337 -0.403016
vt 0.248125 -0.497241
vt 0.213338 -0.496910
vt 0.116760 -0.498416
vt 0.079024 -0.497209
vt 0.018186 -0.399094
vt 0.076667 -0.403062
vt 0.017749 -0.347108
vt 0.116761 -0.402344
vt 0.116947 -0.347108
vt 0.213338 -0.402344
vt 0.213891 -0.347108
vt 0.214437 -0.338533
vt 0.302244 -0.338533
vt 0.329204 -0.338533
vt 0.349698 -0.338533
vt 0.117129 -0.338533
vt 0.015313 -0.338533
vt 0.004076 -0.337908
vt 0.004076 -0.347108
vt 0.004076 -0.399094
vt 0.004076 -0.596238
vt 0.958864 -0.338533
vt 0.880805 -0.338533
vt 0.784289 -0.338533
vt 0.682204 -0.338533
vt 0.661145 -0.338533
vt 0.639438 -0.338533
vt 0.542858 -0.338533
vt 0.446278 -0.338533
vt 0.880945 -0.408100
vt 0.917194 -0.408731
vt 0.915205 -0.490826
vt 0.880956 -0.490555
vt 0.784444 -0.408100
vt 0.784429 -0.492060
vt 0.752994 -0.408742
vt 0.755114 -0.490996
vt 0.995364 -0.338533
vt 0.987363 -0.338533
vt 0.981477 -0.332058
vt 0.987792 -0.332452
vt 0.666523 -0.721143
vt 0.666523 -0.711822
vt 0.672169 -0.711833
vt 0.672169 -0.721151
vt 0.666523 -0.749590
vt 0.672170 -0.749596
vt 0.666523 -0.950966
vt 0.672171 -0.950971
vt 0.666523 -0.990197
vt 0.672172 -0.990199
vt 0.666523 -0.994308
vt 0.672173 -0.994308
vt 0.486830 -0.845533
vt 0.408819 -0.845533
vt 0.408830 -0.839887
vt 0.486830 -0.839887
vt 0.486830 -0.845533
vt 0.486830 -0.839887
vt 0.408830 -0.839887
vt 0.408819 -0.845533
vt 0.412001 -0.883481
vt 0.486861 -0.883481
vt 0.486861 -0.856057
vt 0.504753 -0.704541
vt 0.666523 -0.704541
vt 0.666523 -0.711822
vt 0.504753 -0.711822
vt 0.377346 -0.673186
vt 0.394618 -0.673186
vt 0.386134 -0.664889
vt 0.370249 -0.664889
vt 0.280608 -0.673186
vt 0.274898 -0.664889
vt 0.121297 -0.673186
vt 0.116975 -0.664889
vt 0.021304 -0.673186
vt 0.019845 -0.664889
vt 0.021304 -0.673186
vt 0.019845 -0.664889
vt 0.116975 -0.664889
vt 0.121297 -0.673186
vt 0.274898 -0.664889
vt 0.280608 -0.673186
vt 0.370249 -0.664889
vt 0.377346 -0.673186
vt 0.386134 -0.664889
vt 0.394618 -0.673186
vt 0.486861 -0.856057
vt 0.412001 -0.856057
vt 0.412001 -0.883481
vt 0.661145 -0.338533
vt 0.639438 -0.338533
vt 0.639438 -0.332058
vt 0.661145 -0.332058
vt 0.680242 -0.332058
vt 0.682204 -0.338533
vt 0.781673 -0.332058
vt 0.784289 -0.338533
vt 0.877535 -0.332058
vt 0.880805 -0.338533
vt 0.954940 -0.332058
vt 0.958864 -0.338533
vt 0.981477 -0.332058
vt 0.987363 -0.338533
vt 0.015313 -0.338533
vt 0.004076 -0.337908
vt 0.008432 -0.332058
vt 0.020022 -0.332058
vt 0.117129 -0.338533
vt 0.120661 -0.332058
vt 0.214437 -0.338533
vt 0.216792 -0.332058
vt 0.302244 -0.338533
vt 0.303421 -0.332058
vt 0.329204 -0.338533
vt 0.329204 -0.332058
vt 0.349698 -0.338533
vt 0.349698 -0.332058
vt 0.446278 -0.338533
vt 0.446278 -0.332058
vt 0.542858 -0.338533
vt 0.542858 -0.332058
vt 0.427902 -0.916684
vt 0.470715 -0.916684
vt 0.463344 -0.964565
vt 0.402922 -0.673186
vt 0.394618 -0.673186
vt 0.386134 -0.664889
vt 0.397795 -0.665235
vt 0.486830 -0.839887
vt 0.408830 -0.839887
vt 0.408830 -0.678117
vt 0.486830 -0.666995
vt 0.486830 -0.839887
vt 0.486830 -0.666995
vt 0.408830 -0.666995
vt 0.408830 -0.839887
vt 0.463344 -0.964565
vt 0.435273 -0.964565
vt 0.427902 -0.916684
vt 0.542676 -0.407487
vt 0.576411 -0.408462
vt 0.575327 -0.490972
vt 0.542537 -0.491245
vt 0.446554 -0.407446
vt 0.446860 -0.492699
vt 0.416437 -0.408228
vt 0.417532 -0.491333
vt 0.116761 -0.402344
vt 0.076667 -0.403062
vt 0.082775 -0.408742
vt 0.116801 -0.408100
vt 0.213338 -0.402344
vt 0.213302 -0.408100
vt 0.250337 -0.403016
vt 0.242976 -0.408731
vt 0.248125 -0.497241
vt 0.240987 -0.490826
vt 0.213338 -0.496910
vt 0.213312 -0.490555
vt 0.116760 -0.498416
vt 0.116785 -0.492060
vt 0.079024 -0.497209
vt 0.084895 -0.490996
vt 0.784404 -0.402344
vt 0.746886 -0.403062
vt 0.752994 -0.408742
vt 0.784444 -0.408100
vt 0.880982 -0.402344
vt 0.880945 -0.408100
vt 0.924555 -0.403016
vt 0.917194 -0.408731
vt 0.922343 -0.497241
vt 0.915205 -0.490826
vt 0.880982 -0.496910
vt 0.880956 -0.490555
vt 0.784403 -0.498416
vt 0.784429 -0.492060
vt 0.749243 -0.497209
vt 0.755114 -0.490996
vt 0.446274 -0.402344
vt 0.410665 -0.403062
vt 0.416773 -0.408742
vt 0.446314 -0.408100
vt 0.542851 -0.402344
vt 0.542815 -0.408100
vt 0.584137 -0.403016
vt 0.576775 -0.408731
vt 0.581925 -0.497241
vt 0.574786 -0.490826
vt 0.542852 -0.496910
vt 0.542825 -0.490555
vt 0.446273 -0.498416
vt 0.446299 -0.492060
vt 0.413022 -0.497209
vt 0.418893 -0.490996
vt 0.982618 -0.055597
vt 0.995094 -0.053965
vt 0.994950 -0.016325
vt 0.982618 -0.017619
vt 0.956443 -0.017619
vt 0.956443 -0.055597
vt 0.956443 -0.093575
vt 0.982618 -0.093575
vt 0.956443 -0.131552
vt 0.982618 -0.131552
vt 0.956443 -0.283462
vt 0.982618 -0.283462
vt 0.995793 -0.092851
vt 0.996685 -0.057704
vt 1.001007 -0.131539
vt 0.997779 -0.093585
vt 0.982618 -0.321440
vt 0.996177 -0.321432
vt 0.996282 -0.283454
vt 0.956443 -0.321440
vt 0.944661 -0.321440
vt 0.944661 -0.283462
vt 0.944661 -0.131552
vt 0.944661 -0.093575
vt 0.944661 -0.055597
vt 0.944661 -0.017619
vt 0.470715 -0.916684
vt 0.427902 -0.916684
vt 0.435273 -0.964565
vt 0.982210 -0.270371
vt 0.996367 -0.270374
vt 0.999169 -0.131534
vt 0.875246 -0.320129
vt 0.927273 -0.320129
vt 0.927273 -0.009346
vt 0.875246 -0.009346
vt 0.875246 -0.320129
vt 0.927273 -0.320129
vt 0.927273 -0.009346
vt 0.875246 -0.009346
vt 0.927273 -0.320129
vt 0.927273 -0.009346
vt 0.875246 -0.009346
vt 0.875246 -0.320129
vt 0.927273 -0.009346
vt 0.875246 -0.009346
vt 0.875246 -0.320129
vt 0.927273 -0.320129
vt 0.875246 -0.320129
vt 0.927273 -0.320129
vt 0.927273 -0.009346
vt 0.875246 -0.009346
vt 0.854091 -0.052122
vt 0.873064 -0.052126
vt 0.873064 -0.032391
vt 0.854091 -0.032391
vt 0.875246 -0.320129
vt 0.927273 -0.320129
vt 0.927273 -0.009346
vt 0.875246 -0.009346
vt 0.854091 -0.052126
vt 0.873064 -0.052122
vt 0.873064 -0.032391
vt 0.854091 -0.032391
vt 0.875246 -0.009346
vt 0.875246 -0.320129
vt 0.927273 -0.320129
vt 0.927273 -0.009346
vt 0.927273 -0.009346
vt 0.875246 -0.009346
vt 0.875246 -0.320129
vt 0.927273 -0.320129
vt 0.875246 -0.320129
vt 0.927273 -0.320129
vt 0.927273 -0.009346
vt 0.875246 -0.009346
vt 0.875246 -0.320129
vt 0.927273 -0.320129
vt 0.927273 -0.009346
vt 0.875246 -0.009346
vt 0.927273 -0.320129
vt 0.927273 -0.009346
vt 0.875246 -0.009346
vt 0.875246 -0.320129
vt 0.927273 -0.009346
vt 0.875246 -0.009346
vt 0.875246 -0.320129
vt 0.927273 -0.320129
vt 0.682527 -0.677378
vt 0.683039 -0.667409
vt 0.613096 -0.666717
vt 0.799379 -0.675635
vt 0.799550 -0.667870
vt 0.905038 -0.968844
vt 0.904602 -0.978605
vt 0.972339 -0.978605
vt 0.797725 -0.978605
vt 0.798090 -0.968844
vt 0.691864 -0.970733
vt 0.690506 -0.935263
vt 0.798455 -0.923964
vt 0.690505 -0.733887
vt 0.798820 -0.728232
vt 0.690505 -0.705440
vt 0.690505 -0.696119
vt 0.681906 -0.688838
vt 0.612936 -0.675478
vt 0.682527 -0.677378
vt 0.612936 -0.675478
vt 0.613096 -0.666717
vt 0.683039 -0.667409
vt 0.799379 -0.675635
vt 0.690506 -0.978605
vt 0.608848 -0.688838
vt 0.681906 -0.688838
vt 0.608848 -0.688838
vt 0.690505 -0.696119
vt 0.690505 -0.705440
vt 0.798820 -0.728232
vt 0.690505 -0.733887
vt 0.798455 -0.923964
vt 0.690506 -0.935263
vt 0.798090 -0.968844
vt 0.691864 -0.970733
vt 0.690506 -0.978605
vt 0.797725 -0.978605
vt 0.905038 -0.968844
vt 0.904602 -0.978605
vt 0.972339 -0.978605
vt 0.972846 -0.968844
vt 0.987810 -0.978605
vt 0.987810 -0.968844
vt 0.973354 -0.923964
vt 0.987810 -0.923964
vt 0.987810 -0.728232
vt 0.969113 -0.728232
vt 0.969620 -0.675889
vt 0.906347 -0.675889
vt 0.905911 -0.728232
vt 0.905475 -0.923964
vt 0.987810 -0.675889
vt 0.799550 -0.667870
vt 0.906783 -0.667870
vt 0.970127 -0.667870
vt 0.987810 -0.667870
vt 0.435273 -0.964565
vt 0.463344 -0.964565
vt 0.470715 -0.916684
vt 0.970127 -0.667870
vt 0.987810 -0.667870
vt 0.990286 -0.660777
vt 0.971449 -0.661096
vt 0.906783 -0.667870
vt 0.901998 -0.660223
vt 0.799550 -0.667870
vt 0.796614 -0.660223
vt 0.683039 -0.667409
vt 0.681206 -0.660223
vt 0.613096 -0.666717
vt 0.613412 -0.660223
vt 0.613096 -0.666717
vt 0.613412 -0.660223
vt 0.681206 -0.660223
vt 0.683039 -0.667409
vt 0.796614 -0.660223
vt 0.799550 -0.667870
vt 0.901998 -0.660223
vt 0.906783 -0.667870
vt 0.968937 -0.660223
vt 0.970127 -0.667870
vt 0.987810 -0.660223
vt 0.987810 -0.667870
vt 0.427902 -0.916684
vt 0.470715 -0.916684
vt 0.463344 -0.964565
vt 0.995364 -0.338533
vt 0.987363 -0.338533
vt 0.987363 -0.346394
vt 0.995364 -0.346656
vt 0.987363 -0.398878
vt 0.995364 -0.399679
vt 0.987363 -0.595979
vt 0.995364 -0.597953
vt 0.987363 -0.644359
vt 0.995364 -0.643417
vt 0.995364 -0.653304
vt 0.987363 -0.653304
vt 0.666523 -0.994308
vt 0.672173 -0.994308
vt 0.672172 -0.990199
vt 0.666523 -0.990197
vt 0.672171 -0.950971
vt 0.666523 -0.950966
vt 0.672170 -0.749596
vt 0.666523 -0.749590
vt 0.672169 -0.721151
vt 0.666523 -0.721143
vt 0.672169 -0.711833
vt 0.666523 -0.711822
vt 0.463344 -0.964565
vt 0.435273 -0.964565
vt 0.427902 -0.916684
vt 0.679081 -0.975065
vt 0.679081 -0.978605
vt 0.681906 -0.978605
vt 0.681908 -0.974496
vt 0.679081 -0.936406
vt 0.681910 -0.935268
vt 0.679081 -0.735601
vt 0.681912 -0.733893
vt 0.679081 -0.707726
vt 0.681915 -0.705449
vt 0.679081 -0.698976
vt 0.681917 -0.696130
vt 0.603013 -0.696119
vt 0.603013 -0.698976
vt 0.679081 -0.698976
vt 0.603013 -0.698976
vt 0.603013 -0.696119
vt 0.681917 -0.696130
vt 0.681915 -0.705449
vt 0.679081 -0.707726
vt 0.681912 -0.733893
vt 0.679081 -0.735601
vt 0.681910 -0.935268
vt 0.679081 -0.936406
vt 0.681908 -0.974496
vt 0.679081 -0.975065
vt 0.681906 -0.978605
vt 0.679081 -0.978605
vt 0.995408 -0.014651
vt 0.984310 -0.011498
vt 0.937319 -0.014651
vt 0.958864 -0.338533
vt 0.987363 -0.338533
vt 0.981477 -0.332058
vt 0.954940 -0.332058
vt 0.880805 -0.338533
vt 0.877535 -0.332058
vt 0.784289 -0.338533
vt 0.781673 -0.332058
vt 0.682204 -0.338533
vt 0.680242 -0.332058
vt 0.661145 -0.338533
vt 0.661145 -0.332058
vt 0.639438 -0.332058
vt 0.639438 -0.338533
vt 0.542858 -0.332058
vt 0.542858 -0.338533
vt 0.446278 -0.332058
vt 0.446278 -0.338533
vt 0.349698 -0.332058
vt 0.349698 -0.338533
vt 0.303421 -0.332058
vt 0.302244 -0.338533
vt 0.216792 -0.332058
vt 0.214437 -0.338533
vt 0.120661 -0.332058
vt 0.117129 -0.338533
vt 0.020022 -0.332058
vt 0.015313 -0.338533
vt 0.008432 -0.332058
vt 0.004076 -0.337908
vt 0.933490 -0.055597
vt 0.956443 -0.055597
vt 0.956443 -0.017619
vt 0.416773 -0.408742
vt 0.418893 -0.490996
vt 0.446299 -0.492060
vt 0.446314 -0.408100
vt 0.542825 -0.490555
vt 0.542815 -0.408100
vt 0.574786 -0.490826
vt 0.576775 -0.408731
vt 0.956443 -0.017619
vt 0.933490 -0.017619
vt 0.933490 -0.055597
vt 0.504753 -0.749590
vt 0.493631 -0.749590
vt 0.493631 -0.721143
vt 0.504753 -0.950966
vt 0.493631 -0.950966
vt 0.493631 -0.986436
vt 0.504753 -0.986153
vt 0.493631 -0.994308
vt 0.504753 -0.994308
vt 0.666523 -0.994308
vt 0.666523 -0.990197
vt 0.666523 -0.950966
vt 0.666523 -0.749590
vt 0.504753 -0.721143
vt 0.666523 -0.721143
vt 0.504753 -0.711822
vt 0.666523 -0.711822
vt 0.982618 -0.055597
vt 0.994399 -0.055597
vt 0.994399 -0.017619
vt 0.905475 -0.923964
vt 0.973354 -0.923964
vt 0.969113 -0.728232
vt 0.972846 -0.968844
vt 0.987810 -0.968844
vt 0.987810 -0.978605
vt 0.905911 -0.728232
vt 0.906347 -0.675889
vt 0.906783 -0.667870
vt 0.969620 -0.675889
vt 0.970127 -0.667870
vt 0.987810 -0.675889
vt 0.987810 -0.667870
vt 0.987810 -0.728232
vt 0.987810 -0.923964
vt 0.994399 -0.017619
vt 0.982618 -0.017619
vt 0.982618 -0.055597
vt 0.995364 -0.653304
vt 0.987363 -0.653304
vt 0.987363 -0.644359
vt 0.995364 -0.643417
vt 0.995364 -0.597953
vt 0.987363 -0.595979
vt 0.995364 -0.399679
vt 0.987363 -0.398878
vt 0.995364 -0.346656
vt 0.987363 -0.346394
vt 0.995364 -0.338533
vt 0.987363 -0.338533
vt 0.956443 -0.055597
vt 0.982618 -0.055597
vt 0.982618 -0.017619
vt 0.435273 -0.964565
vt 0.463344 -0.964565
vt 0.449308 -0.991425
vt 0.470715 -0.916684
vt 0.427902 -0.916684
vt 0.488289 -0.886778
vt 0.410327 -0.886778
vt 0.982618 -0.017619
vt 0.956443 -0.017619
vt 0.956443 -0.055597
vt 0.463344 -0.964565
vt 0.435273 -0.964565
vt 0.449308 -0.991425
vt 0.427902 -0.916684
vt 0.470715 -0.916684
vt 0.410327 -0.886778
vt 0.488289 -0.886778
vt 0.933490 -0.093575
vt 0.956443 -0.093575
vt 0.956443 -0.055597
vt 0.435273 -0.964565
vt 0.463344 -0.964565
vt 0.449308 -0.991425
vt 0.470715 -0.916684
vt 0.427902 -0.916684
vt 0.488289 -0.886778
vt 0.410327 -0.886778
vt 0.956443 -0.055597
vt 0.933490 -0.055597
vt 0.933490 -0.093575
vt 0.463344 -0.964565
vt 0.435273 -0.964565
vt 0.449308 -0.991425
vt 0.427902 -0.916684
vt 0.470715 -0.916684
vt 0.410327 -0.886778
vt 0.488289 -0.886778
vt 0.982618 -0.093575
vt 0.994399 -0.093575
vt 0.994399 -0.055597
vt 0.504753 -0.986153
vt 0.666523 -0.990197
vt 0.666523 -0.950966
vt 0.666523 -0.994308
vt 0.504753 -0.994308
vt 0.493631 -0.994308
vt 0.493631 -0.986436
vt 0.504753 -0.950966
vt 0.493631 -0.950966
vt 0.493631 -0.749590
vt 0.504753 -0.749590
vt 0.493631 -0.721143
vt 0.504753 -0.721143
vt 0.493631 -0.711822
vt 0.666523 -0.721143
vt 0.666523 -0.711822
vt 0.666523 -0.749590
vt 0.752994 -0.408742
vt 0.755114 -0.490996
vt 0.784429 -0.492060
vt 0.784444 -0.408100
vt 0.880956 -0.490555
vt 0.880945 -0.408100
vt 0.915205 -0.490826
vt 0.917194 -0.408731
vt 0.082775 -0.408742
vt 0.084895 -0.490996
vt 0.116785 -0.492060
vt 0.116801 -0.408100
vt 0.213312 -0.490555
vt 0.213302 -0.408100
vt 0.240987 -0.490826
vt 0.242976 -0.408731
vt 0.394618 -0.673186
vt 0.402922 -0.673186
vt 0.402385 -0.681651
vt 0.394618 -0.681651
vt 0.394618 -0.732970
vt 0.401847 -0.732970
vt 0.394618 -0.927586
vt 0.401310 -0.927585
vt 0.394618 -0.974452
vt 0.400773 -0.974452
vt 0.394618 -0.983920
vt 0.400235 -0.983920
vt 0.994399 -0.055597
vt 0.982618 -0.055597
vt 0.982618 -0.093575
vt 0.446270 -0.402079
vt 0.446554 -0.407446
vt 0.416437 -0.408228
vt 0.542850 -0.402079
vt 0.542676 -0.407487
vt 0.584991 -0.402777
vt 0.576411 -0.408462
vt 0.582771 -0.497716
vt 0.575327 -0.490972
vt 0.542850 -0.497384
vt 0.542537 -0.491245
vt 0.446270 -0.498890
vt 0.446860 -0.492699
vt 0.412688 -0.497682
vt 0.417532 -0.491333
vt 0.410313 -0.402804
vt 0.956443 -0.093575
vt 0.982618 -0.093575
vt 0.982618 -0.055597
vt 0.784404 -0.402344
vt 0.784444 -0.408100
vt 0.752994 -0.408742
vt 0.880982 -0.402344
vt 0.880945 -0.408100
vt 0.924555 -0.403016
vt 0.917194 -0.408731
vt 0.922343 -0.497241
vt 0.915205 -0.490826
vt 0.880982 -0.496910
vt 0.880956 -0.490555
vt 0.784403 -0.498416
vt 0.784429 -0.492060
vt 0.749243 -0.497209
vt 0.755114 -0.490996
vt 0.746886 -0.403062
vt 0.982618 -0.055597
vt 0.956443 -0.055597
vt 0.956443 -0.093575
vt 0.116761 -0.402344
vt 0.116801 -0.408100
vt 0.082775 -0.408742
vt 0.213338 -0.402344
vt 0.213302 -0.408100
vt 0.250337 -0.403016
vt 0.242976 -0.408731
vt 0.248125 -0.497241
vt 0.240987 -0.490826
vt 0.213338 -0.496910
vt 0.213312 -0.490555
vt 0.116760 -0.498416
vt 0.116785 -0.492060
vt 0.079024 -0.497209
vt 0.084895 -0.490996
vt 0.076667 -0.403062
vt 0.933490 -0.131552
vt 0.956443 -0.131552
vt 0.956443 -0.093575
vt 0.995408 -0.014651
vt 0.948413 -0.011498
vt 0.937319 -0.014651
vt 0.956443 -0.093575
vt 0.933490 -0.093575
vt 0.933490 -0.131552
vt 0.410327 -0.886778
vt 0.488289 -0.886778
vt 0.470715 -0.916684
vt 0.427902 -0.916684
vt 0.463344 -0.964565
vt 0.435273 -0.964565
vt 0.449308 -0.991425
vt 0.982618 -0.131552
vt 0.994399 -0.131552
vt 0.994399 -0.093575
vt 0.488289 -0.886778
vt 0.410327 -0.886778
vt 0.427902 -0.916684
vt 0.470715 -0.916684
vt 0.435273 -0.964565
vt 0.463344 -0.964565
vt 0.449308 -0.991425
vt 0.994399 -0.093575
vt 0.982618 -0.093575
vt 0.982618 -0.131552
vt 0.410327 -0.886778
vt 0.488289 -0.886778
vt 0.470715 -0.916684
vt 0.427902 -0.916684
vt 0.463344 -0.964565
vt 0.435273 -0.964565
vt 0.449308 -0.991425
vt 0.956443 -0.131552
vt 0.982618 -0.131552
vt 0.982618 -0.093575
vt 0.995408 -0.014651
vt 0.948413 -0.011498
vt 0.937319 -0.014651
vt 0.982618 -0.093575
vt 0.956443 -0.093575
vt 0.956443 -0.131552
vt 0.410327 -0.886778
vt 0.488289 -0.886778
vt 0.470715 -0.916684
vt 0.427902 -0.916684
vt 0.463344 -0.964565
vt 0.435273 -0.964565
vt 0.449308 -0.991425
vt 0.933490 -0.283462
vt 0.956443 -0.283462
vt 0.956443 -0.131552
vt 0.488289 -0.886778
vt 0.410327 -0.886778
vt 0.427902 -0.916684
vt 0.470715 -0.916684
vt 0.435273 -0.964565
vt 0.463344 -0.964565
vt 0.449308 -0.991425
vt 0.956443 -0.131552
vt 0.933490 -0.131552
vt 0.933490 -0.283462
vt 0.410327 -0.886778
vt 0.488289 -0.886778
vt 0.470715 -0.916684
vt 0.427902 -0.916684
vt 0.463344 -0.964565
vt 0.435273 -0.964565
vt 0.449308 -0.991425
vt 0.982618 -0.283462
vt 0.994399 -0.283462
vt 0.994399 -0.131552
vt 0.995408 -0.014651
vt 0.984310 -0.011498
vt 0.937319 -0.014651
vt 0.994399 -0.131552
vt 0.982618 -0.131552
vt 0.982618 -0.283462
vt 0.410327 -0.886778
vt 0.488289 -0.886778
vt 0.470715 -0.916684
vt 0.427902 -0.916684
vt 0.463344 -0.964565
vt 0.435273 -0.964565
vt 0.449308 -0.991425
vt 0.956443 -0.283462
vt 0.982618 -0.283462
vt 0.982618 -0.131552
vt 0.488289 -0.886778
vt 0.410327 -0.886778
vt 0.427902 -0.916684
vt 0.470715 -0.916684
vt 0.435273 -0.964565
vt 0.463344 -0.964565
vt 0.449308 -0.991425
vt 0.982618 -0.131552
vt 0.956443 -0.131552
vt 0.956443 -0.283462
vt 0.410327 -0.886778
vt 0.488289 -0.886778
vt 0.470715 -0.916684
vt 0.427902 -0.916684
vt 0.463344 -0.964565
vt 0.435273 -0.964565
vt 0.449308 -0.991425
vt 0.933490 -0.321440
vt 0.956443 -0.321440
vt 0.956443 -0.283462
vt 0.995408 -0.014651
vt 0.984310 -0.011498
vt 0.937319 -0.014651
vt 0.956443 -0.283462
vt 0.933490 -0.283462
vt 0.933490 -0.321440
vt 0.410327 -0.886778
vt 0.488289 -0.886778
vt 0.470715 -0.916684
vt 0.427902 -0.916684
vt 0.463344 -0.964565
vt 0.435273 -0.964565
vt 0.449308 -0.991425
vt 0.982618 -0.321440
vt 0.994399 -0.321440
vt 0.994399 -0.283462
vt 0.488289 -0.886778
vt 0.410327 -0.886778
vt 0.427902 -0.916684
vt 0.470715 -0.916684
vt 0.435273 -0.964565
vt 0.463344 -0.964565
vt 0.449308 -0.991425
vt 0.994399 -0.283462
vt 0.982618 -0.283462
vt 0.982618 -0.321440
vt 0.410327 -0.886778
vt 0.488289 -0.886778
vt 0.470715 -0.916684
vt 0.427902 -0.916684
vt 0.463344 -0.964565
vt 0.435273 -0.964565
vt 0.449308 -0.991425
vt 0.956443 -0.321440
vt 0.982618 -0.321440
vt 0.982618 -0.283462
vt 0.966364 -0.016600
vt 0.984310 -0.011498
vt 0.942866 -0.013074
vt 0.982618 -0.283462
vt 0.956443 -0.283462
vt 0.956443 -0.321440
vt 0.410327 -0.886778
vt 0.488289 -0.886778
vt 0.470715 -0.916684
vt 0.427902 -0.916684
vt 0.463344 -0.964565
vt 0.435273 -0.964565
vt 0.449308 -0.991425
vt 0.488289 -0.886778
vt 0.410327 -0.886778
vt 0.427902 -0.916684
vt 0.488289 -0.886778
vt 0.410327 -0.886778
vt 0.427902 -0.916684
vt 0.470715 -0.916684
vt 0.435273 -0.964565
vt 0.463344 -0.964565
vt 0.449308 -0.991425
vt 0.427902 -0.916684
vt 0.470715 -0.916684
vt 0.488289 -0.886778
vt 0.410327 -0.886778
vt 0.488289 -0.886778
vt 0.470715 -0.916684
vt 0.427902 -0.916684
vt 0.463344 -0.964565
vt 0.435273 -0.964565
vt 0.449308 -0.991425
vt 0.449308 -0.991425
vt 0.463344 -0.964565
vt 0.435273 -0.964565
vt 0.937319 -0.014651
vt 0.984310 -0.011498
vt 0.995408 -0.014651
vt 0.449308 -0.991425
vt 0.435273 -0.964565
vt 0.463344 -0.964565
vt 0.937319 -0.014651
vt 0.984310 -0.011498
vt 0.995408 -0.014651
vt 0.410327 -0.886778
vt 0.488289 -0.886778
vt 0.470715 -0.916684
vt 0.463344 -0.964565
vt 0.435273 -0.964565
vt 0.449308 -0.991425
vt 0.427902 -0.916684
vt 0.470715 -0.916684
vt 0.410327 -0.886778
vt 0.488289 -0.886778
vt 0.470715 -0.916684
vt 0.427902 -0.916684
vt 0.410327 -0.886778
vt 0.435273 -0.964565
vt 0.463344 -0.964565
vt 0.449308 -0.991425
vt 0.470715 -0.916684
vt 0.427902 -0.916684
vt 0.488289 -0.886778
vt 0.410327 -0.886778
vt 0.449308 -0.991425
vt 0.463344 -0.964565
vt 0.435273 -0.964565
vt 0.463344 -0.964565
vt 0.435273 -0.964565
vt 0.449308 -0.991425
vt 0.427902 -0.916684
vt 0.470715 -0.916684
vt 0.410327 -0.886778
vt 0.488289 -0.886778
vt 0.488289 -0.886778
vt 0.410327 -0.886778
vt 0.427902 -0.916684
vt 0.937319 -0.014651
vt 0.984310 -0.011498
vt 0.995408 -0.014651
vt 0.427902 -0.916684
vt 0.470715 -0.916684
vt 0.488289 -0.886778
vt 0.463344 -0.964565
vt 0.435273 -0.964565
vt 0.449308 -0.991425
vt 0.427902 -0.916684
vt 0.470715 -0.916684
vt 0.410327 -0.886778
vt 0.488289 -0.886778
vt 0.449308 -0.991425
vt 0.435273 -0.964565
vt 0.463344 -0.964565
vt 0.435273 -0.964565
vt 0.463344 -0.964565
vt 0.449308 -0.991425
vt 0.470715 -0.916684
vt 0.427902 -0.916684
vt 0.488289 -0.886778
vt 0.410327 -0.886778
vt 0.410327 -0.886778
vt 0.488289 -0.886778
vt 0.470715 -0.916684
vt 0.463344 -0.964565
vt 0.435273 -0.964565
vt 0.449308 -0.991425
vt 0.427902 -0.916684
vt 0.470715 -0.916684
vt 0.410327 -0.886778
vt 0.488289 -0.886778
vt 0.470715 -0.916684
vt 0.427902 -0.916684
vt 0.410327 -0.886778
vt 0.937319 -0.014651
vt 0.984310 -0.011498
vt 0.995408 -0.014651
vt 0.435273 -0.964565
vt 0.463344 -0.964565
vt 0.470715 -0.916684
vt 0.463344 -0.964565
vt 0.435273 -0.964565
vt 0.449308 -0.991425
vt 0.427902 -0.916684
vt 0.470715 -0.916684
vt 0.410327 -0.886778
vt 0.488289 -0.886778
vt 0.470715 -0.916684
vt 0.427902 -0.916684
vt 0.435273 -0.964565
vt 0.435273 -0.964565
vt 0.463344 -0.964565
vt 0.449308 -0.991425
vt 0.470715 -0.916684
vt 0.427902 -0.916684
vt 0.488289 -0.886778
vt 0.410327 -0.886778
vt 0.412001 -0.883481
vt 0.486861 -0.883481
vt 0.486861 -0.856057
vt 0.463344 -0.964565
vt 0.435273 -0.964565
vt 0.449308 -0.991425
vt 0.427902 -0.916684
vt 0.470715 -0.916684
vt 0.410327 -0.886778
vt 0.488289 -0.886778
vt 0.486861 -0.856057
vt 0.412001 -0.856057
vt 0.412001 -0.883481
vt 0.542825 -0.490555
vt 0.446299 -0.492060
vt 0.446314 -0.408100
vt 0.427902 -0.916684
vt 0.470715 -0.916684
vt 0.463344 -0.964565
vt 0.446314 -0.408100
vt 0.542815 -0.408100
vt 0.542825 -0.490555
vt 0.463344 -0.964565
vt 0.435273 -0.964565
vt 0.427902 -0.916684
vt 0.681910 -0.935268
vt 0.681912 -0.733893
vt 0.679081 -0.735601
vt 0.470715 -0.916684
vt 0.427902 -0.916684
vt 0.435273 -0.964565
vt 0.679081 -0.735601
vt 0.679081 -0.936406
vt 0.681910 -0.935268
vt 0.435273 -0.964565
vt 0.463344 -0.964565
vt 0.470715 -0.916684
vt 0.504753 -0.749590
vt 0.666523 -0.749590
vt 0.666523 -0.950966
vt 0.427902 -0.916684
vt 0.470715 -0.916684
vt 0.463344 -0.964565
vt 0.666523 -0.950966
vt 0.504753 -0.950966
vt 0.504753 -0.749590
vt 0.463344 -0.964565
vt 0.435273 -0.964565
vt 0.427902 -0.916684
vt 0.376708 -0.927586
vt 0.279176 -0.921967
vt 0.280243 -0.732970
vt 0.995408 -0.014651
vt 0.984310 -0.011498
vt 0.937319 -0.014651
vt 0.280243 -0.732970
vt 0.372846 -0.731974
vt 0.376708 -0.927586
vt 0.933490 -0.055597
vt 0.956443 -0.055597
vt 0.956443 -0.017619
vt 0.408830 -0.666995
vt 0.486830 -0.666995
vt 0.486830 -0.839887
vt 0.956443 -0.017619
vt 0.933490 -0.017619
vt 0.933490 -0.055597
vt 0.486830 -0.839887
vt 0.408830 -0.839887
vt 0.408830 -0.666995
vt 0.982618 -0.055597
vt 0.994399 -0.055597
vt 0.994399 -0.017619
vt 0.603013 -0.696119
vt 0.603013 -0.698976
vt 0.679081 -0.698976
vt 0.994399 -0.017619
vt 0.982618 -0.017619
vt 0.982618 -0.055597
vt 0.679081 -0.698976
vt 0.681917 -0.696130
vt 0.603013 -0.696119
vt 0.956443 -0.055597
vt 0.982618 -0.055597
vt 0.982618 -0.017619
vt 0.386134 -0.664889
vt 0.397795 -0.665235
vt 0.402922 -0.673186
vt 0.982618 -0.017619
vt 0.956443 -0.017619
vt 0.956443 -0.055597
vt 0.402922 -0.673186
vt 0.394618 -0.673186
vt 0.386134 -0.664889
vt 0.933490 -0.093575
vt 0.956443 -0.093575
vt 0.956443 -0.055597
vt 0.120661 -0.332058
vt 0.216792 -0.332058
vt 0.214437 -0.338533
vt 0.956443 -0.055597
vt 0.933490 -0.055597
vt 0.933490 -0.093575
vt 0.214437 -0.338533
vt 0.117129 -0.338533
vt 0.120661 -0.332058
vt 0.982618 -0.093575
vt 0.994399 -0.093575
vt 0.994399 -0.055597
vt 0.401847 -0.732970
vt 0.401310 -0.927585
vt 0.394618 -0.927586
vt 0.994399 -0.055597
vt 0.982618 -0.055597
vt 0.982618 -0.093575
vt 0.394618 -0.927586
vt 0.394618 -0.732970
vt 0.401847 -0.732970
vt 0.956443 -0.093575
vt 0.982618 -0.093575
vt 0.982618 -0.055597
vt 0.446278 -0.332058
vt 0.542858 -0.332058
vt 0.542858 -0.338533
vt 0.982618 -0.055597
vt 0.956443 -0.055597
vt 0.956443 -0.093575
vt 0.542858 -0.338533
vt 0.446278 -0.338533
vt 0.446278 -0.332058
vt 0.933490 -0.131552
vt 0.956443 -0.131552
vt 0.956443 -0.093575
vt 0.877535 -0.332058
vt 0.880805 -0.338533
vt 0.784289 -0.338533
vt 0.956443 -0.093575
vt 0.933490 -0.093575
vt 0.933490 -0.131552
vt 0.784289 -0.338533
vt 0.781673 -0.332058
vt 0.877535 -0.332058
vt 0.982618 -0.131552
vt 0.994399 -0.131552
vt 0.994399 -0.093575
vt 0.274898 -0.664889
vt 0.280608 -0.673186
vt 0.121297 -0.673186
vt 0.994399 -0.093575
vt 0.982618 -0.093575
vt 0.982618 -0.131552
vt 0.121297 -0.673186
vt 0.116975 -0.664889
vt 0.274898 -0.664889
vt 0.956443 -0.131552
vt 0.982618 -0.131552
vt 0.982618 -0.093575
vt 0.666523 -0.704541
vt 0.672169 -0.711833
vt 0.666523 -0.711822
vt 0.982618 -0.093575
vt 0.956443 -0.093575
vt 0.956443 -0.131552
vt 0.493631 -0.704541
vt 0.666523 -0.704541
vt 0.666523 -0.711822
vt 0.933490 -0.283462
vt 0.956443 -0.283462
vt 0.956443 -0.131552
vt 0.666523 -0.711822
vt 0.493631 -0.711822
vt 0.493631 -0.704541
vt 0.956443 -0.131552
vt 0.933490 -0.131552
vt 0.933490 -0.283462
vt 0.486830 -0.845533
vt 0.408819 -0.845533
vt 0.408830 -0.839887
vt 0.982618 -0.283462
vt 0.994399 -0.283462
vt 0.994399 -0.131552
vt 0.408830 -0.839887
vt 0.486830 -0.839887
vt 0.486830 -0.845533
vt 0.994399 -0.131552
vt 0.982618 -0.131552
vt 0.982618 -0.283462
vt 0.672170 -0.749596
vt 0.672171 -0.950971
vt 0.666523 -0.950966
vt 0.956443 -0.283462
vt 0.982618 -0.283462
vt 0.982618 -0.131552
vt 0.666523 -0.950966
vt 0.666523 -0.749590
vt 0.672170 -0.749596
vt 0.982618 -0.131552
vt 0.956443 -0.131552
vt 0.956443 -0.283462
vt 0.639438 -0.596238
vt 0.639438 -0.399094
vt 0.661145 -0.398986
vt 0.933490 -0.321440
vt 0.956443 -0.321440
vt 0.956443 -0.283462
vt 0.661145 -0.398986
vt 0.661145 -0.596108
vt 0.639438 -0.596238
vt 0.956443 -0.283462
vt 0.933490 -0.283462
vt 0.933490 -0.321440
vt 0.349698 -0.596238
vt 0.307907 -0.596238
vt 0.307907 -0.399094
vt 0.982618 -0.321440
vt 0.994399 -0.321440
vt 0.994399 -0.283462
vt 0.307907 -0.399094
vt 0.349698 -0.399094
vt 0.349698 -0.596238
vt 0.994399 -0.283462
vt 0.982618 -0.283462
vt 0.982618 -0.321440
vt 0.639438 -0.332058
vt 0.661145 -0.332058
vt 0.661145 -0.338533
vt 0.956443 -0.321440
vt 0.982618 -0.321440
vt 0.982618 -0.283462
vt 0.661145 -0.338533
vt 0.639438 -0.338533
vt 0.639438 -0.332058
vt 0.982618 -0.283462
vt 0.956443 -0.283462
vt 0.956443 -0.321440
vt 0.349698 -0.338533
vt 0.302244 -0.338533
vt 0.303421 -0.332058
vt 0.488289 -0.886778
vt 0.410327 -0.886778
vt 0.427902 -0.916684
vt 0.303421 -0.332058
vt 0.349698 -0.332058
vt 0.349698 -0.338533
vt 0.427902 -0.916684
vt 0.470715 -0.916684
vt 0.488289 -0.886778
vt 0.681906 -0.688838
vt 0.682527 -0.677378
vt 0.612936 -0.675478
vt 0.449308 -0.991425
vt 0.463344 -0.964565
vt 0.435273 -0.964565
vt 0.981477 -0.332058
vt 0.988030 -0.332058
vt 0.995364 -0.338533
vt 0.449308 -0.991425
vt 0.435273 -0.964565
vt 0.463344 -0.964565
vt 0.995364 -0.338533
vt 0.987363 -0.338533
vt 0.981477 -0.332058
vt 0.410327 -0.886778
vt 0.488289 -0.886778
vt 0.470715 -0.916684
vt 0.968937 -0.660223
vt 0.901998 -0.660223
vt 0.906783 -0.667870
vt 0.470715 -0.916684
vt 0.427902 -0.916684
vt 0.410327 -0.886778
vt 0.906783 -0.667870
vt 0.970127 -0.667870
vt 0.968937 -0.660223
vt 0.449308 -0.991425
vt 0.463344 -0.964565
vt 0.435273 -0.964565
vt 0.987363 -0.644359
vt 0.995364 -0.643417
vt 0.995364 -0.653304
vt 0.488289 -0.886778
vt 0.410327 -0.886778
vt 0.427902 -0.916684
vt 0.995364 -0.653304
vt 0.987363 -0.653304
vt 0.987363 -0.644359
vt 0.427902 -0.916684
vt 0.470715 -0.916684
vt 0.488289 -0.886778
vt 0.681206 -0.660223
vt 0.613412 -0.660223
vt 0.613096 -0.666717
vt 0.449308 -0.991425
vt 0.435273 -0.964565
vt 0.463344 -0.964565
vt 0.613096 -0.666717
vt 0.683039 -0.667409
vt 0.681206 -0.660223
vt 0.410327 -0.886778
vt 0.488289 -0.886778
vt 0.470715 -0.916684
vt 0.690505 -0.705440
vt 0.690505 -0.733887
vt 0.798820 -0.728232
vt 0.470715 -0.916684
vt 0.427902 -0.916684
vt 0.410327 -0.886778
vt 0.798820 -0.728232
vt 0.799379 -0.675635
vt 0.690505 -0.705440
vt 0.435273 -0.964565
vt 0.463344 -0.964565
vt 0.470715 -0.916684
vt 0.905475 -0.923964
vt 0.973354 -0.923964
vt 0.969113 -0.728232
vt 0.470715 -0.916684
vt 0.427902 -0.916684
vt 0.435273 -0.964565
vt 0.969113 -0.728232
vt 0.905911 -0.728232
vt 0.905475 -0.923964
vt 0.412001 -0.883481
vt 0.486861 -0.883481
vt 0.486861 -0.856057
vt 0.942000 -0.596108
vt 0.958627 -0.398986
vt 0.987363 -0.398878
vt 0.486861 -0.856057
vt 0.412001 -0.856057
vt 0.412001 -0.883481
vt 0.987363 -0.398878
vt 0.987363 -0.595979
vt 0.942000 -0.596108
vt 0.427902 -0.916684
vt 0.470715 -0.916684
vt 0.463344 -0.964565
vt 0.685016 -0.398986
vt 0.689901 -0.596108
vt 0.661145 -0.596108
vt 0.463344 -0.964565
vt 0.435273 -0.964565
vt 0.427902 -0.916684
vt 0.661145 -0.596108
vt 0.661145 -0.398986
vt 0.685016 -0.398986
vt 0.470715 -0.916684
vt 0.427902 -0.916684
vt 0.435273 -0.964565
vt 0.981477 -0.332058
vt 0.987363 -0.338533
vt 0.958864 -0.338533
vt 0.435273 -0.964565
vt 0.463344 -0.964565
vt 0.470715 -0.916684
vt 0.958864 -0.338533
vt 0.954940 -0.332058
vt 0.981477 -0.332058
vt 0.427902 -0.916684
vt 0.470715 -0.916684
vt 0.463344 -0.964565
vt 0.661145 -0.338533
vt 0.661145 -0.332058
vt 0.680242 -0.332058
vt 0.463344 -0.964565
vt 0.435273 -0.964565
vt 0.427902 -0.916684
vt 0.680242 -0.332058
vt 0.682204 -0.338533
vt 0.661145 -0.338533
vt 0.995408 -0.014651
vt 0.984310 -0.011498
vt 0.937319 -0.014651
vt 0.880897 -0.346751
vt 0.784349 -0.346751
vt 0.784289 -0.338533
vt 0.933490 -0.055597
vt 0.956443 -0.055597
vt 0.956443 -0.017619
vt 0.784289 -0.338533
vt 0.880805 -0.338533
vt 0.880897 -0.346751
vt 0.956443 -0.017619
vt 0.933490 -0.017619
vt 0.933490 -0.055597
vt 0.775227 -0.644359
vt 0.879870 -0.644359
vt 0.879870 -0.653304
vt 0.982618 -0.055597
vt 0.994399 -0.055597
vt 0.994399 -0.017619
vt 0.879870 -0.653304
vt 0.775227 -0.653304
vt 0.775227 -0.644359
vt 0.994399 -0.017619
vt 0.982618 -0.017619
vt 0.982618 -0.055597
vt 0.779818 -0.596108
vt 0.880429 -0.596108
vt 0.879870 -0.644359
vt 0.956443 -0.055597
vt 0.982618 -0.055597
vt 0.982618 -0.017619
vt 0.879870 -0.644359
vt 0.775227 -0.644359
vt 0.779818 -0.596108
vt 0.982618 -0.017619
vt 0.956443 -0.017619
vt 0.956443 -0.055597
vt 0.959035 -0.346751
vt 0.958864 -0.338533
vt 0.987363 -0.338533
vt 0.933490 -0.093575
vt 0.956443 -0.093575
vt 0.956443 -0.055597
vt 0.987363 -0.338533
vt 0.987363 -0.346394
vt 0.959035 -0.346751
vt 0.956443 -0.055597
vt 0.933490 -0.055597
vt 0.933490 -0.093575
vt 0.958627 -0.398986
vt 0.959035 -0.346751
vt 0.987363 -0.346394
vt 0.982618 -0.093575
vt 0.994399 -0.093575
vt 0.994399 -0.055597
vt 0.987363 -0.346394
vt 0.987363 -0.398878
vt 0.958627 -0.398986
vt 0.994399 -0.055597
vt 0.982618 -0.055597
vt 0.982618 -0.093575
vt 0.987363 -0.653304
vt 0.941737 -0.653304
vt 0.941737 -0.644359
vt 0.956443 -0.093575
vt 0.982618 -0.093575
vt 0.982618 -0.055597
vt 0.941737 -0.644359
vt 0.987363 -0.644359
vt 0.987363 -0.653304
vt 0.982618 -0.055597
vt 0.956443 -0.055597
vt 0.956443 -0.093575
vt 0.987363 -0.595979
vt 0.987363 -0.644359
vt 0.941737 -0.644359
vt 0.933490 -0.131552
vt 0.956443 -0.131552
vt 0.956443 -0.093575
vt 0.941737 -0.644359
vt 0.942000 -0.596108
vt 0.987363 -0.595979
vt 0.956443 -0.093575
vt 0.933490 -0.093575
vt 0.933490 -0.131552
vt 0.691973 -0.644359
vt 0.691973 -0.653304
vt 0.661145 -0.653304
vt 0.982618 -0.131552
vt 0.994399 -0.131552
vt 0.994399 -0.093575
vt 0.661145 -0.653304
vt 0.661145 -0.644036
vt 0.691973 -0.644359
vt 0.994399 -0.093575
vt 0.982618 -0.093575
vt 0.982618 -0.131552
vt 0.689901 -0.596108
vt 0.691973 -0.644359
vt 0.661145 -0.644036
vt 0.956443 -0.131552
vt 0.982618 -0.131552
vt 0.982618 -0.093575
vt 0.661145 -0.644036
vt 0.661145 -0.596108
vt 0.689901 -0.596108
vt 0.982618 -0.093575
vt 0.956443 -0.093575
vt 0.956443 -0.131552
vt 0.661145 -0.338533
vt 0.682204 -0.338533
vt 0.685016 -0.346751
vt 0.933490 -0.283462
vt 0.956443 -0.283462
vt 0.956443 -0.131552
vt 0.685016 -0.346751
vt 0.661145 -0.346751
vt 0.661145 -0.338533
vt 0.956443 -0.131552
vt 0.933490 -0.131552
vt 0.933490 -0.283462
vt 0.661145 -0.398986
vt 0.661145 -0.346751
vt 0.685016 -0.346751
vt 0.982618 -0.283462
vt 0.994399 -0.283462
vt 0.994399 -0.131552
vt 0.685016 -0.346751
vt 0.685016 -0.398986
vt 0.661145 -0.398986
vt 0.994399 -0.131552
vt 0.982618 -0.131552
vt 0.982618 -0.283462
vt 0.542858 -0.347108
vt 0.446278 -0.347108
vt 0.446278 -0.338533
vt 0.956443 -0.283462
vt 0.982618 -0.283462
vt 0.982618 -0.131552
vt 0.446278 -0.338533
vt 0.542858 -0.338533
vt 0.542858 -0.347108
vt 0.982618 -0.131552
vt 0.956443 -0.131552
vt 0.956443 -0.283462
vt 0.542851 -0.402344
vt 0.446274 -0.402344
vt 0.446278 -0.347108
vt 0.933490 -0.321440
vt 0.956443 -0.321440
vt 0.956443 -0.283462
vt 0.446278 -0.347108
vt 0.542858 -0.347108
vt 0.542851 -0.402344
vt 0.956443 -0.283462
vt 0.933490 -0.283462
vt 0.933490 -0.321440
vt 0.446278 -0.643713
vt 0.542858 -0.643713
vt 0.542858 -0.653304
vt 0.982618 -0.321440
vt 0.994399 -0.321440
vt 0.994399 -0.283462
vt 0.542858 -0.653304
vt 0.446278 -0.653304
vt 0.446278 -0.643713
vt 0.994399 -0.283462
vt 0.982618 -0.283462
vt 0.982618 -0.321440
vt 0.446353 -0.595630
vt 0.542858 -0.596238
vt 0.542858 -0.643713
vt 0.956443 -0.321440
vt 0.982618 -0.321440
vt 0.982618 -0.283462
vt 0.542858 -0.643713
vt 0.446278 -0.643713
vt 0.446353 -0.595630
vt 0.982618 -0.283462
vt 0.956443 -0.283462
vt 0.956443 -0.321440
vt 0.115690 -0.643713
vt 0.210736 -0.643713
vt 0.210736 -0.653304
vt 0.488289 -0.886778
vt 0.410327 -0.886778
vt 0.427902 -0.916684
vt 0.210736 -0.653304
vt 0.115690 -0.653304
vt 0.115690 -0.643713
vt 0.427902 -0.916684
vt 0.470715 -0.916684
vt 0.488289 -0.886778
vt 0.116227 -0.596238
vt 0.212041 -0.596238
vt 0.210736 -0.643713
vt 0.449308 -0.991425
vt 0.463344 -0.964565
vt 0.435273 -0.964565
vt 0.210736 -0.643713
vt 0.115690 -0.643713
vt 0.116227 -0.596238
vt 0.449308 -0.991425
vt 0.435273 -0.964565
vt 0.463344 -0.964565
vt 0.213891 -0.347108
vt 0.116947 -0.347108
vt 0.117129 -0.338533
vt 0.410327 -0.886778
vt 0.488289 -0.886778
vt 0.470715 -0.916684
vt 0.117129 -0.338533
vt 0.214437 -0.338533
vt 0.213891 -0.347108
vt 0.470715 -0.916684
vt 0.427902 -0.916684
vt 0.410327 -0.886778
vt 0.377254 -0.681651
vt 0.280426 -0.681651
vt 0.280608 -0.673186
vt 0.449308 -0.991425
vt 0.463344 -0.964565
vt 0.435273 -0.964565
vt 0.280608 -0.673186
vt 0.377346 -0.673186
vt 0.377254 -0.681651
vt 0.488289 -0.886778
vt 0.410327 -0.886778
vt 0.427902 -0.916684
vt 0.372846 -0.731974
vt 0.280243 -0.732970
vt 0.280426 -0.681651
vt 0.427902 -0.916684
vt 0.470715 -0.916684
vt 0.488289 -0.886778
vt 0.280426 -0.681651
vt 0.377254 -0.681651
vt 0.372846 -0.731974
vt 0.449308 -0.991425
vt 0.435273 -0.964565
vt 0.463344 -0.964565
vt 0.119109 -0.974452
vt 0.285351 -0.976283
vt 0.285169 -0.983920
vt 0.410327 -0.886778
vt 0.488289 -0.886778
vt 0.470715 -0.916684
vt 0.285169 -0.983920
vt 0.118835 -0.983920
vt 0.119109 -0.974452
vt 0.470715 -0.916684
vt 0.427902 -0.916684
vt 0.410327 -0.886778
vt 0.119383 -0.927586
vt 0.279176 -0.921967
vt 0.285351 -0.976283
vt 0.435273 -0.964565
vt 0.463344 -0.964565
vt 0.470715 -0.916684
vt 0.285351 -0.976283
vt 0.119109 -0.974452
vt 0.119383 -0.927586
vt 0.470715 -0.916684
vt 0.427902 -0.916684
vt 0.435273 -0.964565
vt 0.400773 -0.974452
vt 0.400235 -0.983920
vt 0.394618 -0.983920
vt 0.412001 -0.883481
vt 0.486861 -0.883481
vt 0.486861 -0.856057
vt 0.394618 -0.983920
vt 0.394618 -0.974452
vt 0.400773 -0.974452
vt 0.486861 -0.856057
vt 0.412001 -0.856057
vt 0.412001 -0.883481
vt 0.401310 -0.927585
vt 0.400773 -0.974452
vt 0.394618 -0.974452
vt 0.427902 -0.916684
vt 0.470715 -0.916684
vt 0.463344 -0.964565
vt 0.394618 -0.974452
vt 0.394618 -0.927586
vt 0.401310 -0.927585
vt 0.463344 -0.964565
vt 0.435273 -0.964565
vt 0.427902 -0.916684
vt 0.394618 -0.673186
vt 0.402922 -0.673186
vt 0.402385 -0.681651
vt 0.470715 -0.916684
vt 0.427902 -0.916684
vt 0.435273 -0.964565
vt 0.402385 -0.681651
vt 0.394618 -0.681651
vt 0.394618 -0.673186
vt 0.435273 -0.964565
vt 0.463344 -0.964565
vt 0.470715 -0.916684
vt 0.394618 -0.732970
vt 0.394618 -0.681651
vt 0.402385 -0.681651
vt 0.427902 -0.916684
vt 0.470715 -0.916684
vt 0.463344 -0.964565
vt 0.402385 -0.681651
vt 0.401847 -0.732970
vt 0.394618 -0.732970
vt 0.463344 -0.964565
vt 0.435273 -0.964565
vt 0.427902 -0.916684
vt 0.639438 -0.347108
vt 0.639438 -0.338533
vt 0.661145 -0.338533
vt 0.995408 -0.014651
vt 0.984310 -0.011498
vt 0.937319 -0.014651
vt 0.661145 -0.338533
vt 0.661145 -0.346751
vt 0.639438 -0.347108
vt 0.933490 -0.055597
vt 0.956443 -0.055597
vt 0.956443 -0.017619
vt 0.639438 -0.399094
vt 0.639438 -0.347108
vt 0.661145 -0.346751
vt 0.956443 -0.017619
vt 0.933490 -0.017619
vt 0.933490 -0.055597
vt 0.661145 -0.346751
vt 0.661145 -0.398986
vt 0.639438 -0.399094
vt 0.982618 -0.055597
vt 0.994399 -0.055597
vt 0.994399 -0.017619
vt 0.661145 -0.644036
vt 0.661145 -0.653304
vt 0.639438 -0.653304
vt 0.994399 -0.017619
vt 0.982618 -0.017619
vt 0.982618 -0.055597
vt 0.639438 -0.653304
vt 0.639438 -0.643713
vt 0.661145 -0.644036
vt 0.956443 -0.055597
vt 0.982618 -0.055597
vt 0.982618 -0.017619
vt 0.661145 -0.596108
vt 0.661145 -0.644036
vt 0.639438 -0.643713
vt 0.982618 -0.017619
vt 0.956443 -0.017619
vt 0.956443 -0.055597
vt 0.639438 -0.643713
vt 0.639438 -0.596238
vt 0.661145 -0.596108
vt 0.933490 -0.093575
vt 0.956443 -0.093575
vt 0.956443 -0.055597
vt 0.349698 -0.653304
vt 0.305888 -0.653304
vt 0.305888 -0.643713
vt 0.956443 -0.055597
vt 0.933490 -0.055597
vt 0.933490 -0.093575
vt 0.305888 -0.643713
vt 0.349698 -0.643713
vt 0.349698 -0.653304
vt 0.982618 -0.093575
vt 0.994399 -0.093575
vt 0.994399 -0.055597
vt 0.349698 -0.643713
vt 0.305888 -0.643713
vt 0.307907 -0.596238
vt 0.994399 -0.055597
vt 0.982618 -0.055597
vt 0.982618 -0.093575
vt 0.307907 -0.596238
vt 0.349698 -0.596238
vt 0.349698 -0.643713
vt 0.956443 -0.093575
vt 0.982618 -0.093575
vt 0.982618 -0.055597
vt 0.307907 -0.347108
vt 0.302244 -0.338533
vt 0.349698 -0.338533
vt 0.982618 -0.055597
vt 0.956443 -0.055597
vt 0.956443 -0.093575
vt 0.349698 -0.338533
vt 0.349698 -0.347108
vt 0.307907 -0.347108
vt 0.933490 -0.131552
vt 0.956443 -0.131552
vt 0.956443 -0.093575
vt 0.307907 -0.399094
vt 0.307907 -0.347108
vt 0.349698 -0.347108
vt 0.956443 -0.093575
vt 0.933490 -0.093575
vt 0.933490 -0.131552
vt 0.349698 -0.347108
vt 0.349698 -0.399094
vt 0.307907 -0.399094
vt 0.982618 -0.131552
vt 0.994399 -0.131552
vt 0.994399 -0.093575
vt 0.018186 -0.596238
vt 0.004076 -0.596238
vt 0.004076 -0.399094
vt 0.994399 -0.093575
vt 0.982618 -0.093575
vt 0.982618 -0.131552
vt 0.004076 -0.399094
vt 0.018186 -0.399094
vt 0.018186 -0.596238
vt 0.956443 -0.131552
vt 0.982618 -0.131552
vt 0.982618 -0.093575
vt 0.216792 -0.332058
vt 0.303421 -0.332058
vt 0.302244 -0.338533
vt 0.982618 -0.093575
vt 0.956443 -0.093575
vt 0.956443 -0.131552
vt 0.302244 -0.338533
vt 0.214437 -0.338533
vt 0.216792 -0.332058
vt 0.933490 -0.283462
vt 0.956443 -0.283462
vt 0.956443 -0.131552
vt 0.015313 -0.338533
vt 0.004076 -0.337908
vt 0.008432 -0.332058
vt 0.956443 -0.131552
vt 0.933490 -0.131552
vt 0.933490 -0.283462
vt 0.008432 -0.332058
vt 0.020022 -0.332058
vt 0.015313 -0.338533
vt 0.982618 -0.283462
vt 0.994399 -0.283462
vt 0.994399 -0.131552
vt 0.117129 -0.338533
vt 0.015313 -0.338533
vt 0.020022 -0.332058
vt 0.994399 -0.131552
vt 0.982618 -0.131552
vt 0.982618 -0.283462
vt 0.020022 -0.332058
vt 0.120661 -0.332058
vt 0.117129 -0.338533
vt 0.956443 -0.283462
vt 0.982618 -0.283462
vt 0.982618 -0.131552
vt 0.210736 -0.643713
vt 0.305888 -0.643713
vt 0.305888 -0.653304
vt 0.982618 -0.131552
vt 0.956443 -0.131552
vt 0.956443 -0.283462
vt 0.305888 -0.653304
vt 0.210736 -0.653304
vt 0.210736 -0.643713
vt 0.933490 -0.321440
vt 0.956443 -0.321440
vt 0.956443 -0.283462
vt 0.016186 -0.653304
vt 0.004076 -0.653304
vt 0.004076 -0.643713
vt 0.956443 -0.283462
vt 0.933490 -0.283462
vt 0.933490 -0.321440
vt 0.004076 -0.643713
vt 0.016186 -0.643713
vt 0.016186 -0.653304
vt 0.982618 -0.321440
vt 0.994399 -0.321440
vt 0.994399 -0.283462
vt 0.115690 -0.653304
vt 0.016186 -0.653304
vt 0.016186 -0.643713
vt 0.994399 -0.283462
vt 0.982618 -0.283462
vt 0.982618 -0.321440
vt 0.016186 -0.643713
vt 0.115690 -0.643713
vt 0.115690 -0.653304
vt 0.956443 -0.321440
vt 0.982618 -0.321440
vt 0.982618 -0.283462
vt 0.212041 -0.596238
vt 0.307907 -0.596238
vt 0.305888 -0.643713
vt 0.982618 -0.283462
vt 0.956443 -0.283462
vt 0.956443 -0.321440
vt 0.305888 -0.643713
vt 0.210736 -0.643713
vt 0.212041 -0.596238
vt 0.488289 -0.886778
vt 0.470715 -0.916684
vt 0.427902 -0.916684
vt 0.016186 -0.643713
vt 0.004076 -0.643713
vt 0.004076 -0.596238
vt 0.427902 -0.916684
vt 0.410327 -0.886778
vt 0.488289 -0.886778
vt 0.004076 -0.596238
vt 0.018186 -0.596238
vt 0.016186 -0.643713
vt 0.463344 -0.964565
vt 0.449308 -0.991425
vt 0.435273 -0.964565
vt 0.115690 -0.643713
vt 0.016186 -0.643713
vt 0.018186 -0.596238
vt 0.435273 -0.964565
vt 0.449308 -0.991425
vt 0.463344 -0.964565
vt 0.018186 -0.596238
vt 0.116227 -0.596238
vt 0.115690 -0.643713
vt 0.410327 -0.886778
vt 0.427902 -0.916684
vt 0.470715 -0.916684
vt 0.017749 -0.347108
vt 0.004076 -0.347108
vt 0.004076 -0.337908
vt 0.470715 -0.916684
vt 0.488289 -0.886778
vt 0.410327 -0.886778
vt 0.004076 -0.337908
vt 0.015313 -0.338533
vt 0.017749 -0.347108
vt 0.463344 -0.964565
vt 0.449308 -0.991425
vt 0.435273 -0.964565
vt 0.116947 -0.347108
vt 0.017749 -0.347108
vt 0.015313 -0.338533
vt 0.488289 -0.886778
vt 0.470715 -0.916684
vt 0.427902 -0.916684
vt 0.015313 -0.338533
vt 0.117129 -0.338533
vt 0.116947 -0.347108
vt 0.427902 -0.916684
vt 0.410327 -0.886778
vt 0.488289 -0.886778
vt 0.214437 -0.338533
vt 0.302244 -0.338533
vt 0.307907 -0.347108
vt 0.435273 -0.964565
vt 0.449308 -0.991425
vt 0.463344 -0.964565
vt 0.307907 -0.347108
vt 0.213891 -0.347108
vt 0.214437 -0.338533
vt 0.410327 -0.886778
vt 0.427902 -0.916684
vt 0.470715 -0.916684
vt 0.018186 -0.399094
vt 0.004076 -0.399094
vt 0.004076 -0.347108
vt 0.470715 -0.916684
vt 0.488289 -0.886778
vt 0.410327 -0.886778
vt 0.004076 -0.347108
vt 0.017749 -0.347108
vt 0.018186 -0.399094
vt 0.435273 -0.964565
vt 0.427902 -0.916684
vt 0.470715 -0.916684
vt 0.119383 -0.927586
vt 0.019754 -0.927586
vt 0.020757 -0.732970
vt 0.470715 -0.916684
vt 0.463344 -0.964565
vt 0.435273 -0.964565
vt 0.020757 -0.732970
vt 0.120750 -0.732970
vt 0.119383 -0.927586
vt 0.412001 -0.883481
vt 0.412001 -0.856057
vt 0.486861 -0.856057
vt 0.279176 -0.921967
vt 0.119383 -0.927586
vt 0.120750 -0.732970
vt 0.486861 -0.856057
vt 0.486861 -0.883481
vt 0.412001 -0.883481
vt 0.120750 -0.732970
vt 0.280243 -0.732970
vt 0.279176 -0.921967
vt 0.427902 -0.916684
vt 0.435273 -0.964565
vt 0.463344 -0.964565
vt 0.372846 -0.731974
vt 0.394618 -0.732970
vt 0.394618 -0.927586
vt 0.463344 -0.964565
vt 0.470715 -0.916684
vt 0.427902 -0.916684
vt 0.394618 -0.927586
vt 0.376708 -0.927586
vt 0.372846 -0.731974
vt 0.470715 -0.916684
vt 0.463344 -0.964565
vt 0.435273 -0.964565
vt 0.386134 -0.664889
vt 0.394618 -0.673186
vt 0.377346 -0.673186
vt 0.435273 -0.964565
vt 0.427902 -0.916684
vt 0.470715 -0.916684
vt 0.377346 -0.673186
vt 0.370249 -0.664889
vt 0.386134 -0.664889
vt 0.427902 -0.916684
vt 0.435273 -0.964565
vt 0.463344 -0.964565
vt 0.370249 -0.664889
vt 0.377346 -0.673186
vt 0.280608 -0.673186
vt 0.463344 -0.964565
vt 0.470715 -0.916684
vt 0.427902 -0.916684
vt 0.280608 -0.673186
vt 0.274898 -0.664889
vt 0.370249 -0.664889
vt 0.942866 -0.013074
vt 0.984310 -0.011498
vt 0.966364 -0.016600
vt 0.021304 -0.673186
vt 0.019845 -0.664889
vt 0.116975 -0.664889
vt 0.956443 -0.055597
vt 0.950552 -0.017619
vt 0.969533 -0.017619
vt 0.116975 -0.664889
vt 0.121297 -0.673186
vt 0.021304 -0.673186
vt 0.969533 -0.017619
vt 0.969533 -0.055597
vt 0.956443 -0.055597
vt 0.121023 -0.681651
vt 0.021030 -0.681651
vt 0.021304 -0.673186
vt 0.950552 -0.017619
vt 0.956443 -0.055597
vt 0.944661 -0.055597
vt 0.021304 -0.673186
vt 0.121297 -0.673186
vt 0.121023 -0.681651
vt 0.933490 -0.055597
vt 0.933490 -0.017619
vt 0.950552 -0.017619
vt 0.280426 -0.681651
vt 0.121023 -0.681651
vt 0.121297 -0.673186
vt 0.950552 -0.017619
vt 0.944661 -0.055597
vt 0.933490 -0.055597
vt 0.121297 -0.673186
vt 0.280608 -0.673186
vt 0.280426 -0.681651
vt 0.969533 -0.055597
vt 0.969533 -0.017619
vt 0.994399 -0.017619
vt 0.377346 -0.673186
vt 0.394618 -0.673186
vt 0.394618 -0.681651
vt 0.994399 -0.017619
vt 0.994399 -0.055597
vt 0.969533 -0.055597
vt 0.394618 -0.681651
vt 0.377254 -0.681651
vt 0.377346 -0.673186
vt 0.950552 -0.093575
vt 0.956443 -0.055597
vt 0.969533 -0.055597
vt 0.120750 -0.732970
vt 0.020757 -0.732970
vt 0.021030 -0.681651
vt 0.969533 -0.055597
vt 0.969533 -0.093575
vt 0.950552 -0.093575
vt 0.021030 -0.681651
vt 0.121023 -0.681651
vt 0.120750 -0.732970
vt 0.944661 -0.055597
vt 0.956443 -0.055597
vt 0.950552 -0.093575
vt 0.280243 -0.732970
vt 0.120750 -0.732970
vt 0.121023 -0.681651
vt 0.933490 -0.093575
vt 0.933490 -0.055597
vt 0.944661 -0.055597
vt 0.121023 -0.681651
vt 0.280426 -0.681651
vt 0.280243 -0.732970
vt 0.944661 -0.055597
vt 0.950552 -0.093575
vt 0.933490 -0.093575
vt 0.377254 -0.681651
vt 0.394618 -0.681651
vt 0.394618 -0.732970
vt 0.969533 -0.093575
vt 0.969533 -0.055597
vt 0.994399 -0.055597
vt 0.394618 -0.732970
vt 0.372846 -0.731974
vt 0.377254 -0.681651
vt 0.994399 -0.055597
vt 0.994399 -0.093575
vt 0.969533 -0.093575
vt 0.376616 -0.974452
vt 0.394618 -0.974452
vt 0.394618 -0.983920
vt 0.950552 -0.131552
vt 0.950552 -0.093575
vt 0.969533 -0.093575
vt 0.394618 -0.983920
vt 0.376525 -0.983920
vt 0.376616 -0.974452
vt 0.969533 -0.093575
vt 0.969533 -0.131552
vt 0.950552 -0.131552
vt 0.285351 -0.976283
vt 0.376616 -0.974452
vt 0.376525 -0.983920
vt 0.933490 -0.131552
vt 0.933490 -0.093575
vt 0.950552 -0.093575
vt 0.376525 -0.983920
vt 0.285169 -0.983920
vt 0.285351 -0.976283
vt 0.950552 -0.093575
vt 0.950552 -0.131552
vt 0.933490 -0.131552
vt 0.118835 -0.983920
vt 0.019207 -0.983920
vt 0.018239 -0.974452
vt 0.969533 -0.131552
vt 0.969533 -0.093575
vt 0.994399 -0.093575
vt 0.018239 -0.974452
vt 0.119109 -0.974452
vt 0.118835 -0.983920
vt 0.994399 -0.093575
vt 0.994399 -0.131552
vt 0.969533 -0.131552
vt 0.376708 -0.927586
vt 0.394618 -0.927586
vt 0.394618 -0.974452
vt 0.950552 -0.207507
vt 0.950552 -0.131552
vt 0.969533 -0.131552
vt 0.394618 -0.974452
vt 0.376616 -0.974452
vt 0.376708 -0.927586
vt 0.969533 -0.131552
vt 0.969533 -0.207507
vt 0.950552 -0.207507
vt 0.279176 -0.921967
vt 0.376708 -0.927586
vt 0.376616 -0.974452
vt 0.933490 -0.207507
vt 0.933490 -0.131552
vt 0.950552 -0.131552
vt 0.376616 -0.974452
vt 0.285351 -0.976283
vt 0.279176 -0.921967
vt 0.950552 -0.131552
vt 0.950552 -0.207507
vt 0.933490 -0.207507
vt 0.119109 -0.974452
vt 0.018239 -0.974452
vt 0.019754 -0.927586
vt 0.969533 -0.207507
vt 0.969533 -0.131552
vt 0.994399 -0.131552
vt 0.019754 -0.927586
vt 0.119383 -0.927586
vt 0.119109 -0.974452
vt 0.994399 -0.131552
vt 0.994399 -0.207507
vt 0.969533 -0.207507
vt 0.446299 -0.492060
vt 0.418893 -0.490996
vt 0.416773 -0.408742
vt 0.950552 -0.283462
vt 0.950552 -0.207507
vt 0.969533 -0.207507
vt 0.416773 -0.408742
vt 0.446314 -0.408100
vt 0.446299 -0.492060
vt 0.969533 -0.207507
vt 0.969533 -0.283462
vt 0.950552 -0.283462
vt 0.542815 -0.408100
vt 0.576775 -0.408731
vt 0.574786 -0.490826
vt 0.933490 -0.283462
vt 0.933490 -0.207507
vt 0.950552 -0.207507
vt 0.574786 -0.490826
vt 0.542825 -0.490555
vt 0.542815 -0.408100
vt 0.950552 -0.207507
vt 0.950552 -0.283462
vt 0.933490 -0.283462
vt 0.542858 -0.332058
vt 0.639438 -0.332058
vt 0.639438 -0.338533
vt 0.969533 -0.283462
vt 0.969533 -0.207507
vt 0.994399 -0.207507
vt 0.639438 -0.338533
vt 0.542858 -0.338533
vt 0.542858 -0.332058
vt 0.994399 -0.207507
vt 0.994399 -0.283462
vt 0.969533 -0.283462
vt 0.446278 -0.338533
vt 0.349698 -0.338533
vt 0.349698 -0.332058
vt 0.950552 -0.321440
vt 0.950552 -0.283462
vt 0.969533 -0.283462
vt 0.349698 -0.332058
vt 0.446278 -0.332058
vt 0.446278 -0.338533
vt 0.969533 -0.283462
vt 0.969533 -0.321440
vt 0.950552 -0.321440
vt 0.446278 -0.347108
vt 0.349698 -0.347108
vt 0.349698 -0.338533
vt 0.933490 -0.321440
vt 0.933490 -0.283462
vt 0.950552 -0.283462
vt 0.349698 -0.338533
vt 0.446278 -0.338533
vt 0.446278 -0.347108
vt 0.950552 -0.283462
vt 0.950552 -0.321440
vt 0.933490 -0.321440
vt 0.542858 -0.338533
vt 0.639438 -0.338533
vt 0.639438 -0.347108
vt 0.969533 -0.321440
vt 0.969533 -0.283462
vt 0.994399 -0.283462
vt 0.639438 -0.347108
vt 0.542858 -0.347108
vt 0.542858 -0.338533
vt 0.994399 -0.283462
vt 0.994399 -0.321440
vt 0.969533 -0.321440
vt 0.410665 -0.403062
vt 0.349698 -0.399094
vt 0.349698 -0.347108
vt 0.488289 -0.886778
vt 0.470715 -0.916684
vt 0.427902 -0.916684
vt 0.542858 -0.347108
vt 0.639438 -0.347108
vt 0.584137 -0.403016
vt 0.427902 -0.916684
vt 0.410327 -0.886778
vt 0.488289 -0.886778
vt 0.584137 -0.403016
vt 0.542851 -0.402344
vt 0.542858 -0.347108
vt 0.463344 -0.964565
vt 0.449308 -0.991425
vt 0.435273 -0.964565
vt 0.542858 -0.643713
vt 0.639438 -0.643713
vt 0.639438 -0.653304
vt 0.435273 -0.964565
vt 0.449308 -0.991425
vt 0.463344 -0.964565
vt 0.639438 -0.653304
vt 0.542858 -0.653304
vt 0.542858 -0.643713
vt 0.410327 -0.886778
vt 0.427902 -0.916684
vt 0.470715 -0.916684
vt 0.446278 -0.653304
vt 0.349698 -0.653304
vt 0.349698 -0.643713
vt 0.470715 -0.916684
vt 0.488289 -0.886778
vt 0.410327 -0.886778
vt 0.349698 -0.643713
vt 0.446278 -0.643713
vt 0.446278 -0.653304
vt 0.463344 -0.964565
vt 0.449308 -0.991425
vt 0.435273 -0.964565
vt 0.542858 -0.596238
vt 0.639438 -0.596238
vt 0.639438 -0.643713
vt 0.488289 -0.886778
vt 0.470715 -0.916684
vt 0.427902 -0.916684
vt 0.639438 -0.643713
vt 0.542858 -0.643713
vt 0.542858 -0.596238
vt 0.427902 -0.916684
vt 0.410327 -0.886778
vt 0.488289 -0.886778
vt 0.446278 -0.643713
vt 0.349698 -0.643713
vt 0.349698 -0.596238
vt 0.435273 -0.964565
vt 0.449308 -0.991425
vt 0.463344 -0.964565
vt 0.349698 -0.596238
vt 0.446353 -0.595630
vt 0.446278 -0.643713
vt 0.410327 -0.886778
vt 0.427902 -0.916684
vt 0.470715 -0.916684
vt 0.681915 -0.705449
vt 0.681917 -0.696130
vt 0.679081 -0.698976
vt 0.470715 -0.916684
vt 0.488289 -0.886778
vt 0.410327 -0.886778
vt 0.679081 -0.698976
vt 0.679081 -0.707726
vt 0.681915 -0.705449
vt 0.435273 -0.964565
vt 0.427902 -0.916684
vt 0.470715 -0.916684
vt 0.681912 -0.733893
vt 0.681915 -0.705449
vt 0.679081 -0.707726
vt 0.470715 -0.916684
vt 0.463344 -0.964565
vt 0.435273 -0.964565
vt 0.679081 -0.707726
vt 0.679081 -0.735601
vt 0.681912 -0.733893
vt 0.412001 -0.883481
vt 0.412001 -0.856057
vt 0.486861 -0.856057
vt 0.679081 -0.975065
vt 0.679081 -0.978605
vt 0.681906 -0.978605
vt 0.486861 -0.856057
vt 0.486861 -0.883481
vt 0.412001 -0.883481
vt 0.681906 -0.978605
vt 0.681908 -0.974496
vt 0.679081 -0.975065
vt 0.427902 -0.916684
vt 0.435273 -0.964565
vt 0.463344 -0.964565
vt 0.679081 -0.936406
vt 0.679081 -0.975065
vt 0.681908 -0.974496
vt 0.463344 -0.964565
vt 0.470715 -0.916684
vt 0.427902 -0.916684
vt 0.681908 -0.974496
vt 0.681910 -0.935268
vt 0.679081 -0.936406
vt 0.470715 -0.916684
vt 0.463344 -0.964565
vt 0.435273 -0.964565
vt 0.504753 -0.986153
vt 0.666523 -0.990197
vt 0.666523 -0.994308
vt 0.435273 -0.964565
vt 0.427902 -0.916684
vt 0.470715 -0.916684
vt 0.666523 -0.994308
vt 0.504753 -0.994308
vt 0.504753 -0.986153
vt 0.427902 -0.916684
vt 0.435273 -0.964565
vt 0.463344 -0.964565
vt 0.504753 -0.986153
vt 0.504753 -0.950966
vt 0.666523 -0.950966
vt 0.463344 -0.964565
vt 0.470715 -0.916684
vt 0.427902 -0.916684
vt 0.666523 -0.950966
vt 0.666523 -0.990197
vt 0.504753 -0.986153
vt 0.937319 -0.014651
vt 0.984310 -0.011498
vt 0.995408 -0.014651
vt 0.666523 -0.721143
vt 0.504753 -0.721143
vt 0.493631 -0.711822
vt 0.933490 -0.055597
vt 0.933490 -0.017619
vt 0.956443 -0.017619
vt 0.493631 -0.711822
vt 0.666523 -0.711822
vt 0.666523 -0.721143
vt 0.956443 -0.017619
vt 0.956443 -0.055597
vt 0.933490 -0.055597
vt 0.666523 -0.749590
vt 0.504753 -0.749590
vt 0.504753 -0.721143
vt 0.982618 -0.055597
vt 0.982618 -0.017619
vt 0.994399 -0.017619
vt 0.504753 -0.721143
vt 0.666523 -0.721143
vt 0.666523 -0.749590
vt 0.994399 -0.017619
vt 0.994399 -0.055597
vt 0.982618 -0.055597
vt 0.672172 -0.990199
vt 0.672173 -0.994308
vt 0.666523 -0.994308
vt 0.982618 -0.017619
vt 0.982618 -0.055597
vt 0.956443 -0.055597
vt 0.666523 -0.994308
vt 0.666523 -0.990197
vt 0.672172 -0.990199
vt 0.956443 -0.055597
vt 0.956443 -0.017619
vt 0.982618 -0.017619
vt 0.672171 -0.950971
vt 0.672172 -0.990199
vt 0.666523 -0.990197
vt 0.933490 -0.093575
vt 0.933490 -0.055597
vt 0.956443 -0.055597
vt 0.666523 -0.990197
vt 0.666523 -0.950966
vt 0.672171 -0.950971
vt 0.956443 -0.055597
vt 0.956443 -0.093575
vt 0.933490 -0.093575
vt 0.666523 -0.721143
vt 0.666523 -0.711822
vt 0.672169 -0.711833
vt 0.982618 -0.093575
vt 0.982618 -0.055597
vt 0.994399 -0.055597
vt 0.672169 -0.711833
vt 0.672169 -0.721151
vt 0.666523 -0.721143
vt 0.994399 -0.055597
vt 0.994399 -0.093575
vt 0.982618 -0.093575
vt 0.666523 -0.749590
vt 0.666523 -0.721143
vt 0.672169 -0.721151
vt 0.982618 -0.055597
vt 0.982618 -0.093575
vt 0.956443 -0.093575
vt 0.672169 -0.721151
vt 0.672170 -0.749596
vt 0.666523 -0.749590
vt 0.956443 -0.093575
vt 0.956443 -0.055597
vt 0.982618 -0.055597
vt 0.682527 -0.677378
vt 0.683039 -0.667409
vt 0.613096 -0.666717
vt 0.933490 -0.131552
vt 0.933490 -0.093575
vt 0.956443 -0.093575
vt 0.613096 -0.666717
vt 0.612936 -0.675478
vt 0.682527 -0.677378
vt 0.956443 -0.093575
vt 0.956443 -0.131552
vt 0.933490 -0.131552
vt 0.682527 -0.677378
vt 0.681906 -0.688838
vt 0.799379 -0.675635
vt 0.982618 -0.131552
vt 0.982618 -0.093575
vt 0.994399 -0.093575
vt 0.798090 -0.968844
vt 0.691864 -0.970733
vt 0.690506 -0.978605
vt 0.994399 -0.093575
vt 0.994399 -0.131552
vt 0.982618 -0.131552
vt 0.690506 -0.978605
vt 0.797725 -0.978605
vt 0.798090 -0.968844
vt 0.982618 -0.093575
vt 0.982618 -0.131552
vt 0.956443 -0.131552
vt 0.798090 -0.968844
vt 0.798455 -0.923964
vt 0.690506 -0.935263
vt 0.956443 -0.131552
vt 0.956443 -0.093575
vt 0.982618 -0.093575
vt 0.690506 -0.935263
vt 0.691864 -0.970733
vt 0.798090 -0.968844
vt 0.933490 -0.283462
vt 0.933490 -0.131552
vt 0.956443 -0.131552
vt 0.969620 -0.675889
vt 0.970127 -0.667870
vt 0.906783 -0.667870
vt 0.956443 -0.131552
vt 0.956443 -0.283462
vt 0.933490 -0.283462
vt 0.906783 -0.667870
vt 0.906347 -0.675889
vt 0.969620 -0.675889
vt 0.982618 -0.283462
vt 0.982618 -0.131552
vt 0.994399 -0.131552
vt 0.969113 -0.728232
vt 0.969620 -0.675889
vt 0.906347 -0.675889
vt 0.994399 -0.131552
vt 0.994399 -0.283462
vt 0.982618 -0.283462
vt 0.906347 -0.675889
vt 0.905911 -0.728232
vt 0.969113 -0.728232
vt 0.982618 -0.131552
vt 0.982618 -0.283462
vt 0.956443 -0.283462
vt 0.905038 -0.968844
vt 0.904602 -0.978605
vt 0.972339 -0.978605
vt 0.956443 -0.283462
vt 0.956443 -0.131552
vt 0.982618 -0.131552
vt 0.972339 -0.978605
vt 0.972846 -0.968844
vt 0.905038 -0.968844
vt 0.933490 -0.321440
vt 0.933490 -0.283462
vt 0.956443 -0.283462
vt 0.905475 -0.923964
vt 0.905038 -0.968844
vt 0.972846 -0.968844
vt 0.956443 -0.283462
vt 0.956443 -0.321440
vt 0.933490 -0.321440
vt 0.972846 -0.968844
vt 0.973354 -0.923964
vt 0.905475 -0.923964
vt 0.982618 -0.321440
vt 0.982618 -0.283462
vt 0.994399 -0.283462
vt 0.798455 -0.923964
vt 0.798820 -0.728232
vt 0.690505 -0.733887
vt 0.994399 -0.283462
vt 0.994399 -0.321440
vt 0.982618 -0.321440
vt 0.690505 -0.733887
vt 0.690506 -0.935263
vt 0.798455 -0.923964
vt 0.982618 -0.321440
vt 0.956443 -0.321440
vt 0.956443 -0.283462
vt 0.987363 -0.346394
vt 0.987363 -0.338533
vt 0.995364 -0.338533
vt 0.956443 -0.283462
vt 0.982618 -0.283462
vt 0.982618 -0.321440
vt 0.995364 -0.338533
vt 0.995364 -0.346656
vt 0.987363 -0.346394
vt 0.488289 -0.886778
vt 0.470715 -0.916684
vt 0.427902 -0.916684
vt 0.987363 -0.398878
vt 0.987363 -0.346394
vt 0.995364 -0.346656
vt 0.427902 -0.916684
vt 0.410327 -0.886778
vt 0.488289 -0.886778
vt 0.995364 -0.346656
vt 0.995364 -0.399679
vt 0.987363 -0.398878
vt 0.463344 -0.964565
vt 0.449308 -0.991425
vt 0.435273 -0.964565
vt 0.987363 -0.644359
vt 0.987363 -0.595979
vt 0.995364 -0.597953
vt 0.435273 -0.964565
vt 0.449308 -0.991425
vt 0.463344 -0.964565
vt 0.995364 -0.597953
vt 0.995364 -0.643417
vt 0.987363 -0.644359
vt 0.410327 -0.886778
vt 0.427902 -0.916684
vt 0.470715 -0.916684
vt 0.987363 -0.595979
vt 0.987363 -0.398878
vt 0.995364 -0.399679
vt 0.470715 -0.916684
vt 0.488289 -0.886778
vt 0.410327 -0.886778
vt 0.995364 -0.399679
vt 0.995364 -0.597953
vt 0.987363 -0.595979
vt 0.463344 -0.964565
vt 0.449308 -0.991425
vt 0.435273 -0.964565
vt 0.504753 -0.950966
vt 0.493631 -0.950966
vt 0.493631 -0.749590
vt 0.488289 -0.886778
vt 0.470715 -0.916684
vt 0.427902 -0.916684
vt 0.493631 -0.749590
vt 0.504753 -0.749590
vt 0.504753 -0.950966
vt 0.427902 -0.916684
vt 0.410327 -0.886778
vt 0.488289 -0.886778
vt 0.493631 -0.994308
vt 0.493631 -0.986436
vt 0.504753 -0.986153
vt 0.435273 -0.964565
vt 0.449308 -0.991425
vt 0.463344 -0.964565
vt 0.504753 -0.986153
vt 0.504753 -0.994308
vt 0.493631 -0.994308
vt 0.410327 -0.886778
vt 0.427902 -0.916684
vt 0.470715 -0.916684
vt 0.493631 -0.986436
vt 0.493631 -0.950966
vt 0.504753 -0.950966
vt 0.470715 -0.916684
vt 0.488289 -0.886778
vt 0.410327 -0.886778
vt 0.504753 -0.950966
vt 0.504753 -0.986153
vt 0.493631 -0.986436
vt 0.435273 -0.964565
vt 0.427902 -0.916684
vt 0.470715 -0.916684
vt 0.504753 -0.721143
vt 0.493631 -0.721143
vt 0.493631 -0.711822
vt 0.470715 -0.916684
vt 0.463344 -0.964565
vt 0.435273 -0.964565
vt 0.504753 -0.749590
vt 0.493631 -0.749590
vt 0.493631 -0.721143
vt 0.412001 -0.883481
vt 0.412001 -0.856057
vt 0.486861 -0.856057
vt 0.493631 -0.721143
vt 0.504753 -0.721143
vt 0.504753 -0.749590
vt 0.486861 -0.856057
vt 0.486861 -0.883481
vt 0.412001 -0.883481
vt 0.681906 -0.688838
vt 0.690505 -0.696119
vt 0.799379 -0.675635
vt 0.427902 -0.916684
vt 0.435273 -0.964565
vt 0.463344 -0.964565
vt 0.612936 -0.675478
vt 0.608848 -0.688838
vt 0.681906 -0.688838
vt 0.463344 -0.964565
vt 0.470715 -0.916684
vt 0.427902 -0.916684
vt 0.901998 -0.660223
vt 0.796614 -0.660223
vt 0.799550 -0.667870
vt 0.470715 -0.916684
vt 0.463344 -0.964565
vt 0.435273 -0.964565
vt 0.799550 -0.667870
vt 0.906783 -0.667870
vt 0.901998 -0.660223
vt 0.435273 -0.964565
vt 0.427902 -0.916684
vt 0.470715 -0.916684
vt 0.970127 -0.667870
vt 0.987810 -0.667870
vt 0.987810 -0.660223
vt 0.427902 -0.916684
vt 0.435273 -0.964565
vt 0.463344 -0.964565
vt 0.987810 -0.660223
vt 0.968937 -0.660223
vt 0.970127 -0.667870
vt 0.463344 -0.964565
vt 0.470715 -0.916684
vt 0.427902 -0.916684
vt 0.683039 -0.667409
vt 0.799550 -0.667870
vt 0.796614 -0.660223
vt 0.937319 -0.014651
vt 0.984310 -0.011498
vt 0.995408 -0.014651
vt 0.796614 -0.660223
vt 0.681206 -0.660223
vt 0.683039 -0.667409
vt 0.933490 -0.055597
vt 0.933490 -0.017619
vt 0.956443 -0.017619
vt 0.973354 -0.923964
vt 0.987810 -0.923964
vt 0.987810 -0.728232
vt 0.956443 -0.017619
vt 0.956443 -0.055597
vt 0.933490 -0.055597
vt 0.987810 -0.728232
vt 0.969113 -0.728232
vt 0.973354 -0.923964
vt 0.982618 -0.055597
vt 0.982618 -0.017619
vt 0.994399 -0.017619
vt 0.905911 -0.728232
vt 0.798820 -0.728232
vt 0.798455 -0.923964
vt 0.994399 -0.017619
vt 0.994399 -0.055597
vt 0.982618 -0.055597
vt 0.798455 -0.923964
vt 0.905475 -0.923964
vt 0.905911 -0.728232
vt 0.982618 -0.017619
vt 0.982618 -0.055597
vt 0.956443 -0.055597
vt 0.799379 -0.675635
vt 0.799550 -0.667870
vt 0.683039 -0.667409
vt 0.956443 -0.055597
vt 0.956443 -0.017619
vt 0.982618 -0.017619
vt 0.683039 -0.667409
vt 0.682527 -0.677378
vt 0.799379 -0.675635
vt 0.933490 -0.093575
vt 0.933490 -0.055597
vt 0.956443 -0.055597
vt 0.690505 -0.696119
vt 0.690505 -0.705440
vt 0.799379 -0.675635
vt 0.956443 -0.055597
vt 0.956443 -0.093575
vt 0.933490 -0.093575
vt 0.987810 -0.675889
vt 0.987810 -0.667870
vt 0.970127 -0.667870
vt 0.982618 -0.093575
vt 0.982618 -0.055597
vt 0.994399 -0.055597
vt 0.970127 -0.667870
vt 0.969620 -0.675889
vt 0.987810 -0.675889
vt 0.994399 -0.055597
vt 0.994399 -0.093575
vt 0.982618 -0.093575
vt 0.799550 -0.667870
vt 0.799379 -0.675635
vt 0.906347 -0.675889
vt 0.982618 -0.055597
vt 0.982618 -0.093575
vt 0.956443 -0.093575
vt 0.906347 -0.675889
vt 0.906783 -0.667870
vt 0.799550 -0.667870
vt 0.956443 -0.093575
vt 0.956443 -0.055597
vt 0.982618 -0.055597
vt 0.987810 -0.728232
vt 0.987810 -0.675889
vt 0.969620 -0.675889
vt 0.933490 -0.131552
vt 0.933490 -0.093575
vt 0.956443 -0.093575
vt 0.969620 -0.675889
vt 0.969113 -0.728232
vt 0.987810 -0.728232
vt 0.956443 -0.093575
vt 0.956443 -0.131552
vt 0.933490 -0.131552
vt 0.799379 -0.675635
vt 0.798820 -0.728232
vt 0.905911 -0.728232
vt 0.982618 -0.131552
vt 0.982618 -0.093575
vt 0.994399 -0.093575
vt 0.905911 -0.728232
vt 0.906347 -0.675889
vt 0.799379 -0.675635
vt 0.994399 -0.093575
vt 0.994399 -0.131552
vt 0.982618 -0.131552
vt 0.905038 -0.968844
vt 0.798090 -0.968844
vt 0.797725 -0.978605
vt 0.982618 -0.093575
vt 0.982618 -0.131552
vt 0.956443 -0.131552
vt 0.797725 -0.978605
vt 0.904602 -0.978605
vt 0.905038 -0.968844
vt 0.956443 -0.131552
vt 0.956443 -0.093575
vt 0.982618 -0.093575
vt 0.987810 -0.978605
vt 0.987810 -0.968844
vt 0.972846 -0.968844
vt 0.933490 -0.283462
vt 0.933490 -0.131552
vt 0.956443 -0.131552
vt 0.972846 -0.968844
vt 0.972339 -0.978605
vt 0.987810 -0.978605
vt 0.956443 -0.131552
vt 0.956443 -0.283462
vt 0.933490 -0.283462
vt 0.798455 -0.923964
vt 0.798090 -0.968844
vt 0.905038 -0.968844
vt 0.982618 -0.283462
vt 0.982618 -0.131552
vt 0.994399 -0.131552
vt 0.905038 -0.968844
vt 0.905475 -0.923964
vt 0.798455 -0.923964
vt 0.994399 -0.131552
vt 0.994399 -0.283462
vt 0.982618 -0.283462
vt 0.987810 -0.968844
vt 0.987810 -0.923964
vt 0.973354 -0.923964
vt 0.982618 -0.131552
vt 0.982618 -0.283462
vt 0.956443 -0.283462
vt 0.973354 -0.923964
vt 0.972846 -0.968844
vt 0.987810 -0.968844
vt 0.956443 -0.283462
vt 0.956443 -0.131552
vt 0.982618 -0.131552
vt 0.954940 -0.332058
vt 0.958864 -0.338533
vt 0.880805 -0.338533
vt 0.933490 -0.321440
vt 0.933490 -0.283462
vt 0.956443 -0.283462
vt 0.880805 -0.338533
vt 0.877535 -0.332058
vt 0.954940 -0.332058
vt 0.956443 -0.283462
vt 0.956443 -0.321440
vt 0.933490 -0.321440
vt 0.682204 -0.338533
vt 0.680242 -0.332058
vt 0.781673 -0.332058
vt 0.982618 -0.321440
vt 0.982618 -0.283462
vt 0.994399 -0.283462
vt 0.781673 -0.332058
vt 0.784289 -0.338533
vt 0.682204 -0.338533
vt 0.994399 -0.283462
vt 0.994399 -0.321440
vt 0.982618 -0.321440
vt 0.784349 -0.346751
vt 0.685016 -0.346751
vt 0.682204 -0.338533
vt 0.982618 -0.321440
vt 0.956443 -0.321440
vt 0.956443 -0.283462
vt 0.682204 -0.338533
vt 0.784289 -0.338533
vt 0.784349 -0.346751
vt 0.956443 -0.283462
vt 0.982618 -0.283462
vt 0.982618 -0.321440
vt 0.880805 -0.338533
vt 0.958864 -0.338533
vt 0.959035 -0.346751
vt 0.488289 -0.886778
vt 0.470715 -0.916684
vt 0.427902 -0.916684
vt 0.959035 -0.346751
vt 0.880897 -0.346751
vt 0.880805 -0.338533
vt 0.427902 -0.916684
vt 0.410327 -0.886778
vt 0.488289 -0.886778
vt 0.879870 -0.644359
vt 0.941737 -0.644359
vt 0.941737 -0.653304
vt 0.463344 -0.964565
vt 0.449308 -0.991425
vt 0.435273 -0.964565
vt 0.941737 -0.653304
vt 0.879870 -0.653304
vt 0.879870 -0.644359
vt 0.435273 -0.964565
vt 0.449308 -0.991425
vt 0.463344 -0.964565
vt 0.775227 -0.653304
vt 0.691973 -0.653304
vt 0.691973 -0.644359
vt 0.410327 -0.886778
vt 0.427902 -0.916684
vt 0.470715 -0.916684
vt 0.691973 -0.644359
vt 0.775227 -0.644359
vt 0.775227 -0.653304
vt 0.470715 -0.916684
vt 0.488289 -0.886778
vt 0.410327 -0.886778
vt 0.880429 -0.596108
vt 0.942000 -0.596108
vt 0.941737 -0.644359
vt 0.463344 -0.964565
vt 0.449308 -0.991425
vt 0.435273 -0.964565
vt 0.941737 -0.644359
vt 0.879870 -0.644359
vt 0.880429 -0.596108
vt 0.488289 -0.886778
vt 0.470715 -0.916684
vt 0.427902 -0.916684
vt 0.775227 -0.644359
vt 0.691973 -0.644359
vt 0.689901 -0.596108
vt 0.427902 -0.916684
vt 0.410327 -0.886778
vt 0.488289 -0.886778
vt 0.689901 -0.596108
vt 0.779818 -0.596108
vt 0.775227 -0.644359
vt 0.435273 -0.964565
vt 0.449308 -0.991425
vt 0.463344 -0.964565
vt 0.584137 -0.403016
vt 0.639438 -0.399094
vt 0.639438 -0.596238
vt 0.410327 -0.886778
vt 0.427902 -0.916684
vt 0.470715 -0.916684
vt 0.639438 -0.596238
vt 0.581925 -0.497241
vt 0.584137 -0.403016
vt 0.470715 -0.916684
vt 0.488289 -0.886778
vt 0.410327 -0.886778
vt 0.413022 -0.497209
vt 0.349698 -0.596238
vt 0.349698 -0.399094
vt 0.435273 -0.964565
vt 0.427902 -0.916684
vt 0.470715 -0.916684
vt 0.349698 -0.399094
vt 0.410665 -0.403062
vt 0.413022 -0.497209
vt 0.470715 -0.916684
vt 0.463344 -0.964565
vt 0.435273 -0.964565
vt 0.446273 -0.498416
vt 0.446353 -0.595630
vt 0.349698 -0.596238
vt 0.412001 -0.883481
vt 0.412001 -0.856057
vt 0.486861 -0.856057
vt 0.349698 -0.596238
vt 0.413022 -0.497209
vt 0.446273 -0.498416
vt 0.486861 -0.856057
vt 0.486861 -0.883481
vt 0.412001 -0.883481
vt 0.542852 -0.496910
vt 0.542858 -0.596238
vt 0.446353 -0.595630
vt 0.427902 -0.916684
vt 0.435273 -0.964565
vt 0.463344 -0.964565
vt 0.446353 -0.595630
vt 0.446273 -0.498416
vt 0.542852 -0.496910
vt 0.463344 -0.964565
vt 0.470715 -0.916684
vt 0.427902 -0.916684
vt 0.581925 -0.497241
vt 0.639438 -0.596238
vt 0.542858 -0.596238
vt 0.470715 -0.916684
vt 0.463344 -0.964565
vt 0.435273 -0.964565
vt 0.542858 -0.596238
vt 0.542852 -0.496910
vt 0.581925 -0.497241
vt 0.435273 -0.964565
vt 0.427902 -0.916684
vt 0.470715 -0.916684
vt 0.639438 -0.347108
vt 0.639438 -0.399094
vt 0.584137 -0.403016
vt 0.427902 -0.916684
vt 0.435273 -0.964565
vt 0.463344 -0.964565
vt 0.446274 -0.402344
vt 0.410665 -0.403062
vt 0.349698 -0.347108
vt 0.463344 -0.964565
vt 0.470715 -0.916684
vt 0.427902 -0.916684
vt 0.349698 -0.347108
vt 0.446278 -0.347108
vt 0.446274 -0.402344
vt 0.937319 -0.014651
vt 0.948413 -0.011498
vt 0.995408 -0.014651
vt 0.416773 -0.408742
vt 0.410665 -0.403062
vt 0.446274 -0.402344
vt 0.944661 -0.055597
vt 0.944661 -0.017619
vt 0.956443 -0.017619
vt 0.446274 -0.402344
vt 0.446314 -0.408100
vt 0.416773 -0.408742
vt 0.956443 -0.017619
vt 0.956443 -0.055597
vt 0.944661 -0.055597
vt 0.418893 -0.490996
vt 0.413022 -0.497209
vt 0.410665 -0.403062
vt 0.982618 -0.055597
vt 0.982618 -0.017619
vt 0.994950 -0.016326
vt 0.410665 -0.403062
vt 0.416773 -0.408742
vt 0.418893 -0.490996
vt 0.994950 -0.016326
vt 0.995094 -0.053965
vt 0.982618 -0.055597
vt 0.446299 -0.492060
vt 0.446273 -0.498416
vt 0.413022 -0.497209
vt 0.982618 -0.017619
vt 0.982618 -0.055597
vt 0.956443 -0.055597
vt 0.413022 -0.497209
vt 0.418893 -0.490996
vt 0.446299 -0.492060
vt 0.956443 -0.055597
vt 0.956443 -0.017619
vt 0.982618 -0.017619
vt 0.542825 -0.490555
vt 0.542852 -0.496910
vt 0.446273 -0.498416
vt 0.944661 -0.093575
vt 0.944661 -0.055597
vt 0.956443 -0.055597
vt 0.446273 -0.498416
vt 0.446299 -0.492060
vt 0.542825 -0.490555
vt 0.956443 -0.055597
vt 0.956443 -0.093575
vt 0.944661 -0.093575
vt 0.574786 -0.490826
vt 0.581925 -0.497241
vt 0.542852 -0.496910
vt 0.982618 -0.093575
vt 0.982618 -0.055597
vt 0.996685 -0.057704
vt 0.542852 -0.496910
vt 0.542825 -0.490555
vt 0.574786 -0.490826
vt 0.996685 -0.057704
vt 0.995792 -0.092851
vt 0.982618 -0.093575
vt 0.576775 -0.408731
vt 0.584137 -0.403016
vt 0.581925 -0.497241
vt 0.982618 -0.055597
vt 0.982618 -0.093575
vt 0.956443 -0.093575
vt 0.581925 -0.497241
vt 0.574786 -0.490826
vt 0.576775 -0.408731
vt 0.956443 -0.093575
vt 0.956443 -0.055597
vt 0.982618 -0.055597
vt 0.542815 -0.408100
vt 0.542851 -0.402344
vt 0.584137 -0.403016
vt 0.944661 -0.131552
vt 0.944661 -0.093575
vt 0.956443 -0.093575
vt 0.584137 -0.403016
vt 0.576775 -0.408731
vt 0.542815 -0.408100
vt 0.956443 -0.093575
vt 0.956443 -0.131552
vt 0.944661 -0.131552
vt 0.446314 -0.408100
vt 0.446274 -0.402344
vt 0.542851 -0.402344
vt 0.982618 -0.131552
vt 0.982618 -0.093575
vt 0.997779 -0.093585
vt 0.542851 -0.402344
vt 0.542815 -0.408100
vt 0.446314 -0.408100
vt 0.997779 -0.093585
vt 1.001008 -0.131539
vt 0.982618 -0.131552
vt 0.880956 -0.490555
vt 0.784429 -0.492060
vt 0.784444 -0.408100
vt 0.982618 -0.093575
vt 0.982618 -0.131552
vt 0.956443 -0.131552
vt 0.784444 -0.408100
vt 0.880945 -0.408100
vt 0.880956 -0.490555
vt 0.956443 -0.131552
vt 0.956443 -0.093575
vt 0.982618 -0.093575
vt 0.880982 -0.402344
vt 0.784404 -0.402344
vt 0.784349 -0.346751
vt 0.944661 -0.283462
vt 0.944661 -0.131552
vt 0.956443 -0.131552
vt 0.784349 -0.346751
vt 0.880897 -0.346751
vt 0.880982 -0.402344
vt 0.956443 -0.131552
vt 0.956443 -0.283462
vt 0.944661 -0.283462
vt 0.784429 -0.492060
vt 0.755114 -0.490996
vt 0.752994 -0.408742
vt 0.982210 -0.270371
vt 0.982618 -0.131552
vt 0.999169 -0.131534
vt 0.752994 -0.408742
vt 0.784444 -0.408100
vt 0.784429 -0.492060
vt 0.999169 -0.131534
vt 0.996367 -0.270374
vt 0.982210 -0.270371
vt 0.880945 -0.408100
vt 0.917194 -0.408731
vt 0.915205 -0.490826
vt 0.982618 -0.131552
vt 0.982618 -0.283462
vt 0.956443 -0.283462
vt 0.915205 -0.490826
vt 0.880956 -0.490555
vt 0.880945 -0.408100
vt 0.956443 -0.283462
vt 0.956443 -0.131552
vt 0.982618 -0.131552
vt 0.746886 -0.403062
vt 0.685016 -0.398986
vt 0.685016 -0.346751
vt 0.944661 -0.321440
vt 0.944661 -0.283462
vt 0.956443 -0.283462
vt 0.880897 -0.346751
vt 0.959035 -0.346751
vt 0.924555 -0.403016
vt 0.956443 -0.283462
vt 0.956443 -0.321440
vt 0.944661 -0.321440
vt 0.924555 -0.403016
vt 0.880982 -0.402344
vt 0.880897 -0.346751
vt 0.982618 -0.321440
vt 0.982618 -0.283462
vt 0.996282 -0.283454
vt 0.924555 -0.403016
vt 0.958627 -0.398986
vt 0.942000 -0.596108
vt 0.996282 -0.283454
vt 0.996177 -0.321432
vt 0.982618 -0.321440
vt 0.942000 -0.596108
vt 0.922343 -0.497241
vt 0.924555 -0.403016
vt 0.982618 -0.321440
vt 0.956443 -0.321440
vt 0.956443 -0.283462
vt 0.749243 -0.497209
vt 0.689901 -0.596108
vt 0.685016 -0.398986
vt 0.956443 -0.283462
vt 0.982618 -0.283462
vt 0.982618 -0.321440
vt 0.685016 -0.398986
vt 0.746886 -0.403062
vt 0.749243 -0.497209
vt 0.488289 -0.886778
vt 0.470715 -0.916684
vt 0.427902 -0.916684
vt 0.784403 -0.498416
vt 0.779818 -0.596108
vt 0.689901 -0.596108
vt 0.427902 -0.916684
vt 0.410327 -0.886778
vt 0.488289 -0.886778
vt 0.689901 -0.596108
vt 0.749243 -0.497209
vt 0.784403 -0.498416
vt 0.463344 -0.964565
vt 0.449308 -0.991425
vt 0.435273 -0.964565
vt 0.880982 -0.496910
vt 0.880429 -0.596108
vt 0.779818 -0.596108
vt 0.435273 -0.964565
vt 0.449308 -0.991425
vt 0.463344 -0.964565
vt 0.779818 -0.596108
vt 0.784403 -0.498416
vt 0.880982 -0.496910
vt 0.410327 -0.886778
vt 0.427902 -0.916684
vt 0.470715 -0.916684
vt 0.922343 -0.497241
vt 0.942000 -0.596108
vt 0.880429 -0.596108
vt 0.470715 -0.916684
vt 0.488289 -0.886778
vt 0.410327 -0.886778
vt 0.880429 -0.596108
vt 0.880982 -0.496910
vt 0.922343 -0.497241
vt 0.463344 -0.964565
vt 0.449308 -0.991425
vt 0.435273 -0.964565
vt 0.959035 -0.346751
vt 0.958627 -0.398986
vt 0.924555 -0.403016
vt 0.488289 -0.886778
vt 0.470715 -0.916684
vt 0.427902 -0.916684
vt 0.784404 -0.402344
vt 0.746886 -0.403062
vt 0.685016 -0.346751
vt 0.427902 -0.916684
vt 0.410327 -0.886778
vt 0.488289 -0.886778
vt 0.685016 -0.346751
vt 0.784349 -0.346751
vt 0.784404 -0.402344
vt 0.435273 -0.964565
vt 0.449308 -0.991425
vt 0.463344 -0.964565
vt 0.752994 -0.408742
vt 0.746886 -0.403062
vt 0.784404 -0.402344
vt 0.410327 -0.886778
vt 0.427902 -0.916684
vt 0.470715 -0.916684
vt 0.784404 -0.402344
vt 0.784444 -0.408100
vt 0.752994 -0.408742
vt 0.470715 -0.916684
vt 0.488289 -0.886778
vt 0.410327 -0.886778
vt 0.755114 -0.490996
vt 0.749243 -0.497209
vt 0.746886 -0.403062
vt 0.435273 -0.964565
vt 0.427902 -0.916684
vt 0.470715 -0.916684
vt 0.746886 -0.403062
vt 0.752994 -0.408742
vt 0.755114 -0.490996
vt 0.470715 -0.916684
vt 0.463344 -0.964565
vt 0.435273 -0.964565
vt 0.784429 -0.492060
vt 0.784403 -0.498416
vt 0.749243 -0.497209
vt 0.412001 -0.883481
vt 0.412001 -0.856057
vt 0.486861 -0.856057
vt 0.749243 -0.497209
vt 0.755114 -0.490996
vt 0.784429 -0.492060
vt 0.486861 -0.856057
vt 0.486861 -0.883481
vt 0.412001 -0.883481
vt 0.880956 -0.490555
vt 0.880982 -0.496910
vt 0.784403 -0.498416
vt 0.427902 -0.916684
vt 0.435273 -0.964565
vt 0.463344 -0.964565
vt 0.784403 -0.498416
vt 0.784429 -0.492060
vt 0.880956 -0.490555
vt 0.463344 -0.964565
vt 0.470715 -0.916684
vt 0.427902 -0.916684
vt 0.915205 -0.490826
vt 0.922343 -0.497241
vt 0.880982 -0.496910
vt 0.470715 -0.916684
vt 0.463344 -0.964565
vt 0.435273 -0.964565
vt 0.880982 -0.496910
vt 0.880956 -0.490555
vt 0.915205 -0.490826
vt 0.435273 -0.964565
vt 0.427902 -0.916684
vt 0.470715 -0.916684
vt 0.917194 -0.408731
vt 0.924555 -0.403016
vt 0.922343 -0.497241
vt 0.427902 -0.916684
vt 0.435273 -0.964565
vt 0.463344 -0.964565
vt 0.922343 -0.497241
vt 0.915205 -0.490826
vt 0.917194 -0.408731
vt 0.463344 -0.964565
vt 0.470715 -0.916684
vt 0.427902 -0.916684
vt 0.880945 -0.408100
vt 0.880982 -0.402344
vt 0.924555 -0.403016
vt 0.937319 -0.014651
vt 0.948413 -0.011498
vt 0.995408 -0.014651
vt 0.924555 -0.403016
vt 0.917194 -0.408731
vt 0.880945 -0.408100
vt 0.944661 -0.055597
vt 0.944661 -0.017619
vt 0.956443 -0.017619
vt 0.784444 -0.408100
vt 0.784404 -0.402344
vt 0.880982 -0.402344
vt 0.956443 -0.017619
vt 0.956443 -0.055597
vt 0.944661 -0.055597
vt 0.880982 -0.402344
vt 0.880945 -0.408100
vt 0.784444 -0.408100
vt 0.982618 -0.055597
vt 0.982618 -0.017619
vt 0.994950 -0.016325
vt 0.213312 -0.490555
vt 0.116785 -0.492060
vt 0.116801 -0.408100
vt 0.994950 -0.016325
vt 0.995094 -0.053965
vt 0.982618 -0.055597
vt 0.116801 -0.408100
vt 0.213302 -0.408100
vt 0.213312 -0.490555
vt 0.982618 -0.017619
vt 0.982618 -0.055597
vt 0.956443 -0.055597
vt 0.213338 -0.402344
vt 0.116761 -0.402344
vt 0.116947 -0.347108
vt 0.956443 -0.055597
vt 0.956443 -0.017619
vt 0.982618 -0.017619
vt 0.116947 -0.347108
vt 0.213891 -0.347108
vt 0.213338 -0.402344
vt 0.944661 -0.093575
vt 0.944661 -0.055597
vt 0.956443 -0.055597
vt 0.116785 -0.492060
vt 0.084895 -0.490996
vt 0.082775 -0.408742
vt 0.956443 -0.055597
vt 0.956443 -0.093575
vt 0.944661 -0.093575
vt 0.082775 -0.408742
vt 0.116801 -0.408100
vt 0.116785 -0.492060
vt 0.982618 -0.093575
vt 0.982618 -0.055597
vt 0.996685 -0.057704
vt 0.213302 -0.408100
vt 0.242976 -0.408731
vt 0.240987 -0.490826
vt 0.996685 -0.057704
vt 0.995793 -0.092851
vt 0.982618 -0.093575
vt 0.240987 -0.490826
vt 0.213312 -0.490555
vt 0.213302 -0.408100
vt 0.982618 -0.055597
vt 0.982618 -0.093575
vt 0.956443 -0.093575
vt 0.076667 -0.403062
vt 0.018186 -0.399094
vt 0.017749 -0.347108
vt 0.956443 -0.093575
vt 0.956443 -0.055597
vt 0.982618 -0.055597
vt 0.213891 -0.347108
vt 0.307907 -0.347108
vt 0.250337 -0.403016
vt 0.944661 -0.131552
vt 0.944661 -0.093575
vt 0.956443 -0.093575
vt 0.250337 -0.403016
vt 0.213338 -0.402344
vt 0.213891 -0.347108
vt 0.956443 -0.093575
vt 0.956443 -0.131552
vt 0.944661 -0.131552
vt 0.250337 -0.403016
vt 0.307907 -0.399094
vt 0.307907 -0.596238
vt 0.982618 -0.131552
vt 0.982618 -0.093575
vt 0.997779 -0.093585
vt 0.307907 -0.596238
vt 0.248125 -0.497241
vt 0.250337 -0.403016
vt 0.997779 -0.093585
vt 1.001007 -0.131539
vt 0.982618 -0.131552
vt 0.079024 -0.497209
vt 0.018186 -0.596238
vt 0.018186 -0.399094
vt 0.982618 -0.093575
vt 0.982618 -0.131552
vt 0.956443 -0.131552
vt 0.018186 -0.399094
vt 0.076667 -0.403062
vt 0.079024 -0.497209
vt 0.956443 -0.131552
vt 0.956443 -0.093575
vt 0.982618 -0.093575
vt 0.116760 -0.498416
vt 0.116227 -0.596238
vt 0.018186 -0.596238
vt 0.944661 -0.283462
vt 0.944661 -0.131552
vt 0.956443 -0.131552
vt 0.018186 -0.596238
vt 0.079024 -0.497209
vt 0.116760 -0.498416
vt 0.956443 -0.131552
vt 0.956443 -0.283462
vt 0.944661 -0.283462
vt 0.213338 -0.496910
vt 0.212041 -0.596238
vt 0.116227 -0.596238
vt 0.982210 -0.270371
vt 0.982618 -0.131552
vt 0.999169 -0.131534
vt 0.116227 -0.596238
vt 0.116760 -0.498416
vt 0.213338 -0.496910
vt 0.999169 -0.131534
vt 0.996367 -0.270374
vt 0.982210 -0.270371
vt 0.248125 -0.497241
vt 0.307907 -0.596238
vt 0.212041 -0.596238
vt 0.982618 -0.131552
vt 0.982618 -0.283462
vt 0.956443 -0.283462
vt 0.212041 -0.596238
vt 0.213338 -0.496910
vt 0.248125 -0.497241
vt 0.956443 -0.283462
vt 0.956443 -0.131552
vt 0.982618 -0.131552
vt 0.307907 -0.347108
vt 0.307907 -0.399094
vt 0.250337 -0.403016
vt 0.944661 -0.321440
vt 0.944661 -0.283462
vt 0.956443 -0.283462
vt 0.116761 -0.402344
vt 0.076667 -0.403062
vt 0.017749 -0.347108
vt 0.956443 -0.283462
vt 0.956443 -0.321440
vt 0.944661 -0.321440
vt 0.017749 -0.347108
vt 0.116947 -0.347108
vt 0.116761 -0.402344
vt 0.982618 -0.321440
vt 0.982618 -0.283462
vt 0.996282 -0.283454
vt 0.082775 -0.408742
vt 0.076667 -0.403062
vt 0.116761 -0.402344
vt 0.996282 -0.283454
vt 0.996177 -0.321432
vt 0.982618 -0.321440
vt 0.116761 -0.402344
vt 0.116801 -0.408100
vt 0.082775 -0.408742
vt 0.982618 -0.321440
vt 0.956443 -0.321440
vt 0.956443 -0.283462
vt 0.084895 -0.490996
vt 0.079024 -0.497209
vt 0.076667 -0.403062
vt 0.956443 -0.283462
vt 0.982618 -0.283462
vt 0.982618 -0.321440
vt 0.076667 -0.403062
vt 0.082775 -0.408742
vt 0.084895 -0.490996
vt 0.875246 -0.320129
vt 0.875246 -0.009346
vt 0.927273 -0.009346
vt 0.116785 -0.492060
vt 0.116760 -0.498416
vt 0.079024 -0.497209
vt 0.927273 -0.009346
vt 0.927273 -0.320129
vt 0.875246 -0.320129
vt 0.079024 -0.497209
vt 0.084895 -0.490996
vt 0.116785 -0.492060
vt 0.875246 -0.320129
vt 0.875246 -0.009346
vt 0.927273 -0.009346
vt 0.213312 -0.490555
vt 0.213338 -0.496910
vt 0.116760 -0.498416
vt 0.927273 -0.009346
vt 0.927273 -0.320129
vt 0.875246 -0.320129
vt 0.116760 -0.498416
vt 0.116785 -0.492060
vt 0.213312 -0.490555
vt 0.927273 -0.320129
vt 0.875246 -0.320129
vt 0.875246 -0.009346
vt 0.240987 -0.490826
vt 0.248125 -0.497241
vt 0.213338 -0.496910
vt 0.875246 -0.009346
vt 0.927273 -0.009346
vt 0.927273 -0.320129
vt 0.213338 -0.496910
vt 0.213312 -0.490555
vt 0.240987 -0.490826
vt 0.927273 -0.009346
vt 0.927273 -0.320129
vt 0.875246 -0.320129
vt 0.242976 -0.408731
vt 0.250337 -0.403016
vt 0.248125 -0.497241
vt 0.875246 -0.320129
vt 0.875246 -0.009346
vt 0.927273 -0.009346
vt 0.248125 -0.497241
vt 0.240987 -0.490826
vt 0.242976 -0.408731
vt 0.875246 -0.320129
vt 0.875246 -0.009346
vt 0.927273 -0.009346
vt 0.213302 -0.408100
vt 0.213338 -0.402344
vt 0.250337 -0.403016
vt 0.927273 -0.009346
vt 0.927273 -0.320129
vt 0.875246 -0.320129
vt 0.250337 -0.403016
vt 0.242976 -0.408731
vt 0.213302 -0.408100
vt 0.854091 -0.052122
vt 0.854091 -0.032391
vt 0.873064 -0.032391
vt 0.116801 -0.408100
vt 0.116761 -0.402344
vt 0.213338 -0.402344
vt 0.873064 -0.032391
vt 0.873064 -0.052126
vt 0.854091 -0.052122
vt 0.213338 -0.402344
vt 0.213302 -0.408100
vt 0.116801 -0.408100
vt 0.875246 -0.320129
vt 0.875246 -0.009346
vt 0.927273 -0.009346
vt 0.443165 -0.244995
vt 0.370089 -0.244995
vt 0.370089 -0.090625
vt 0.927273 -0.009346
vt 0.927273 -0.320129
vt 0.875246 -0.320129
vt 0.370089 -0.090625
vt 0.443165 -0.090625
vt 0.443165 -0.244995
vt 0.854091 -0.052126
vt 0.854091 -0.032391
vt 0.873064 -0.032391
vt 0.608471 -0.246374
vt 0.552461 -0.094230
vt 0.597276 -0.094293
vt 0.873064 -0.032391
vt 0.873064 -0.052122
vt 0.854091 -0.052126
vt 0.597276 -0.094293
vt 0.663546 -0.246374
vt 0.608471 -0.246374
vt 0.875246 -0.009346
vt 0.927273 -0.009346
vt 0.927273 -0.320129
vt 0.209201 -0.090650
vt 0.250478 -0.094762
vt 0.202044 -0.246374
vt 0.927273 -0.320129
vt 0.875246 -0.320129
vt 0.875246 -0.009346
vt 0.202044 -0.246374
vt 0.133328 -0.246374
vt 0.209201 -0.090650
vt 0.927273 -0.009346
vt 0.927273 -0.320129
vt 0.875246 -0.320129
vt 0.613874 -0.071138
vt 0.739944 -0.191655
vt 0.739944 -0.223331
vt 0.875246 -0.320129
vt 0.875246 -0.009346
vt 0.927273 -0.009346
vt 0.072060 -0.221137
vt 0.067627 -0.175974
vt 0.199383 -0.070385
vt 0.875246 -0.320129
vt 0.875246 -0.009346
vt 0.927273 -0.009346
vt 0.209201 -0.090650
vt 0.077400 -0.246374
vt 0.072060 -0.239605
vt 0.927273 -0.009346
vt 0.927273 -0.320129
vt 0.875246 -0.320129
vt 0.072060 -0.239605
vt 0.198687 -0.089106
vt 0.209201 -0.090650
vt 0.875246 -0.320129
vt 0.875246 -0.009346
vt 0.927273 -0.009346
vt 0.739944 -0.239865
vt 0.734326 -0.246374
vt 0.607578 -0.094763
vt 0.927273 -0.009346
vt 0.927273 -0.320129
vt 0.875246 -0.320129
vt 0.607578 -0.094763
vt 0.613874 -0.089885
vt 0.739944 -0.239865
vt 0.927273 -0.320129
vt 0.875246 -0.320129
vt 0.875246 -0.009346
vt 0.612391 -0.031965
vt 0.614848 -0.012934
vt 0.740269 -0.013861
vt 0.875246 -0.009346
vt 0.927273 -0.009346
vt 0.927273 -0.320129
vt 0.740269 -0.013861
vt 0.740074 -0.054935
vt 0.612391 -0.031965
vt 0.927273 -0.009346
vt 0.927273 -0.320129
vt 0.875246 -0.320129
vt 0.443165 -0.090625
vt 0.370089 -0.090625
vt 0.401576 -0.010074
vt 0.875246 -0.320129
vt 0.875246 -0.009346
vt 0.927273 -0.009346
vt 0.366918 -0.314450
vt 0.370089 -0.244995
vt 0.443165 -0.244995
vt 0.590165 -0.094763
vt 0.548836 -0.010191
vt 0.567675 -0.094763
vt 0.443165 -0.244995
vt 0.444144 -0.314450
vt 0.366918 -0.314450
vt 0.633187 -0.316689
vt 0.552340 -0.316689
vt 0.554980 -0.326734
vt 0.548277 -0.010531
vt 0.552461 -0.094230
vt 0.539593 -0.092694
vt 0.554980 -0.326734
vt 0.636708 -0.326734
vt 0.633187 -0.316689
vt 0.633187 -0.316689
vt 0.608471 -0.246374
vt 0.663546 -0.246374
vt 0.713949 -0.326734
vt 0.776318 -0.326734
vt 0.771036 -0.316689
vt 0.663546 -0.246374
vt 0.709548 -0.316689
vt 0.633187 -0.316689
vt 0.771036 -0.316689
vt 0.709548 -0.316689
vt 0.713949 -0.326734
vt 0.110358 -0.314623
vt 0.133328 -0.246374
vt 0.202044 -0.246374
vt 0.709548 -0.316689
vt 0.771036 -0.316689
vt 0.718621 -0.246374
vt 0.202044 -0.246374
vt 0.182662 -0.314623
vt 0.110358 -0.314623
vt 0.718621 -0.246374
vt 0.663546 -0.246374
vt 0.709548 -0.316689
vt 0.795100 -0.291365
vt 0.739944 -0.223331
vt 0.739944 -0.191655
vt 0.608471 -0.246374
vt 0.553396 -0.246374
vt 0.552340 -0.316689
vt 0.739944 -0.191655
vt 0.795100 -0.243486
vt 0.795100 -0.291365
vt 0.552340 -0.316689
vt 0.633187 -0.316689
vt 0.608471 -0.246374
vt 0.548277 -0.010531
vt 0.613874 -0.071138
vt 0.613874 -0.089885
vt 0.718621 -0.246374
vt 0.590165 -0.094763
vt 0.663546 -0.246374
vt 0.265255 -0.013577
vt 0.198687 -0.039534
vt 0.198687 -0.017300
vt 0.553396 -0.246374
vt 0.608471 -0.246374
vt 0.567675 -0.094763
vt 0.015207 -0.093008
vt 0.067627 -0.077927
vt 0.067627 -0.175974
vt 0.567675 -0.094763
vt 0.546138 -0.093728
vt 0.553396 -0.246374
vt 0.067627 -0.175974
vt 0.015207 -0.218052
vt 0.015207 -0.093008
vt 0.795100 -0.160188
vt 0.802979 -0.164875
vt 0.803985 -0.070677
vt 0.077400 -0.246374
vt 0.022970 -0.314623
vt 0.015761 -0.305449
vt 0.803985 -0.070677
vt 0.795996 -0.068709
vt 0.795100 -0.160188
vt 0.015761 -0.305449
vt 0.072060 -0.239605
vt 0.077400 -0.246374
vt 0.795100 -0.307547
vt 0.804202 -0.319239
vt 0.804007 -0.303444
vt 0.198687 -0.089106
vt 0.265255 -0.013577
vt 0.209201 -0.090650
vt 0.804007 -0.303444
vt 0.795100 -0.291365
vt 0.795100 -0.307547
vt 0.734326 -0.246374
vt 0.739944 -0.239865
vt 0.795100 -0.307547
vt 0.795100 -0.243486
vt 0.802979 -0.250891
vt 0.802979 -0.164875
vt 0.795100 -0.307547
vt 0.789778 -0.316689
vt 0.734326 -0.246374
vt 0.802979 -0.164875
vt 0.795100 -0.160188
vt 0.795100 -0.243486
vt 0.607578 -0.094763
vt 0.548277 -0.010531
vt 0.613874 -0.089885
vt 0.289692 -0.314450
vt 0.288646 -0.324373
vt 0.366465 -0.324373
vt 0.795996 -0.068709
vt 0.740074 -0.054935
vt 0.740269 -0.013861
vt 0.366465 -0.324373
vt 0.366918 -0.314450
vt 0.289692 -0.314450
vt 0.740269 -0.013861
vt 0.797340 -0.014268
vt 0.795996 -0.068709
vt 0.444284 -0.324373
vt 0.522103 -0.324373
vt 0.521370 -0.314450
vt 0.297013 -0.244995
vt 0.252148 -0.246374
vt 0.275364 -0.097574
vt 0.521370 -0.314450
vt 0.444144 -0.314450
vt 0.444284 -0.324373
vt 0.275364 -0.097574
vt 0.297013 -0.090625
vt 0.297013 -0.244995
vt 0.007573 -0.016567
vt 0.007573 -0.095163
vt 0.015207 -0.093008
vt 0.539593 -0.092694
vt 0.539593 -0.245684
vt 0.516241 -0.244995
vt 0.015207 -0.093008
vt 0.015761 -0.016706
vt 0.007573 -0.016567
vt 0.516241 -0.244995
vt 0.516242 -0.090625
vt 0.539593 -0.092694
vt 0.007573 -0.224063
vt 0.007573 -0.301889
vt 0.015761 -0.291795
vt 0.297013 -0.090625
vt 0.275364 -0.097574
vt 0.265255 -0.013577
vt 0.015761 -0.291795
vt 0.015207 -0.218052
vt 0.007573 -0.224063
vt 0.548277 -0.010531
vt 0.539593 -0.092694
vt 0.516242 -0.090625
vt 0.007573 -0.301889
vt 0.007218 -0.316071
vt 0.015761 -0.305449
vt 0.521370 -0.314450
vt 0.516241 -0.244995
vt 0.539593 -0.245684
vt 0.015761 -0.305449
vt 0.015761 -0.291795
vt 0.007573 -0.301889
vt 0.539593 -0.245684
vt 0.539593 -0.316602
vt 0.521370 -0.314450
vt 0.031847 -0.314623
vt 0.024031 -0.324372
vt 0.104100 -0.324372
vt 0.252148 -0.246374
vt 0.297013 -0.244995
vt 0.289692 -0.314450
vt 0.104100 -0.324372
vt 0.110358 -0.314623
vt 0.031847 -0.314623
vt 0.289692 -0.314450
vt 0.251457 -0.314623
vt 0.252148 -0.246374
vt 0.022970 -0.314623
vt 0.013672 -0.325589
vt 0.024031 -0.324372
vt 0.539593 -0.245684
vt 0.539593 -0.092694
vt 0.552461 -0.094230
vt 0.024031 -0.324372
vt 0.031847 -0.314623
vt 0.022970 -0.314623
vt 0.552461 -0.094230
vt 0.553396 -0.246374
vt 0.539593 -0.245684
vt 0.182662 -0.314623
vt 0.181557 -0.324372
vt 0.251358 -0.324373
vt 0.607578 -0.094763
vt 0.734326 -0.246374
vt 0.718621 -0.246374
vt 0.251358 -0.324373
vt 0.251457 -0.314623
vt 0.182662 -0.314623
vt 0.718621 -0.246374
vt 0.597276 -0.094293
vt 0.607578 -0.094763
vt 0.251358 -0.324373
vt 0.272133 -0.324373
vt 0.272133 -0.314536
vt 0.771036 -0.316689
vt 0.718621 -0.246374
vt 0.734326 -0.246374
vt 0.272133 -0.314536
vt 0.251457 -0.314623
vt 0.251358 -0.324373
vt 0.734326 -0.246374
vt 0.789778 -0.316689
vt 0.771036 -0.316689
vt 0.539593 -0.326734
vt 0.554980 -0.326734
vt 0.552340 -0.316689
vt 0.539593 -0.245684
vt 0.553396 -0.246374
vt 0.552340 -0.316689
vt 0.552340 -0.316689
vt 0.539593 -0.316602
vt 0.539593 -0.326734
vt 0.552340 -0.316689
vt 0.539593 -0.316602
vt 0.539593 -0.245684
vt 0.776318 -0.326734
vt 0.797699 -0.326734
vt 0.789778 -0.316689
vt 0.250478 -0.094762
vt 0.275364 -0.097574
vt 0.252148 -0.246374
vt 0.789778 -0.316689
vt 0.771036 -0.316689
vt 0.776318 -0.326734
vt 0.252148 -0.246374
vt 0.202044 -0.246374
vt 0.250478 -0.094762
vt 0.272133 -0.314536
vt 0.272133 -0.324373
vt 0.288646 -0.324373
vt 0.085534 -0.246374
vt 0.077400 -0.246374
vt 0.209201 -0.090650
vt 0.288646 -0.324373
vt 0.289692 -0.314450
vt 0.272133 -0.314536
vt 0.133328 -0.246374
vt 0.085534 -0.246374
vt 0.209201 -0.090650
vt 0.522103 -0.324373
vt 0.539593 -0.326734
vt 0.539593 -0.316602
vt 0.251457 -0.314623
vt 0.182662 -0.314623
vt 0.202044 -0.246374
vt 0.539593 -0.316602
vt 0.521370 -0.314450
vt 0.522103 -0.324373
vt 0.202044 -0.246374
vt 0.252148 -0.246374
vt 0.251457 -0.314623
vt 0.795996 -0.068709
vt 0.803985 -0.070677
vt 0.804433 -0.014344
vt 0.077400 -0.246374
vt 0.085534 -0.246374
vt 0.031847 -0.314623
vt 0.804433 -0.014344
vt 0.797340 -0.014268
vt 0.795996 -0.068709
vt 0.031847 -0.314623
vt 0.022970 -0.314623
vt 0.077400 -0.246374
vt 0.789778 -0.316689
vt 0.797699 -0.326734
vt 0.804202 -0.319239
vt 0.085534 -0.246374
vt 0.133328 -0.246374
vt 0.110358 -0.314623
vt 0.804202 -0.319239
vt 0.795100 -0.307547
vt 0.789778 -0.316689
vt 0.110358 -0.314623
vt 0.031847 -0.314623
vt 0.085534 -0.246374
vt 0.007218 -0.316071
vt 0.013672 -0.325589
vt 0.022970 -0.314623
vt 0.265255 -0.013577
vt 0.275364 -0.097574
vt 0.250478 -0.094762
vt 0.022970 -0.314623
vt 0.015761 -0.305449
vt 0.007218 -0.316071
vt 0.265255 -0.013577
vt 0.250478 -0.094762
vt 0.209201 -0.090650
vt 0.007573 -0.095163
vt 0.007573 -0.224063
vt 0.015207 -0.218052
vt 0.072060 -0.017682
vt 0.198687 -0.017300
vt 0.198687 -0.039534
vt 0.015207 -0.218052
vt 0.015207 -0.093008
vt 0.007573 -0.095163
vt 0.198687 -0.039534
vt 0.067627 -0.077927
vt 0.072060 -0.017682
vt 0.795100 -0.291365
vt 0.804007 -0.303444
vt 0.802979 -0.250891
vt 0.067627 -0.175974
vt 0.067627 -0.077927
vt 0.198687 -0.039534
vt 0.802979 -0.250891
vt 0.795100 -0.243486
vt 0.795100 -0.291365
vt 0.198687 -0.039534
vt 0.199383 -0.070385
vt 0.067627 -0.175974
vt 0.110358 -0.314623
vt 0.104100 -0.324372
vt 0.181557 -0.324372
vt 0.198687 -0.089106
vt 0.072060 -0.239605
vt 0.072060 -0.221137
vt 0.181557 -0.324372
vt 0.182662 -0.314623
vt 0.110358 -0.314623
vt 0.072060 -0.221137
vt 0.199383 -0.070385
vt 0.198687 -0.089106
vt 0.636708 -0.326734
vt 0.713949 -0.326734
vt 0.709548 -0.316689
vt 0.015761 -0.291795
vt 0.072060 -0.221137
vt 0.072060 -0.239605
vt 0.709548 -0.316689
vt 0.633187 -0.316689
vt 0.636708 -0.326734
vt 0.072060 -0.239605
vt 0.015761 -0.305449
vt 0.015761 -0.291795
vt 0.366465 -0.324373
vt 0.444284 -0.324373
vt 0.444144 -0.314450
vt 0.015207 -0.218052
vt 0.067627 -0.175974
vt 0.072060 -0.221137
vt 0.444144 -0.314450
vt 0.366918 -0.314450
vt 0.366465 -0.324373
vt 0.072060 -0.221137
vt 0.015761 -0.291795
vt 0.015207 -0.218052
vt 0.612419 -0.032383
vt 0.548836 -0.010191
vt 0.613874 -0.071138
vt 0.072060 -0.017682
vt 0.067627 -0.077927
vt 0.015207 -0.093008
vt 0.614848 -0.012934
vt 0.548836 -0.010191
vt 0.612419 -0.032383
vt 0.015207 -0.093008
vt 0.015761 -0.016706
vt 0.072060 -0.017682
vt 0.795996 -0.068709
vt 0.740074 -0.054935
vt 0.739944 -0.127380
vt 0.265255 -0.013577
vt 0.198687 -0.089106
vt 0.199383 -0.070385
vt 0.739944 -0.127380
vt 0.795100 -0.160188
vt 0.795996 -0.068709
vt 0.265255 -0.013577
vt 0.199383 -0.070385
vt 0.198687 -0.039534
vt 0.795100 -0.291365
vt 0.739944 -0.223331
vt 0.739944 -0.239865
vt 0.548277 -0.010531
vt 0.607578 -0.094763
vt 0.597276 -0.094293
vt 0.739944 -0.239865
vt 0.795100 -0.307547
vt 0.795100 -0.291365
vt 0.370089 -0.244995
vt 0.297013 -0.244995
vt 0.297013 -0.090625
vt 0.739944 -0.191655
vt 0.795100 -0.243486
vt 0.795100 -0.160188
vt 0.297013 -0.090625
vt 0.370089 -0.090625
vt 0.370089 -0.244995
vt 0.795100 -0.160188
vt 0.739944 -0.127380
vt 0.739944 -0.191655
vt 0.443165 -0.090625
vt 0.516242 -0.090625
vt 0.516241 -0.244995
vt 0.612419 -0.032383
vt 0.739944 -0.127380
vt 0.740074 -0.054935
vt 0.516241 -0.244995
vt 0.443165 -0.244995
vt 0.443165 -0.090625
vt 0.739944 -0.223331
vt 0.613874 -0.071138
vt 0.613874 -0.089885
vt 0.370089 -0.090625
vt 0.297013 -0.090625
vt 0.265255 -0.013577
vt 0.613874 -0.089885
vt 0.739944 -0.239865
vt 0.739944 -0.223331
vt 0.265255 -0.013577
vt 0.401576 -0.010074
vt 0.370089 -0.090625
vt 0.613874 -0.071138
vt 0.739944 -0.191655
vt 0.739944 -0.127380
vt 0.548277 -0.010531
vt 0.516242 -0.090625
vt 0.443165 -0.090625
vt 0.739944 -0.127380
vt 0.612419 -0.032383
vt 0.613874 -0.071138
vt 0.443165 -0.090625
vt 0.401576 -0.010074
vt 0.548277 -0.010531
vt 0.366918 -0.314450
vt 0.370089 -0.244995
vt 0.297013 -0.244995
vt 0.444144 -0.314450
vt 0.443165 -0.244995
vt 0.516241 -0.244995
vt 0.297013 -0.244995
vt 0.289692 -0.314450
vt 0.366918 -0.314450
vt 0.516241 -0.244995
vt 0.521370 -0.314450
vt 0.444144 -0.314450
vt 0.516241 -0.244995
vt 0.443165 -0.244995
vt 0.444144 -0.314450
vt 0.297013 -0.244995
vt 0.370089 -0.244995
vt 0.366918 -0.314450
vt 0.444144 -0.314450
vt 0.521370 -0.314450
vt 0.516241 -0.244995
vt 0.366918 -0.314450
vt 0.289692 -0.314450
vt 0.297013 -0.244995
vt 0.443165 -0.090625
vt 0.516242 -0.090625
vt 0.548836 -0.010191
vt 0.613874 -0.071138
vt 0.612391 -0.031965
vt 0.739944 -0.127380
vt 0.548836 -0.010191
vt 0.401455 -0.009988
vt 0.443165 -0.090625
vt 0.739944 -0.127380
vt 0.739944 -0.191655
vt 0.613874 -0.071138
vt 0.370089 -0.090625
vt 0.401455 -0.009988
vt 0.264849 -0.011401
vt 0.739944 -0.223331
vt 0.739944 -0.239865
vt 0.613874 -0.089885
vt 0.264849 -0.011401
vt 0.297013 -0.090625
vt 0.370089 -0.090625
vt 0.613874 -0.089885
vt 0.613874 -0.071138
vt 0.739944 -0.223331
vt 0.443165 -0.090625
vt 0.443165 -0.244995
vt 0.516241 -0.244995
vt 0.740074 -0.054935
vt 0.739944 -0.127380
vt 0.612391 -0.031965
vt 0.516241 -0.244995
vt 0.516242 -0.090625
vt 0.443165 -0.090625
vt 0.795100 -0.160188
vt 0.795100 -0.243486
vt 0.739944 -0.191655
vt 0.370089 -0.244995
vt 0.370089 -0.090625
vt 0.297013 -0.090625
vt 0.739944 -0.191655
vt 0.739944 -0.127380
vt 0.795100 -0.160188
vt 0.297013 -0.090625
vt 0.297013 -0.244995
vt 0.370089 -0.244995
vt 0.739944 -0.239865
vt 0.739944 -0.223331
vt 0.795100 -0.291365
vt 0.567675 -0.094763
vt 0.548836 -0.010191
vt 0.546138 -0.093728
vt 0.795100 -0.291365
vt 0.795100 -0.307547
vt 0.739944 -0.239865
vt 0.607578 -0.094763
vt 0.548836 -0.010191
vt 0.590165 -0.094763
vt 0.739944 -0.127380
vt 0.740074 -0.054935
vt 0.795996 -0.068709
vt 0.198687 -0.089106
vt 0.264849 -0.011401
vt 0.198597 -0.064446
vt 0.795996 -0.068709
vt 0.795100 -0.160188
vt 0.739944 -0.127380
vt 0.015207 -0.093008
vt 0.067627 -0.077927
vt 0.072060 -0.017682
vt 0.548277 -0.010531
vt 0.614848 -0.012934
vt 0.612391 -0.031965
vt 0.072060 -0.017682
vt 0.015761 -0.016706
vt 0.015207 -0.093008
vt 0.548277 -0.010531
vt 0.612391 -0.031965
vt 0.613874 -0.071138
vt 0.072060 -0.221137
vt 0.067627 -0.175974
vt 0.015207 -0.218052
vt 0.444144 -0.314450
vt 0.444284 -0.324373
vt 0.366465 -0.324373
vt 0.015207 -0.218052
vt 0.015761 -0.291795
vt 0.072060 -0.221137
vt 0.366465 -0.324373
vt 0.366918 -0.314450
vt 0.444144 -0.314450
vt 0.072060 -0.239605
vt 0.072060 -0.221137
vt 0.015761 -0.291795
vt 0.709548 -0.316689
vt 0.713949 -0.326734
vt 0.636708 -0.326734
vt 0.015761 -0.291795
vt 0.015761 -0.305449
vt 0.072060 -0.239605
vt 0.636708 -0.326734
vt 0.633187 -0.316689
vt 0.709548 -0.316689
vt 0.072060 -0.221137
vt 0.072060 -0.239605
vt 0.198687 -0.089106
vt 0.181557 -0.324372
vt 0.104100 -0.324372
vt 0.110358 -0.314623
vt 0.198687 -0.089106
vt 0.198597 -0.064446
vt 0.072060 -0.221137
vt 0.110358 -0.314623
vt 0.182662 -0.314623
vt 0.181557 -0.324372
vt 0.198597 -0.064446
vt 0.067627 -0.077927
vt 0.067627 -0.175974
vt 0.802979 -0.250891
vt 0.802979 -0.301084
vt 0.795100 -0.291365
vt 0.072060 -0.017682
vt 0.067627 -0.077927
vt 0.198597 -0.064446
vt 0.795100 -0.291365
vt 0.795100 -0.243486
vt 0.802979 -0.250891
vt 0.198597 -0.064446
vt 0.198687 -0.017300
vt 0.072060 -0.017682
vt 0.015207 -0.218052
vt 0.007573 -0.224063
vt 0.007573 -0.095163
vt 0.275370 -0.093127
vt 0.264849 -0.011401
vt 0.216378 -0.094762
vt 0.007573 -0.095163
vt 0.015207 -0.093008
vt 0.015207 -0.218052
vt 0.110358 -0.314623
vt 0.133328 -0.246374
vt 0.085534 -0.246374
vt 0.022970 -0.314623
vt 0.013672 -0.325589
vt 0.007218 -0.316071
vt 0.085534 -0.246374
vt 0.031847 -0.314623
vt 0.110358 -0.314623
vt 0.007218 -0.316071
vt 0.015761 -0.305449
vt 0.022970 -0.314623
vt 0.031847 -0.314623
vt 0.085534 -0.246374
vt 0.077400 -0.246374
vt 0.802979 -0.317216
vt 0.797699 -0.326734
vt 0.789778 -0.316689
vt 0.077400 -0.246374
vt 0.022970 -0.314623
vt 0.031847 -0.314623
vt 0.789778 -0.316689
vt 0.795100 -0.307547
vt 0.802979 -0.317216
vt 0.202044 -0.246374
vt 0.182662 -0.314623
vt 0.251457 -0.314623
vt 0.804433 -0.014344
vt 0.803985 -0.070677
vt 0.795996 -0.068709
vt 0.251457 -0.314623
vt 0.252148 -0.246374
vt 0.202044 -0.246374
vt 0.795996 -0.068709
vt 0.797340 -0.014268
vt 0.804433 -0.014344
vt 0.252148 -0.246374
vt 0.251457 -0.314623
vt 0.272133 -0.314536
vt 0.539593 -0.316602
vt 0.539593 -0.326734
vt 0.522103 -0.324373
vt 0.272133 -0.314536
vt 0.272133 -0.245684
vt 0.252148 -0.246374
vt 0.522103 -0.324373
vt 0.521370 -0.314450
vt 0.539593 -0.316602
vt 0.216378 -0.094762
vt 0.085534 -0.246374
vt 0.133328 -0.246374
vt 0.289692 -0.314450
vt 0.288646 -0.324373
vt 0.251358 -0.324373
vt 0.085534 -0.246374
vt 0.216378 -0.094762
vt 0.204148 -0.094762
vt 0.251358 -0.324373
vt 0.251457 -0.314623
vt 0.289692 -0.314450
vt 0.204148 -0.094762
vt 0.077400 -0.246374
vt 0.085534 -0.246374
vt 0.789778 -0.316689
vt 0.797699 -0.326734
vt 0.776318 -0.326734
vt 0.202044 -0.246374
vt 0.252148 -0.246374
vt 0.275370 -0.093127
vt 0.776318 -0.326734
vt 0.771036 -0.316689
vt 0.789778 -0.316689
vt 0.252148 -0.246374
vt 0.272133 -0.245684
vt 0.275370 -0.093127
vt 0.552340 -0.316689
vt 0.554980 -0.326734
vt 0.539593 -0.326734
vt 0.552340 -0.316689
vt 0.553396 -0.246374
vt 0.539593 -0.245684
vt 0.539593 -0.326734
vt 0.539593 -0.316602
vt 0.552340 -0.316689
vt 0.539593 -0.245684
vt 0.539593 -0.316602
vt 0.552340 -0.316689
vt 0.251358 -0.324373
vt 0.181557 -0.324372
vt 0.182662 -0.314623
vt 0.734326 -0.246374
vt 0.718621 -0.246374
vt 0.771036 -0.316689
vt 0.182662 -0.314623
vt 0.251457 -0.314623
vt 0.251358 -0.324373
vt 0.771036 -0.316689
vt 0.789778 -0.316689
vt 0.734326 -0.246374
vt 0.024031 -0.324372
vt 0.013672 -0.325589
vt 0.022970 -0.314623
vt 0.718621 -0.246374
vt 0.734326 -0.246374
vt 0.607578 -0.094763
vt 0.022970 -0.314623
vt 0.031847 -0.314623
vt 0.024031 -0.324372
vt 0.607578 -0.094763
vt 0.590165 -0.094763
vt 0.718621 -0.246374
vt 0.104100 -0.324372
vt 0.024031 -0.324372
vt 0.031847 -0.314623
vt 0.546138 -0.093728
vt 0.539593 -0.245684
vt 0.553396 -0.246374
vt 0.031847 -0.314623
vt 0.110358 -0.314623
vt 0.104100 -0.324372
vt 0.272133 -0.314536
vt 0.289692 -0.314450
vt 0.297013 -0.244995
vt 0.015761 -0.305449
vt 0.007218 -0.316071
vt 0.007573 -0.301889
vt 0.297013 -0.244995
vt 0.272133 -0.245684
vt 0.272133 -0.314536
vt 0.007573 -0.301889
vt 0.015761 -0.291795
vt 0.015761 -0.305449
vt 0.539593 -0.245684
vt 0.516241 -0.244995
vt 0.521370 -0.314450
vt 0.015761 -0.291795
vt 0.007573 -0.301889
vt 0.007573 -0.224063
vt 0.521370 -0.314450
vt 0.539593 -0.316602
vt 0.539593 -0.245684
vt 0.007573 -0.224063
vt 0.015207 -0.218052
vt 0.015761 -0.291795
vt 0.546138 -0.093728
vt 0.548836 -0.010191
vt 0.516242 -0.090625
vt 0.015207 -0.093008
vt 0.007573 -0.095163
vt 0.007573 -0.016567
vt 0.264849 -0.011401
vt 0.275370 -0.093127
vt 0.297013 -0.090625
vt 0.007573 -0.016567
vt 0.015761 -0.016706
vt 0.015207 -0.093008
vt 0.516241 -0.244995
vt 0.539593 -0.245684
vt 0.546138 -0.093728
vt 0.521370 -0.314450
vt 0.522103 -0.324373
vt 0.444284 -0.324373
vt 0.546138 -0.093728
vt 0.516242 -0.090625
vt 0.516241 -0.244995
vt 0.444284 -0.324373
vt 0.444144 -0.314450
vt 0.521370 -0.314450
vt 0.272133 -0.245684
vt 0.297013 -0.244995
vt 0.297013 -0.090625
vt 0.366465 -0.324373
vt 0.288646 -0.324373
vt 0.289692 -0.314450
vt 0.297013 -0.090625
vt 0.275370 -0.093127
vt 0.272133 -0.245684
vt 0.289692 -0.314450
vt 0.366918 -0.314450
vt 0.366465 -0.324373
vt 0.740269 -0.013861
vt 0.740074 -0.054935
vt 0.795996 -0.068709
vt 0.802979 -0.164875
vt 0.802979 -0.250891
vt 0.795100 -0.243486
vt 0.795996 -0.068709
vt 0.797340 -0.014268
vt 0.740269 -0.013861
vt 0.795100 -0.243486
vt 0.795100 -0.160188
vt 0.802979 -0.164875
vt 0.548836 -0.010191
vt 0.607578 -0.094763
vt 0.613874 -0.089885
vt 0.802979 -0.301084
vt 0.802979 -0.317216
vt 0.795100 -0.307547
vt 0.795100 -0.307547
vt 0.739944 -0.239865
vt 0.734326 -0.246374
vt 0.795100 -0.307547
vt 0.795100 -0.291365
vt 0.802979 -0.301084
vt 0.734326 -0.246374
vt 0.789778 -0.316689
vt 0.795100 -0.307547
vt 0.803985 -0.070677
vt 0.802979 -0.164875
vt 0.795100 -0.160188
vt 0.264849 -0.011401
vt 0.198687 -0.089106
vt 0.204148 -0.094762
vt 0.795100 -0.160188
vt 0.795996 -0.068709
vt 0.803985 -0.070677
vt 0.015761 -0.305449
vt 0.022970 -0.314623
vt 0.077400 -0.246374
vt 0.608471 -0.246374
vt 0.553396 -0.246374
vt 0.552461 -0.094230
vt 0.077400 -0.246374
vt 0.072060 -0.239605
vt 0.015761 -0.305449
vt 0.597276 -0.094293
vt 0.718621 -0.246374
vt 0.663546 -0.246374
vt 0.067627 -0.175974
vt 0.067627 -0.077927
vt 0.015207 -0.093008
vt 0.552340 -0.316689
vt 0.553396 -0.246374
vt 0.608471 -0.246374
vt 0.015207 -0.093008
vt 0.015207 -0.218052
vt 0.067627 -0.175974
vt 0.608471 -0.246374
vt 0.633187 -0.316689
vt 0.552340 -0.316689
vt 0.198597 -0.064446
vt 0.264849 -0.011401
vt 0.198687 -0.017300
vt 0.718621 -0.246374
vt 0.771036 -0.316689
vt 0.709548 -0.316689
vt 0.613874 -0.071138
vt 0.548836 -0.010191
vt 0.613874 -0.089885
vt 0.709548 -0.316689
vt 0.663546 -0.246374
vt 0.718621 -0.246374
vt 0.739944 -0.191655
vt 0.739944 -0.223331
vt 0.795100 -0.291365
vt 0.771036 -0.316689
vt 0.776318 -0.326734
vt 0.713949 -0.326734
vt 0.795100 -0.291365
vt 0.795100 -0.243486
vt 0.739944 -0.191655
vt 0.713949 -0.326734
vt 0.709548 -0.316689
vt 0.771036 -0.316689
vt 0.216378 -0.094762
vt 0.264849 -0.011401
vt 0.204148 -0.094762
vt 0.554980 -0.326734
vt 0.552340 -0.316689
vt 0.633187 -0.316689
vt 0.202044 -0.246374
vt 0.133328 -0.246374
vt 0.110358 -0.314623
vt 0.633187 -0.316689
vt 0.636708 -0.326734
vt 0.554980 -0.326734
vt 0.110358 -0.314623
vt 0.182662 -0.314623
vt 0.202044 -0.246374
vt 0.548277 -0.010531
vt 0.597276 -0.094293
vt 0.552461 -0.094230
vt 0.663546 -0.246374
vt 0.608471 -0.246374
vt 0.633187 -0.316689
vt 0.542537 -0.491245
vt 0.542676 -0.407487
vt 0.446554 -0.407446
vt 0.633187 -0.316689
vt 0.709548 -0.316689
vt 0.663546 -0.246374
vt 0.446554 -0.407446
vt 0.446860 -0.492699
vt 0.542537 -0.491245
vt 0.443165 -0.244995
vt 0.370089 -0.244995
vt 0.366918 -0.314450
vt 0.681910 -0.935268
vt 0.679081 -0.936406
vt 0.679081 -0.735601
vt 0.366918 -0.314450
vt 0.444144 -0.314450
vt 0.443165 -0.244995
vt 0.679081 -0.735601
vt 0.681912 -0.733893
vt 0.681910 -0.935268
vt 0.401455 -0.009988
vt 0.370089 -0.090625
vt 0.443165 -0.090625
vt 0.666523 -0.950966
vt 0.666523 -0.749590
vt 0.504753 -0.749590
vt 0.612419 -0.032383
vt 0.740074 -0.054935
vt 0.740269 -0.013861
vt 0.504753 -0.749590
vt 0.504753 -0.950966
vt 0.666523 -0.950966
vt 0.740269 -0.013861
vt 0.614848 -0.012934
vt 0.612419 -0.032383
vt 0.376708 -0.927586
vt 0.372846 -0.731974
vt 0.280243 -0.732970
vt 0.607578 -0.094763
vt 0.734326 -0.246374
vt 0.739944 -0.239865
vt 0.280243 -0.732970
vt 0.279176 -0.921967
vt 0.376708 -0.927586
vt 0.739944 -0.239865
vt 0.613874 -0.089885
vt 0.607578 -0.094763
vt 0.408830 -0.678117
vt 0.408830 -0.839887
vt 0.486830 -0.839887
vt 0.204148 -0.094762
vt 0.198687 -0.089106
vt 0.072060 -0.239605
vt 0.486830 -0.839887
vt 0.486830 -0.666995
vt 0.408830 -0.678117
vt 0.072060 -0.239605
vt 0.077400 -0.246374
vt 0.204148 -0.094762
vt 0.679081 -0.698976
vt 0.603013 -0.698976
vt 0.603013 -0.696119
vt 0.198597 -0.064446
vt 0.067627 -0.175974
vt 0.072060 -0.221137
vt 0.603013 -0.696119
vt 0.681917 -0.696130
vt 0.679081 -0.698976
vt 0.739944 -0.223331
vt 0.739944 -0.191655
vt 0.613874 -0.071138
vt 0.386134 -0.664889
vt 0.394618 -0.673186
vt 0.402922 -0.673186
vt 0.216378 -0.094762
vt 0.133328 -0.246374
vt 0.202044 -0.246374
vt 0.402922 -0.673186
vt 0.397795 -0.665235
vt 0.386134 -0.664889
vt 0.202044 -0.246374
vt 0.275370 -0.093127
vt 0.216378 -0.094762
vt 0.120661 -0.332058
vt 0.117129 -0.338533
vt 0.214437 -0.338533
vt 0.608471 -0.246374
vt 0.663546 -0.246374
vt 0.590165 -0.094763
vt 0.214437 -0.338533
vt 0.216792 -0.332058
vt 0.120661 -0.332058
vt 0.590165 -0.094763
vt 0.567675 -0.094763
vt 0.608471 -0.246374
vt 0.401847 -0.732970
vt 0.394618 -0.732970
vt 0.394618 -0.927586
vt 0.443165 -0.244995
vt 0.443165 -0.090625
vt 0.370089 -0.090625
vt 0.394618 -0.927586
vt 0.401310 -0.927585
vt 0.401847 -0.732970
vt 0.370089 -0.090625
vt 0.370089 -0.244995
vt 0.443165 -0.244995
vt 0.446278 -0.332058
vt 0.446278 -0.338533
vt 0.542858 -0.338533
vt 0.213338 -0.402344
vt 0.116761 -0.402344
vt 0.116801 -0.408100
vt 0.542858 -0.338533
vt 0.542858 -0.332058
vt 0.446278 -0.332058
vt 0.116801 -0.408100
vt 0.213302 -0.408100
vt 0.213338 -0.402344
vt 0.877535 -0.332058
vt 0.781673 -0.332058
vt 0.784289 -0.338533
vt 0.250337 -0.403016
vt 0.213338 -0.402344
vt 0.213302 -0.408100
vt 0.784289 -0.338533
vt 0.880805 -0.338533
vt 0.877535 -0.332058
vt 0.213302 -0.408100
vt 0.242976 -0.408731
vt 0.250337 -0.403016
vt 0.274898 -0.664889
vt 0.116975 -0.664889
vt 0.121297 -0.673186
vt 0.248125 -0.497241
vt 0.250337 -0.403016
vt 0.242976 -0.408731
vt 0.121297 -0.673186
vt 0.280608 -0.673186
vt 0.274898 -0.664889
vt 0.242976 -0.408731
vt 0.240987 -0.490826
vt 0.248125 -0.497241
vt 0.672169 -0.711833
vt 0.666523 -0.704541
vt 0.666523 -0.711822
vt 0.213338 -0.496910
vt 0.248125 -0.497241
vt 0.240987 -0.490826
vt 0.666523 -0.711822
vt 0.666523 -0.704541
vt 0.504753 -0.704541
vt 0.240987 -0.490826
vt 0.213312 -0.490555
vt 0.213338 -0.496910
vt 0.504753 -0.704541
vt 0.504753 -0.711822
vt 0.666523 -0.711822
vt 0.116760 -0.498416
vt 0.213338 -0.496910
vt 0.213312 -0.490555
vt 0.408830 -0.839887
vt 0.408819 -0.845533
vt 0.486830 -0.845533
vt 0.213312 -0.490555
vt 0.116785 -0.492060
vt 0.116760 -0.498416
vt 0.486830 -0.845533
vt 0.486830 -0.839887
vt 0.408830 -0.839887
vt 0.079024 -0.497209
vt 0.116760 -0.498416
vt 0.116785 -0.492060
vt 0.672170 -0.749596
vt 0.666523 -0.749590
vt 0.666523 -0.950966
vt 0.116785 -0.492060
vt 0.084895 -0.490996
vt 0.079024 -0.497209
vt 0.666523 -0.950966
vt 0.672171 -0.950971
vt 0.672170 -0.749596
vt 0.076667 -0.403062
vt 0.079024 -0.497209
vt 0.084895 -0.490996
vt 0.639438 -0.596238
vt 0.661145 -0.596108
vt 0.661145 -0.398986
vt 0.084895 -0.490996
vt 0.082775 -0.408742
vt 0.076667 -0.403062
vt 0.661145 -0.398986
vt 0.639438 -0.399094
vt 0.639438 -0.596238
vt 0.116761 -0.402344
vt 0.076667 -0.403062
vt 0.082775 -0.408742
vt 0.349698 -0.399094
vt 0.329204 -0.399094
vt 0.329204 -0.596238
vt 0.082775 -0.408742
vt 0.116801 -0.408100
vt 0.116761 -0.402344
vt 0.329204 -0.596238
vt 0.349698 -0.596238
vt 0.349698 -0.399094
vt 0.017749 -0.347108
vt 0.076667 -0.403062
vt 0.116761 -0.402344
vt 0.639438 -0.332058
vt 0.639438 -0.338533
vt 0.661145 -0.338533
vt 0.116761 -0.402344
vt 0.116947 -0.347108
vt 0.017749 -0.347108
vt 0.661145 -0.338533
vt 0.661145 -0.332058
vt 0.639438 -0.332058
vt 0.307907 -0.399094
vt 0.307907 -0.347108
vt 0.250337 -0.403016
vt 0.349698 -0.338533
vt 0.349698 -0.332058
vt 0.329204 -0.332058
vt 0.212041 -0.596238
vt 0.307907 -0.596238
vt 0.248125 -0.497241
vt 0.329204 -0.332058
vt 0.329204 -0.338533
vt 0.349698 -0.338533
vt 0.248125 -0.497241
vt 0.213338 -0.496910
vt 0.212041 -0.596238
vt 0.682527 -0.677378
vt 0.681906 -0.688838
vt 0.612936 -0.675478
vt 0.116227 -0.596238
vt 0.212041 -0.596238
vt 0.213338 -0.496910
vt 0.981477 -0.332058
vt 0.987363 -0.338533
vt 0.995364 -0.338533
vt 0.213338 -0.496910
vt 0.116760 -0.498416
vt 0.116227 -0.596238
vt 0.995364 -0.338533
vt 0.987792 -0.332452
vt 0.981477 -0.332058
vt 0.018186 -0.596238
vt 0.116227 -0.596238
vt 0.116760 -0.498416
vt 0.971449 -0.661096
vt 0.970127 -0.667870
vt 0.906783 -0.667870
vt 0.116760 -0.498416
vt 0.079024 -0.497209
vt 0.018186 -0.596238
vt 0.906783 -0.667870
vt 0.901998 -0.660223
vt 0.971449 -0.661096
vt 0.018186 -0.399094
vt 0.018186 -0.596238
vt 0.079024 -0.497209
vt 0.987363 -0.644359
vt 0.987363 -0.653304
vt 0.995364 -0.653304
vt 0.079024 -0.497209
vt 0.076667 -0.403062
vt 0.018186 -0.399094
vt 0.995364 -0.653304
vt 0.995364 -0.643417
vt 0.987363 -0.644359
vt 0.307907 -0.596238
vt 0.307907 -0.399094
vt 0.250337 -0.403016
vt 0.681206 -0.660223
vt 0.683039 -0.667409
vt 0.613096 -0.666717
vt 0.250337 -0.403016
vt 0.248125 -0.497241
vt 0.307907 -0.596238
vt 0.613096 -0.666717
vt 0.613412 -0.660223
vt 0.681206 -0.660223
vt 0.250337 -0.403016
vt 0.307907 -0.347108
vt 0.213891 -0.347108
vt 0.690505 -0.705440
vt 0.799379 -0.675635
vt 0.798820 -0.728232
vt 0.213891 -0.347108
vt 0.213338 -0.402344
vt 0.250337 -0.403016
vt 0.798820 -0.728232
vt 0.690505 -0.733887
vt 0.690505 -0.705440
vt 0.018186 -0.399094
vt 0.076667 -0.403062
vt 0.017749 -0.347108
vt 0.905475 -0.923964
vt 0.905911 -0.728232
vt 0.969113 -0.728232
vt 0.240987 -0.490826
vt 0.242976 -0.408731
vt 0.213302 -0.408100
vt 0.969113 -0.728232
vt 0.973354 -0.923964
vt 0.905475 -0.923964
vt 0.213302 -0.408100
vt 0.213312 -0.490555
vt 0.240987 -0.490826
vt 0.942000 -0.596108
vt 0.987363 -0.595979
vt 0.987363 -0.398878
vt 0.082775 -0.408742
vt 0.084895 -0.490996
vt 0.116785 -0.492060
vt 0.987363 -0.398878
vt 0.958627 -0.398986
vt 0.942000 -0.596108
vt 0.116785 -0.492060
vt 0.116801 -0.408100
vt 0.082775 -0.408742
vt 0.685016 -0.398986
vt 0.661145 -0.398986
vt 0.661145 -0.596108
vt 0.116947 -0.347108
vt 0.116761 -0.402344
vt 0.213338 -0.402344
vt 0.661145 -0.596108
vt 0.689901 -0.596108
vt 0.685016 -0.398986
vt 0.213338 -0.402344
vt 0.213891 -0.347108
vt 0.116947 -0.347108
vt 0.981477 -0.332058
vt 0.954940 -0.332058
vt 0.958864 -0.338533
vt 0.116801 -0.408100
vt 0.116785 -0.492060
vt 0.213312 -0.490555
vt 0.958864 -0.338533
vt 0.987363 -0.338533
vt 0.981477 -0.332058
vt 0.213312 -0.490555
vt 0.213302 -0.408100
vt 0.116801 -0.408100
vt 0.661145 -0.338533
vt 0.682204 -0.338533
vt 0.680242 -0.332058
vt 0.880982 -0.402344
vt 0.784404 -0.402344
vt 0.784444 -0.408100
vt 0.680242 -0.332058
vt 0.661145 -0.332058
vt 0.661145 -0.338533
vt 0.784444 -0.408100
vt 0.880945 -0.408100
vt 0.880982 -0.402344
vt 0.880897 -0.346751
vt 0.880805 -0.338533
vt 0.784289 -0.338533
vt 0.924555 -0.403016
vt 0.880982 -0.402344
vt 0.880945 -0.408100
vt 0.784289 -0.338533
vt 0.784349 -0.346751
vt 0.880897 -0.346751
vt 0.880945 -0.408100
vt 0.917194 -0.408731
vt 0.924555 -0.403016
vt 0.775227 -0.644359
vt 0.775227 -0.653304
vt 0.879870 -0.653304
vt 0.922343 -0.497241
vt 0.924555 -0.403016
vt 0.917194 -0.408731
vt 0.879870 -0.653304
vt 0.879870 -0.644359
vt 0.775227 -0.644359
vt 0.917194 -0.408731
vt 0.915205 -0.490826
vt 0.922343 -0.497241
vt 0.779818 -0.596108
vt 0.775227 -0.644359
vt 0.879870 -0.644359
vt 0.880982 -0.496910
vt 0.922343 -0.497241
vt 0.915205 -0.490826
vt 0.879870 -0.644359
vt 0.880429 -0.596108
vt 0.779818 -0.596108
vt 0.915205 -0.490826
vt 0.880956 -0.490555
vt 0.880982 -0.496910
vt 0.959035 -0.346751
vt 0.987363 -0.346394
vt 0.987363 -0.338533
vt 0.784403 -0.498416
vt 0.880982 -0.496910
vt 0.880956 -0.490555
vt 0.987363 -0.338533
vt 0.958864 -0.338533
vt 0.959035 -0.346751
vt 0.880956 -0.490555
vt 0.784429 -0.492060
vt 0.784403 -0.498416
vt 0.958627 -0.398986
vt 0.987363 -0.398878
vt 0.987363 -0.346394
vt 0.749243 -0.497209
vt 0.784403 -0.498416
vt 0.784429 -0.492060
vt 0.987363 -0.346394
vt 0.959035 -0.346751
vt 0.958627 -0.398986
vt 0.784429 -0.492060
vt 0.755114 -0.490996
vt 0.749243 -0.497209
vt 0.987363 -0.653304
vt 0.987363 -0.644359
vt 0.941737 -0.644359
vt 0.746886 -0.403062
vt 0.749243 -0.497209
vt 0.755114 -0.490996
vt 0.941737 -0.644359
vt 0.941737 -0.653304
vt 0.987363 -0.653304
vt 0.755114 -0.490996
vt 0.752994 -0.408742
vt 0.746886 -0.403062
vt 0.987363 -0.595979
vt 0.942000 -0.596108
vt 0.941737 -0.644359
vt 0.784404 -0.402344
vt 0.746886 -0.403062
vt 0.752994 -0.408742
vt 0.941737 -0.644359
vt 0.987363 -0.644359
vt 0.987363 -0.595979
vt 0.752994 -0.408742
vt 0.784444 -0.408100
vt 0.784404 -0.402344
vt 0.691973 -0.644359
vt 0.661145 -0.644036
vt 0.661145 -0.653304
vt 0.685016 -0.346751
vt 0.746886 -0.403062
vt 0.784404 -0.402344
vt 0.661145 -0.653304
vt 0.691973 -0.653304
vt 0.691973 -0.644359
vt 0.784404 -0.402344
vt 0.784349 -0.346751
vt 0.685016 -0.346751
vt 0.689901 -0.596108
vt 0.661145 -0.596108
vt 0.661145 -0.644036
vt 0.958627 -0.398986
vt 0.959035 -0.346751
vt 0.924555 -0.403016
vt 0.661145 -0.644036
vt 0.691973 -0.644359
vt 0.689901 -0.596108
vt 0.880429 -0.596108
vt 0.942000 -0.596108
vt 0.922343 -0.497241
vt 0.661145 -0.338533
vt 0.661145 -0.346751
vt 0.685016 -0.346751
vt 0.922343 -0.497241
vt 0.880982 -0.496910
vt 0.880429 -0.596108
vt 0.685016 -0.346751
vt 0.682204 -0.338533
vt 0.661145 -0.338533
vt 0.779818 -0.596108
vt 0.880429 -0.596108
vt 0.880982 -0.496910
vt 0.661145 -0.398986
vt 0.685016 -0.398986
vt 0.685016 -0.346751
vt 0.880982 -0.496910
vt 0.784403 -0.498416
vt 0.779818 -0.596108
vt 0.685016 -0.346751
vt 0.661145 -0.346751
vt 0.661145 -0.398986
vt 0.689901 -0.596108
vt 0.779818 -0.596108
vt 0.784403 -0.498416
vt 0.542858 -0.347108
vt 0.542858 -0.338533
vt 0.446278 -0.338533
vt 0.784403 -0.498416
vt 0.749243 -0.497209
vt 0.689901 -0.596108
vt 0.446278 -0.338533
vt 0.446278 -0.347108
vt 0.542858 -0.347108
vt 0.685016 -0.398986
vt 0.689901 -0.596108
vt 0.749243 -0.497209
vt 0.542850 -0.402079
vt 0.542858 -0.347108
vt 0.446278 -0.347108
vt 0.749243 -0.497209
vt 0.746886 -0.403062
vt 0.685016 -0.398986
vt 0.446278 -0.347108
vt 0.446270 -0.402079
vt 0.542850 -0.402079
vt 0.942000 -0.596108
vt 0.958627 -0.398986
vt 0.924555 -0.403016
vt 0.446278 -0.643713
vt 0.446278 -0.653304
vt 0.542858 -0.653304
vt 0.924555 -0.403016
vt 0.922343 -0.497241
vt 0.942000 -0.596108
vt 0.542858 -0.653304
vt 0.542858 -0.643713
vt 0.446278 -0.643713
vt 0.924555 -0.403016
vt 0.959035 -0.346751
vt 0.880897 -0.346751
vt 0.446353 -0.595630
vt 0.446278 -0.643713
vt 0.542858 -0.643713
vt 0.880897 -0.346751
vt 0.880982 -0.402344
vt 0.924555 -0.403016
vt 0.542858 -0.643713
vt 0.542858 -0.596238
vt 0.446353 -0.595630
vt 0.685016 -0.398986
vt 0.746886 -0.403062
vt 0.685016 -0.346751
vt 0.115690 -0.643713
vt 0.115690 -0.653304
vt 0.210736 -0.653304
vt 0.915205 -0.490826
vt 0.917194 -0.408731
vt 0.880945 -0.408100
vt 0.210736 -0.653304
vt 0.210736 -0.643713
vt 0.115690 -0.643713
vt 0.880945 -0.408100
vt 0.880956 -0.490555
vt 0.915205 -0.490826
vt 0.116227 -0.596238
vt 0.115690 -0.643713
vt 0.210736 -0.643713
vt 0.752994 -0.408742
vt 0.755114 -0.490996
vt 0.784429 -0.492060
vt 0.210736 -0.643713
vt 0.212041 -0.596238
vt 0.116227 -0.596238
vt 0.784429 -0.492060
vt 0.784444 -0.408100
vt 0.752994 -0.408742
vt 0.213891 -0.347108
vt 0.214437 -0.338533
vt 0.117129 -0.338533
vt 0.784349 -0.346751
vt 0.784404 -0.402344
vt 0.880982 -0.402344
vt 0.117129 -0.338533
vt 0.116947 -0.347108
vt 0.213891 -0.347108
vt 0.880982 -0.402344
vt 0.880897 -0.346751
vt 0.784349 -0.346751
vt 0.377254 -0.681651
vt 0.377346 -0.673186
vt 0.280608 -0.673186
vt 0.784444 -0.408100
vt 0.784429 -0.492060
vt 0.880956 -0.490555
vt 0.280608 -0.673186
vt 0.280426 -0.681651
vt 0.377254 -0.681651
vt 0.880956 -0.490555
vt 0.880945 -0.408100
vt 0.784444 -0.408100
vt 0.372846 -0.731974
vt 0.377254 -0.681651
vt 0.280426 -0.681651
vt 0.542850 -0.402079
vt 0.446270 -0.402079
vt 0.446554 -0.407446
vt 0.280426 -0.681651
vt 0.280243 -0.732970
vt 0.372846 -0.731974
vt 0.446554 -0.407446
vt 0.542676 -0.407487
vt 0.542850 -0.402079
vt 0.119109 -0.974452
vt 0.118835 -0.983920
vt 0.285169 -0.983920
vt 0.584991 -0.402777
vt 0.542850 -0.402079
vt 0.542676 -0.407487
vt 0.285169 -0.983920
vt 0.285351 -0.976283
vt 0.119109 -0.974452
vt 0.542676 -0.407487
vt 0.576411 -0.408462
vt 0.584991 -0.402777
vt 0.119383 -0.927586
vt 0.119109 -0.974452
vt 0.285351 -0.976283
vt 0.582771 -0.497716
vt 0.584991 -0.402777
vt 0.576411 -0.408462
vt 0.285351 -0.976283
vt 0.279176 -0.921967
vt 0.119383 -0.927586
vt 0.576411 -0.408462
vt 0.575327 -0.490972
vt 0.582771 -0.497716
vt 0.400773 -0.974452
vt 0.394618 -0.974452
vt 0.394618 -0.983920
vt 0.542850 -0.497384
vt 0.582771 -0.497716
vt 0.575327 -0.490972
vt 0.394618 -0.983920
vt 0.400235 -0.983920
vt 0.400773 -0.974452
vt 0.575327 -0.490972
vt 0.542537 -0.491245
vt 0.542850 -0.497384
vt 0.401310 -0.927585
vt 0.394618 -0.927586
vt 0.394618 -0.974452
vt 0.446270 -0.498890
vt 0.542850 -0.497384
vt 0.542537 -0.491245
vt 0.394618 -0.974452
vt 0.400773 -0.974452
vt 0.401310 -0.927585
vt 0.542537 -0.491245
vt 0.446860 -0.492699
vt 0.446270 -0.498890
vt 0.394618 -0.673186
vt 0.394618 -0.681651
vt 0.402385 -0.681651
vt 0.412688 -0.497682
vt 0.446270 -0.498890
vt 0.446860 -0.492699
vt 0.402385 -0.681651
vt 0.402922 -0.673186
vt 0.394618 -0.673186
vt 0.446860 -0.492699
vt 0.417532 -0.491333
vt 0.412688 -0.497682
vt 0.394618 -0.732970
vt 0.401847 -0.732970
vt 0.402385 -0.681651
vt 0.410313 -0.402804
vt 0.412688 -0.497682
vt 0.417532 -0.491333
vt 0.402385 -0.681651
vt 0.394618 -0.681651
vt 0.394618 -0.732970
vt 0.417532 -0.491333
vt 0.416437 -0.408228
vt 0.410313 -0.402804
vt 0.639438 -0.347108
vt 0.661145 -0.346751
vt 0.661145 -0.338533
vt 0.446270 -0.402079
vt 0.410313 -0.402804
vt 0.416437 -0.408228
vt 0.661145 -0.338533
vt 0.639438 -0.338533
vt 0.639438 -0.347108
vt 0.416437 -0.408228
vt 0.446554 -0.407446
vt 0.446270 -0.402079
vt 0.639438 -0.399094
vt 0.661145 -0.398986
vt 0.661145 -0.346751
vt 0.349698 -0.347108
vt 0.410313 -0.402804
vt 0.446270 -0.402079
vt 0.661145 -0.346751
vt 0.639438 -0.347108
vt 0.639438 -0.399094
vt 0.446270 -0.402079
vt 0.446278 -0.347108
vt 0.349698 -0.347108
vt 0.661145 -0.644036
vt 0.639438 -0.643713
vt 0.639438 -0.653304
vt 0.639438 -0.399094
vt 0.639438 -0.347108
vt 0.584991 -0.402777
vt 0.639438 -0.653304
vt 0.661145 -0.653304
vt 0.661145 -0.644036
vt 0.542858 -0.596238
vt 0.639438 -0.596238
vt 0.582771 -0.497716
vt 0.661145 -0.596108
vt 0.639438 -0.596238
vt 0.639438 -0.643713
vt 0.582771 -0.497716
vt 0.542850 -0.497384
vt 0.542858 -0.596238
vt 0.639438 -0.643713
vt 0.661145 -0.644036
vt 0.661145 -0.596108
vt 0.446353 -0.595630
vt 0.542858 -0.596238
vt 0.542850 -0.497384
vt 0.349698 -0.643713
vt 0.329204 -0.643713
vt 0.329204 -0.653304
vt 0.542850 -0.497384
vt 0.446270 -0.498890
vt 0.446353 -0.595630
vt 0.329204 -0.653304
vt 0.349698 -0.653304
vt 0.349698 -0.643713
vt 0.349698 -0.596238
vt 0.446353 -0.595630
vt 0.446270 -0.498890
vt 0.349698 -0.596238
vt 0.329204 -0.596238
vt 0.329204 -0.643713
vt 0.446270 -0.498890
vt 0.412688 -0.497682
vt 0.349698 -0.596238
vt 0.329204 -0.643713
vt 0.349698 -0.643713
vt 0.349698 -0.596238
vt 0.349698 -0.399094
vt 0.349698 -0.596238
vt 0.412688 -0.497682
vt 0.329204 -0.347108
vt 0.349698 -0.347108
vt 0.349698 -0.338533
vt 0.412688 -0.497682
vt 0.410313 -0.402804
vt 0.349698 -0.399094
vt 0.349698 -0.338533
vt 0.329204 -0.338533
vt 0.329204 -0.347108
vt 0.639438 -0.596238
vt 0.639438 -0.399094
vt 0.584991 -0.402777
vt 0.329204 -0.399094
vt 0.349698 -0.399094
vt 0.349698 -0.347108
vt 0.584991 -0.402777
vt 0.582771 -0.497716
vt 0.639438 -0.596238
vt 0.349698 -0.347108
vt 0.329204 -0.347108
vt 0.329204 -0.399094
vt 0.689901 -0.596108
vt 0.691973 -0.644359
vt 0.775227 -0.644359
vt 0.307907 -0.399094
vt 0.307907 -0.596238
vt 0.329204 -0.596238
vt 0.775227 -0.644359
vt 0.779818 -0.596108
vt 0.689901 -0.596108
vt 0.329204 -0.596238
vt 0.329204 -0.399094
vt 0.307907 -0.399094
vt 0.941737 -0.644359
vt 0.942000 -0.596108
vt 0.880429 -0.596108
vt 0.018186 -0.596238
vt 0.018186 -0.399094
vt 0.004076 -0.399094
vt 0.880429 -0.596108
vt 0.879870 -0.644359
vt 0.941737 -0.644359
vt 0.004076 -0.399094
vt 0.004076 -0.596238
vt 0.018186 -0.596238
vt 0.691973 -0.644359
vt 0.691973 -0.653304
vt 0.775227 -0.653304
vt 0.303421 -0.332058
vt 0.302244 -0.338533
vt 0.329204 -0.338533
vt 0.775227 -0.653304
vt 0.775227 -0.644359
vt 0.691973 -0.644359
vt 0.329204 -0.338533
vt 0.329204 -0.332058
vt 0.303421 -0.332058
vt 0.941737 -0.653304
vt 0.941737 -0.644359
vt 0.879870 -0.644359
vt 0.216792 -0.332058
vt 0.214437 -0.338533
vt 0.302244 -0.338533
vt 0.879870 -0.644359
vt 0.879870 -0.653304
vt 0.941737 -0.653304
vt 0.302244 -0.338533
vt 0.303421 -0.332058
vt 0.216792 -0.332058
vt 0.959035 -0.346751
vt 0.958864 -0.338533
vt 0.880805 -0.338533
vt 0.015313 -0.338533
vt 0.020022 -0.332058
vt 0.008432 -0.332058
vt 0.880805 -0.338533
vt 0.880897 -0.346751
vt 0.959035 -0.346751
vt 0.008432 -0.332058
vt 0.004076 -0.337908
vt 0.015313 -0.338533
vt 0.682204 -0.338533
vt 0.685016 -0.346751
vt 0.784349 -0.346751
vt 0.117129 -0.338533
vt 0.120661 -0.332058
vt 0.020022 -0.332058
vt 0.784349 -0.346751
vt 0.784289 -0.338533
vt 0.682204 -0.338533
vt 0.020022 -0.332058
vt 0.015313 -0.338533
vt 0.117129 -0.338533
vt 0.781673 -0.332058
vt 0.680242 -0.332058
vt 0.682204 -0.338533
vt 0.305888 -0.643713
vt 0.305888 -0.653304
vt 0.329204 -0.653304
vt 0.682204 -0.338533
vt 0.784289 -0.338533
vt 0.781673 -0.332058
vt 0.329204 -0.653304
vt 0.329204 -0.643713
vt 0.305888 -0.643713
vt 0.880805 -0.338533
vt 0.958864 -0.338533
vt 0.954940 -0.332058
vt 0.210736 -0.643713
vt 0.210736 -0.653304
vt 0.305888 -0.653304
vt 0.954940 -0.332058
vt 0.877535 -0.332058
vt 0.880805 -0.338533
vt 0.305888 -0.653304
vt 0.305888 -0.643713
vt 0.210736 -0.643713
vt 0.973354 -0.923964
vt 0.987810 -0.923964
vt 0.987810 -0.968844
vt 0.016186 -0.653304
vt 0.016186 -0.643713
vt 0.004076 -0.643713
vt 0.987810 -0.968844
vt 0.972846 -0.968844
vt 0.973354 -0.923964
vt 0.004076 -0.643713
vt 0.004076 -0.653304
vt 0.016186 -0.653304
vt 0.905038 -0.968844
vt 0.798090 -0.968844
vt 0.798455 -0.923964
vt 0.115690 -0.653304
vt 0.115690 -0.643713
vt 0.016186 -0.643713
vt 0.798455 -0.923964
vt 0.905475 -0.923964
vt 0.905038 -0.968844
vt 0.016186 -0.643713
vt 0.016186 -0.653304
vt 0.115690 -0.653304
vt 0.972846 -0.968844
vt 0.987810 -0.968844
vt 0.987810 -0.978605
vt 0.307907 -0.596238
vt 0.305888 -0.643713
vt 0.329204 -0.643713
vt 0.987810 -0.978605
vt 0.972339 -0.978605
vt 0.972846 -0.968844
vt 0.329204 -0.643713
vt 0.329204 -0.596238
vt 0.307907 -0.596238
vt 0.797725 -0.978605
vt 0.798090 -0.968844
vt 0.905038 -0.968844
vt 0.212041 -0.596238
vt 0.210736 -0.643713
vt 0.305888 -0.643713
vt 0.905038 -0.968844
vt 0.904602 -0.978605
vt 0.797725 -0.978605
vt 0.305888 -0.643713
vt 0.307907 -0.596238
vt 0.212041 -0.596238
vt 0.905911 -0.728232
vt 0.798820 -0.728232
vt 0.799379 -0.675635
vt 0.016186 -0.643713
vt 0.018186 -0.596238
vt 0.004076 -0.596238
vt 0.799379 -0.675635
vt 0.906347 -0.675889
vt 0.905911 -0.728232
vt 0.004076 -0.596238
vt 0.004076 -0.643713
vt 0.016186 -0.643713
vt 0.969620 -0.675889
vt 0.987810 -0.675889
vt 0.987810 -0.728232
vt 0.115690 -0.643713
vt 0.116227 -0.596238
vt 0.018186 -0.596238
vt 0.987810 -0.728232
vt 0.969113 -0.728232
vt 0.969620 -0.675889
vt 0.018186 -0.596238
vt 0.016186 -0.643713
vt 0.115690 -0.643713
vt 0.906347 -0.675889
vt 0.799379 -0.675635
vt 0.799550 -0.667870
vt 0.017749 -0.347108
vt 0.015313 -0.338533
vt 0.004076 -0.337908
vt 0.799550 -0.667870
vt 0.906783 -0.667870
vt 0.906347 -0.675889
vt 0.004076 -0.337908
vt 0.004076 -0.347108
vt 0.017749 -0.347108
vt 0.970127 -0.667870
vt 0.987810 -0.667870
vt 0.987810 -0.675889
vt 0.116947 -0.347108
vt 0.117129 -0.338533
vt 0.015313 -0.338533
vt 0.987810 -0.675889
vt 0.969620 -0.675889
vt 0.970127 -0.667870
vt 0.015313 -0.338533
vt 0.017749 -0.347108
vt 0.116947 -0.347108
vt 0.690505 -0.705440
vt 0.690505 -0.696119
vt 0.799379 -0.675635
vt 0.302244 -0.338533
vt 0.307907 -0.347108
vt 0.329204 -0.347108
vt 0.683039 -0.667409
vt 0.799550 -0.667870
vt 0.799379 -0.675635
vt 0.329204 -0.347108
vt 0.329204 -0.338533
vt 0.302244 -0.338533
vt 0.799379 -0.675635
vt 0.682527 -0.677378
vt 0.683039 -0.667409
vt 0.214437 -0.338533
vt 0.213891 -0.347108
vt 0.307907 -0.347108
vt 0.798455 -0.923964
vt 0.798820 -0.728232
vt 0.905911 -0.728232
vt 0.307907 -0.347108
vt 0.302244 -0.338533
vt 0.214437 -0.338533
vt 0.905911 -0.728232
vt 0.905475 -0.923964
vt 0.798455 -0.923964
vt 0.018186 -0.399094
vt 0.017749 -0.347108
vt 0.004076 -0.347108
vt 0.987810 -0.728232
vt 0.987810 -0.923964
vt 0.973354 -0.923964
vt 0.004076 -0.347108
vt 0.004076 -0.399094
vt 0.018186 -0.399094
vt 0.973354 -0.923964
vt 0.969113 -0.728232
vt 0.987810 -0.728232
vt 0.307907 -0.347108
vt 0.307907 -0.399094
vt 0.329204 -0.399094
vt 0.796614 -0.660223
vt 0.799550 -0.667870
vt 0.683039 -0.667409
vt 0.329204 -0.399094
vt 0.329204 -0.347108
vt 0.307907 -0.347108
vt 0.683039 -0.667409
vt 0.681206 -0.660223
vt 0.796614 -0.660223
vt 0.119383 -0.927586
vt 0.120750 -0.732970
vt 0.020757 -0.732970
vt 0.990286 -0.660777
vt 0.987810 -0.667870
vt 0.970127 -0.667870
vt 0.020757 -0.732970
vt 0.019754 -0.927586
vt 0.119383 -0.927586
vt 0.970127 -0.667870
vt 0.971449 -0.661096
vt 0.990286 -0.660777
vt 0.279176 -0.921967
vt 0.280243 -0.732970
vt 0.120750 -0.732970
vt 0.799550 -0.667870
vt 0.796614 -0.660223
vt 0.901998 -0.660223
vt 0.120750 -0.732970
vt 0.119383 -0.927586
vt 0.279176 -0.921967
vt 0.901998 -0.660223
vt 0.906783 -0.667870
vt 0.799550 -0.667870
vt 0.372846 -0.731974
vt 0.376708 -0.927586
vt 0.394618 -0.927586
vt 0.608848 -0.688838
vt 0.612936 -0.675478
vt 0.681906 -0.688838
vt 0.394618 -0.927586
vt 0.394618 -0.732970
vt 0.372846 -0.731974
vt 0.690505 -0.696119
vt 0.681906 -0.688838
vt 0.799379 -0.675635
vt 0.386134 -0.664889
vt 0.370249 -0.664889
vt 0.377346 -0.673186
vt 0.493631 -0.721143
vt 0.493631 -0.749590
vt 0.504753 -0.749590
vt 0.377346 -0.673186
vt 0.394618 -0.673186
vt 0.386134 -0.664889
vt 0.504753 -0.749590
vt 0.504753 -0.721143
vt 0.493631 -0.721143
vt 0.370249 -0.664889
vt 0.274898 -0.664889
vt 0.280608 -0.673186
vt 0.493631 -0.721143
vt 0.504753 -0.721143
vt 0.504753 -0.711822
vt 0.280608 -0.673186
vt 0.377346 -0.673186
vt 0.370249 -0.664889
vt 0.504753 -0.950966
vt 0.493631 -0.950966
vt 0.493631 -0.986436
vt 0.021304 -0.673186
vt 0.121297 -0.673186
vt 0.116975 -0.664889
vt 0.493631 -0.986436
vt 0.504753 -0.986153
vt 0.504753 -0.950966
vt 0.116975 -0.664889
vt 0.019845 -0.664889
vt 0.021304 -0.673186
vt 0.504753 -0.986153
vt 0.493631 -0.986436
vt 0.493631 -0.994308
vt 0.121023 -0.681651
vt 0.121297 -0.673186
vt 0.021304 -0.673186
vt 0.493631 -0.994308
vt 0.504753 -0.994308
vt 0.504753 -0.986153
vt 0.021304 -0.673186
vt 0.021030 -0.681651
vt 0.121023 -0.681651
vt 0.493631 -0.749590
vt 0.493631 -0.950966
vt 0.504753 -0.950966
vt 0.280426 -0.681651
vt 0.280608 -0.673186
vt 0.121297 -0.673186
vt 0.504753 -0.950966
vt 0.504753 -0.749590
vt 0.493631 -0.749590
vt 0.121297 -0.673186
vt 0.121023 -0.681651
vt 0.280426 -0.681651
vt 0.995364 -0.399679
vt 0.987363 -0.398878
vt 0.987363 -0.595979
vt 0.377346 -0.673186
vt 0.377254 -0.681651
vt 0.394618 -0.681651
vt 0.987363 -0.595979
vt 0.995364 -0.597953
vt 0.995364 -0.399679
vt 0.394618 -0.681651
vt 0.394618 -0.673186
vt 0.377346 -0.673186
vt 0.995364 -0.597953
vt 0.987363 -0.595979
vt 0.987363 -0.644359
vt 0.120750 -0.732970
vt 0.121023 -0.681651
vt 0.021030 -0.681651
vt 0.987363 -0.644359
vt 0.995364 -0.643417
vt 0.995364 -0.597953
vt 0.021030 -0.681651
vt 0.020757 -0.732970
vt 0.120750 -0.732970
vt 0.995364 -0.346656
vt 0.987363 -0.346394
vt 0.987363 -0.398878
vt 0.280243 -0.732970
vt 0.280426 -0.681651
vt 0.121023 -0.681651
vt 0.987363 -0.398878
vt 0.995364 -0.399679
vt 0.995364 -0.346656
vt 0.121023 -0.681651
vt 0.120750 -0.732970
vt 0.280243 -0.732970
vt 0.995364 -0.338533
vt 0.987363 -0.338533
vt 0.987363 -0.346394
vt 0.377254 -0.681651
vt 0.372846 -0.731974
vt 0.394618 -0.732970
vt 0.987363 -0.346394
vt 0.995364 -0.346656
vt 0.995364 -0.338533
vt 0.394618 -0.732970
vt 0.394618 -0.681651
vt 0.377254 -0.681651
vt 0.798455 -0.923964
vt 0.690506 -0.935263
vt 0.690505 -0.733887
vt 0.376616 -0.974452
vt 0.376525 -0.983920
vt 0.394618 -0.983920
vt 0.690505 -0.733887
vt 0.798820 -0.728232
vt 0.798455 -0.923964
vt 0.394618 -0.983920
vt 0.394618 -0.974452
vt 0.376616 -0.974452
vt 0.972846 -0.968844
vt 0.905038 -0.968844
vt 0.905475 -0.923964
vt 0.285351 -0.976283
vt 0.285169 -0.983920
vt 0.376525 -0.983920
vt 0.905475 -0.923964
vt 0.973354 -0.923964
vt 0.972846 -0.968844
vt 0.376525 -0.983920
vt 0.376616 -0.974452
vt 0.285351 -0.976283
vt 0.972339 -0.978605
vt 0.904602 -0.978605
vt 0.905038 -0.968844
vt 0.118835 -0.983920
vt 0.119109 -0.974452
vt 0.018239 -0.974452
vt 0.905038 -0.968844
vt 0.972846 -0.968844
vt 0.972339 -0.978605
vt 0.018239 -0.974452
vt 0.019207 -0.983920
vt 0.118835 -0.983920
vt 0.906347 -0.675889
vt 0.969620 -0.675889
vt 0.969113 -0.728232
vt 0.376708 -0.927586
vt 0.376616 -0.974452
vt 0.394618 -0.974452
vt 0.969113 -0.728232
vt 0.905911 -0.728232
vt 0.906347 -0.675889
vt 0.394618 -0.974452
vt 0.394618 -0.927586
vt 0.376708 -0.927586
vt 0.906783 -0.667870
vt 0.970127 -0.667870
vt 0.969620 -0.675889
vt 0.279176 -0.921967
vt 0.285351 -0.976283
vt 0.376616 -0.974452
vt 0.969620 -0.675889
vt 0.906347 -0.675889
vt 0.906783 -0.667870
vt 0.376616 -0.974452
vt 0.376708 -0.927586
vt 0.279176 -0.921967
vt 0.798090 -0.968844
vt 0.691864 -0.970733
vt 0.690506 -0.935263
vt 0.119109 -0.974452
vt 0.119383 -0.927586
vt 0.019754 -0.927586
vt 0.690506 -0.935263
vt 0.798455 -0.923964
vt 0.798090 -0.968844
vt 0.019754 -0.927586
vt 0.018239 -0.974452
vt 0.119109 -0.974452
vt 0.797725 -0.978605
vt 0.690506 -0.978605
vt 0.691864 -0.970733
vt 0.446860 -0.492699
vt 0.446554 -0.407446
vt 0.416437 -0.408228
vt 0.691864 -0.970733
vt 0.798090 -0.968844
vt 0.797725 -0.978605
vt 0.416437 -0.408228
vt 0.417532 -0.491333
vt 0.446860 -0.492699
vt 0.681906 -0.688838
vt 0.682527 -0.677378
vt 0.799379 -0.675635
vt 0.542676 -0.407487
vt 0.542537 -0.491245
vt 0.575327 -0.490972
vt 0.613096 -0.666717
vt 0.683039 -0.667409
vt 0.682527 -0.677378
vt 0.575327 -0.490972
vt 0.576411 -0.408462
vt 0.542676 -0.407487
vt 0.682527 -0.677378
vt 0.612936 -0.675478
vt 0.613096 -0.666717
vt 0.542858 -0.332058
vt 0.542858 -0.338533
vt 0.639438 -0.338533
vt 0.672169 -0.721151
vt 0.666523 -0.721143
vt 0.666523 -0.749590
vt 0.639438 -0.338533
vt 0.639438 -0.332058
vt 0.542858 -0.332058
vt 0.666523 -0.749590
vt 0.672170 -0.749596
vt 0.672169 -0.721151
vt 0.446278 -0.338533
vt 0.446278 -0.332058
vt 0.349698 -0.332058
vt 0.672169 -0.711833
vt 0.666523 -0.711822
vt 0.666523 -0.721143
vt 0.349698 -0.332058
vt 0.349698 -0.338533
vt 0.446278 -0.338533
vt 0.666523 -0.721143
vt 0.672169 -0.721151
vt 0.672169 -0.711833
vt 0.446278 -0.347108
vt 0.446278 -0.338533
vt 0.349698 -0.338533
vt 0.666523 -0.990197
vt 0.672172 -0.990199
vt 0.672171 -0.950971
vt 0.349698 -0.338533
vt 0.349698 -0.347108
vt 0.446278 -0.347108
vt 0.672171 -0.950971
vt 0.666523 -0.950966
vt 0.666523 -0.990197
vt 0.542858 -0.338533
vt 0.542858 -0.347108
vt 0.639438 -0.347108
vt 0.666523 -0.994308
vt 0.672173 -0.994308
vt 0.672172 -0.990199
vt 0.639438 -0.347108
vt 0.639438 -0.338533
vt 0.542858 -0.338533
vt 0.672172 -0.990199
vt 0.666523 -0.990197
vt 0.666523 -0.994308
vt 0.349698 -0.399094
vt 0.410313 -0.402804
vt 0.349698 -0.347108
vt 0.666523 -0.749590
vt 0.666523 -0.721143
vt 0.504753 -0.721143
vt 0.542858 -0.347108
vt 0.542850 -0.402079
vt 0.584991 -0.402777
vt 0.504753 -0.721143
vt 0.504753 -0.749590
vt 0.666523 -0.749590
vt 0.584991 -0.402777
vt 0.639438 -0.347108
vt 0.542858 -0.347108
vt 0.666523 -0.721143
vt 0.666523 -0.711822
vt 0.504753 -0.711822
vt 0.542858 -0.643713
vt 0.542858 -0.653304
vt 0.639438 -0.653304
vt 0.504753 -0.711822
vt 0.504753 -0.721143
vt 0.666523 -0.721143
vt 0.639438 -0.653304
vt 0.639438 -0.643713
vt 0.542858 -0.643713
vt 0.504753 -0.986153
vt 0.666523 -0.990197
vt 0.666523 -0.950966
vt 0.446278 -0.653304
vt 0.446278 -0.643713
vt 0.349698 -0.643713
vt 0.666523 -0.950966
vt 0.504753 -0.950966
vt 0.504753 -0.986153
vt 0.349698 -0.643713
vt 0.349698 -0.653304
vt 0.446278 -0.653304
vt 0.504753 -0.986153
vt 0.504753 -0.994308
vt 0.666523 -0.994308
vt 0.542858 -0.596238
vt 0.542858 -0.643713
vt 0.639438 -0.643713
vt 0.666523 -0.994308
vt 0.666523 -0.990197
vt 0.504753 -0.986153
vt 0.639438 -0.643713
vt 0.639438 -0.596238
vt 0.542858 -0.596238
vt 0.681908 -0.974496
vt 0.679081 -0.975065
vt 0.679081 -0.936406
vt 0.446278 -0.643713
vt 0.446353 -0.595630
vt 0.349698 -0.596238
vt 0.679081 -0.936406
vt 0.681910 -0.935268
vt 0.681908 -0.974496
vt 0.349698 -0.596238
vt 0.349698 -0.643713
vt 0.446278 -0.643713
vt 0.681906 -0.978605
vt 0.679081 -0.978605
vt 0.679081 -0.975065
vt 0.681915 -0.705449
vt 0.679081 -0.707726
vt 0.679081 -0.698976
vt 0.679081 -0.975065
vt 0.681908 -0.974496
vt 0.681906 -0.978605
vt 0.679081 -0.698976
vt 0.681917 -0.696130
vt 0.681915 -0.705449
vt 0.679081 -0.707726
vt 0.681915 -0.705449
vt 0.681912 -0.733893
vt 0.681912 -0.733893
vt 0.679081 -0.735601
vt 0.679081 -0.707726
vn -0.7124 -0.5600 0.4229
vn -0.7797 -0.6260 -0.0154
vn -0.7802 -0.6255 0.0088
vn -0.1969 0.0062 -0.9804
vn -0.1566 0.0116 -0.9876
vn 0.0042 -0.0027 -1.0000
vn 0.0121 0.0131 -0.9998
vn -0.1816 0.0440 -0.9824
vn 0.0330 0.0728 -0.9968
vn -0.1023 0.2715 -0.9570
vn 0.0348 0.3419 -0.9391
vn 0.0472 0.1005 -0.9938
vn 0.0387 0.3140 -0.9486
vn 0.0474 0.0936 -0.9945
vn 0.0370 0.3286 -0.9437
vn 0.0433 0.0507 -0.9978
vn 0.0517 0.0599 -0.9969
vn 0.0236 0.0265 -0.9994
vn 0.0396 0.0995 -0.9942
vn 0.0375 0.3545 -0.9343
vn 0.0408 0.3096 -0.9500
vn 0.0455 0.0970 -0.9942
vn 0.0393 0.3003 -0.9530
vn 0.0469 0.0738 -0.9962
vn 0.0435 0.0266 -0.9987
vn 0.0485 0.0146 -0.9987
vn 0.0451 0.0367 -0.9983
vn 0.0535 -0.0112 -0.9985
vn 0.0456 0.0507 -0.9977
vn 0.0242 -0.0220 -0.9995
vn 0.0172 0.0578 -0.9982
vn 0.0624 0.0075 -0.9980
vn 0.0543 0.0166 -0.9984
vn 0.0533 -0.0476 -0.9974
vn 0.0240 -0.0803 -0.9965
vn 0.0432 -0.0580 -0.9974
vn 0.0565 0.0678 -0.9961
vn -0.1761 0.0523 -0.9830
vn -0.2675 0.0581 -0.9618
vn 0.0331 0.2075 -0.9777
vn 0.0638 0.2256 -0.9721
vn 0.0110 0.3836 -0.9234
vn 0.0293 0.2197 -0.9751
vn 0.0747 0.2451 -0.9666
vn 0.0790 0.0138 -0.9968
vn 0.0517 -0.0037 -0.9987
vn 0.0631 0.0221 -0.9978
vn 0.0560 0.0231 -0.9982
vn 0.0407 0.0548 -0.9977
vn 0.0708 0.0146 -0.9974
vn 0.0232 0.0623 -0.9978
vn 0.0226 -0.0174 -0.9996
vn 0.0324 0.0694 -0.9971
vn 0.0724 0.0510 -0.9961
vn 0.0609 -0.0256 -0.9978
vn 0.0317 -0.0968 -0.9948
vn 0.0442 -0.0493 -0.9978
vn 0.1027 0.0157 -0.9946
vn 0.0909 0.0253 -0.9955
vn 0.0274 0.0271 -0.9993
vn 0.0862 -0.0717 -0.9937
vn 0.0339 0.4648 -0.8847
vn 0.0268 0.4141 -0.9098
vn 0.0401 0.3510 -0.9355
vn 0.0517 0.0625 -0.9967
vn 0.0490 0.0935 -0.9944
vn 0.0504 0.0986 -0.9938
vn 0.1066 0.0722 -0.9917
vn 0.0976 0.0194 -0.9950
vn 0.0167 0.0020 -0.9999
vn 0.0436 0.0260 -0.9987
vn 0.0486 0.4929 -0.8687
vn 0.0514 -0.0423 -0.9978
vn 0.0455 0.5904 -0.8058
vn 0.0275 0.5715 -0.8201
vn 0.0670 0.1076 -0.9919
vn 0.0352 0.5547 -0.8313
vn 0.0260 -0.0184 -0.9995
vn 0.0043 0.0178 -0.9998
vn 0.0203 0.1018 -0.9946
vn 0.0720 0.4410 -0.8946
vn 0.0629 0.3006 -0.9517
vn 0.0552 -0.0646 -0.9964
vn 0.1007 -0.0093 -0.9949
vn 0.0678 -0.0460 -0.9966
vn 0.0464 -0.1004 -0.9939
vn 0.0315 -0.0404 -0.9987
vn 0.0291 0.6154 -0.7877
vn 0.0442 0.1559 -0.9868
vn 0.0410 0.0553 -0.9976
vn 0.0516 0.0638 -0.9966
vn 0.0479 0.1632 -0.9854
vn 0.0298 0.0315 -0.9991
vn 0.0500 0.1710 -0.9840
vn 0.0974 0.0201 -0.9950
vn 0.0710 0.0315 -0.9970
vn 0.0442 0.0459 -0.9980
vn 0.0244 0.0548 -0.9982
vn 0.0639 0.0140 -0.9979
vn 0.0491 0.0206 -0.9986
vn 0.0262 0.6135 -0.7892
vn 0.0264 0.6127 -0.7899
vn 0.0203 0.6114 -0.7911
vn 0.0448 0.5251 -0.8498
vn 0.1427 0.0674 -0.9875
vn 0.1544 0.0115 -0.9879
vn 0.1052 -0.0133 -0.9944
vn -0.0535 0.0267 -0.9982
vn -0.0029 0.3383 -0.9410
vn 0.0345 0.5474 -0.8362
vn 0.9943 0.0779 0.0722
vn 0.9120 0.4037 0.0730
vn 0.8872 0.4590 0.0462
vn 0.9711 0.0939 0.2193
vn 0.9905 0.1202 0.0668
vn 0.9971 0.0099 0.0750
vn 0.9891 0.1321 0.0656
vn 0.8662 0.4975 0.0464
vn 0.9911 0.0390 0.1269
vn 0.9726 0.0352 0.2298
vn 0.9974 0.0025 0.0718
vn 0.9870 -0.0510 0.1525
vn 0.9984 -0.0558 -0.0065
vn 0.9682 0.2478 0.0337
vn 0.7934 0.6071 0.0451
vn 0.9974 0.0593 0.0415
vn 0.7434 0.6678 0.0369
vn 0.9974 0.0428 0.0579
vn 0.8789 0.4750 0.0432
vn 0.9973 0.0564 0.0469
vn 0.7933 0.6073 0.0427
vn 0.8787 0.4750 0.0476
vn 0.7933 0.6073 0.0428
vn 0.9984 0.0430 0.0357
vn 0.9961 0.0745 0.0470
vn 0.9987 0.0193 0.0466
vn 0.9992 0.0033 0.0396
vn 0.9935 0.1082 0.0369
vn 0.9262 0.3741 0.0467
vn 0.9988 0.0189 0.0456
vn 0.9994 -0.0235 0.0248
vn 0.9982 -0.0125 0.0585
vn 0.9987 -0.0219 0.0462
vn 0.9993 -0.0122 0.0341
vn 0.9969 0.0592 0.0524
vn 0.9262 0.3741 0.0466
vn 0.8664 0.4975 0.0438
vn 0.9925 0.1080 0.0575
vn 0.9961 0.0744 0.0470
vn 0.9986 0.0032 0.0532
vn 0.8874 0.4589 0.0452
vn 0.9908 0.1325 0.0290
vn 0.9987 0.0189 0.0476
vn 0.9974 -0.0239 0.0675
vn 0.9936 -0.0568 0.0980
vn 0.9998 0.0030 0.0210
vn 0.9986 0.0406 -0.0337
vn 0.9967 0.0784 0.0219
vn 0.9144 0.4042 0.0196
vn 0.7430 0.6677 0.0451
vn 0.7936 0.6071 0.0403
vn 0.9669 0.2476 0.0610
vn 0.9969 -0.0490 -0.0613
vn 0.9897 0.0388 -0.1379
vn 0.9998 0.0105 0.0180
vn 0.9872 0.0973 -0.1265
vn 0.9923 0.1206 0.0276
vn -0.6697 -0.5514 -0.4975
vn -0.7754 -0.6245 -0.0931
vn -0.7772 -0.6255 -0.0691
vn -0.6201 -0.7394 -0.2623
vn -0.5175 -0.8442 -0.1396
vn -0.2285 -0.8996 -0.3721
vn -0.4832 -0.7017 -0.5235
vn 0.0435 -0.7568 -0.6522
vn 0.5447 -0.7123 -0.4427
vn 0.2614 -0.9080 -0.3274
vn 0.3796 -0.8979 -0.2230
vn 0.4976 -0.7417 -0.4498
vn 0.5639 -0.3924 0.7267
vn 0.5787 -0.3248 0.7481
vn 0.5786 -0.3249 0.7481
vn 0.5520 -0.4380 0.7096
vn 0.5487 -0.4495 0.7049
vn 0.5532 -0.4335 0.7114
vn 0.5745 -0.3443 0.7425
vn 0.7357 0.0588 -0.6747
vn 0.7358 0.0592 -0.6746
vn 0.7368 0.0360 -0.6751
vn 0.7371 0.0299 -0.6751
vn 0.7373 0.0229 -0.6752
vn 0.7374 0.0216 -0.6751
vn 0.7374 0.0217 -0.6751
vn 0.7375 0.0229 -0.6750
vn 0.7364 0.0558 -0.6743
vn 0.7368 0.0542 -0.6739
vn 0.7211 0.2071 -0.6612
vn 0.7211 0.2072 -0.6612
vn -0.2880 -0.8677 -0.4052
vn -0.2879 -0.8677 -0.4053
vn -0.4157 -0.6749 -0.6097
vn -0.2324 -0.6435 -0.7293
vn -0.5353 0.4832 0.6928
vn -0.0648 0.5455 0.8356
vn -0.3887 -0.5694 -0.7244
vn -0.1823 0.3806 0.9066
vn -0.3541 -0.4821 -0.8014
vn -0.4819 0.2069 0.8514
vn -0.9132 -0.3895 -0.1198
vn 0.6415 0.7671 -0.0073
vn 0.8893 0.1038 -0.4454
vn 0.7427 -0.1485 -0.6530
vn 0.9054 0.1492 -0.3975
vn -0.0191 0.4023 0.9153
vn -0.9484 -0.2995 0.1039
vn 0.5062 -0.1975 -0.8395
vn 0.6931 -0.0653 -0.7179
vn 0.9054 0.1492 -0.3974
vn 0.7427 -0.1486 -0.6530
vn 0.8893 0.1037 -0.4454
vn 0.6415 0.7671 -0.0074
vn 0.2221 0.4700 0.8543
vn 0.6930 -0.0653 -0.7180
vn 0.5050 -0.1943 -0.8409
vn -0.5785 0.3248 -0.7482
vn -0.5786 0.3252 -0.7480
vn -0.5639 0.3925 -0.7266
vn -0.0356 -0.4047 0.9138
vn -0.0380 -0.3378 0.9404
vn -0.0339 -0.4500 0.8924
vn -0.0334 -0.4613 0.8866
vn -0.0340 -0.4455 0.8946
vn -0.0374 -0.3567 0.9335
vn -0.5520 0.4380 -0.7096
vn -0.5786 0.3256 -0.7478
vn 0.0385 -0.8610 -0.5071
vn 0.0724 -0.6650 -0.7433
vn 0.2897 -0.6343 -0.7167
vn -0.8546 0.4820 0.1932
vn -0.5858 0.5384 0.6058
vn 0.1668 -0.5588 -0.8124
vn -0.7217 0.3740 0.5824
vn 0.2430 -0.4711 -0.8479
vn -0.9161 0.2038 0.3453
vn -0.6232 -0.3794 -0.6838
vn 0.4973 0.7608 0.4169
vn 0.9677 0.0991 0.2316
vn 0.9884 -0.1497 -0.0249
vn 0.9494 0.1439 0.2792
vn -0.6023 0.3940 0.6943
vn -0.7939 -0.2911 -0.5339
vn 0.9271 -0.1947 -0.3204
vn 0.9923 -0.0655 -0.1056
vn 0.9493 0.1440 0.2794
vn 0.9884 -0.1497 -0.0250
vn 0.9678 0.0991 0.2315
vn 0.4974 0.7608 0.4169
vn -0.3782 0.4598 0.8035
vn 0.9923 -0.0655 -0.1055
vn 0.9271 -0.1915 -0.3223
vn -0.5746 0.3445 -0.7424
vn -0.5532 0.4336 -0.7114
vn -0.5486 0.4495 -0.7049
vn -0.0356 -0.4045 0.9138
vn -0.0380 -0.3379 0.9404
vn -0.0338 -0.4500 0.8924
vn -0.0340 -0.4456 0.8946
vn -0.0374 -0.3564 0.9336
vn 0.4783 -0.6349 0.6067
vn 0.5157 -0.5480 0.6586
vn 0.5220 -0.5313 0.6673
vn 0.2897 -0.6344 -0.7167
vn 0.9677 0.0992 0.2316
vn 0.9494 0.1439 0.2793
vn 0.9884 -0.1496 -0.0250
vn 0.4706 -0.6506 0.5960
vn 0.4710 -0.6504 0.5960
vn 0.4994 -0.5884 0.6359
vn 0.3541 -0.8566 -0.3753
vn 0.5321 -0.6587 -0.5319
vn 0.6816 -0.6305 -0.3714
vn -0.7782 0.4885 -0.3947
vn -0.8373 0.5385 0.0949
vn 0.6490 -0.5528 -0.5226
vn -0.9267 0.3756 -0.0126
vn 0.7304 -0.4655 -0.4998
vn -0.9234 0.2096 -0.3215
vn -0.0385 -0.3669 -0.9294
vn 0.1144 0.7520 0.6492
vn 0.5927 0.0875 0.8006
vn 0.7730 -0.1592 0.6141
vn 0.5481 0.1320 0.8260
vn -0.9070 0.3935 0.1501
vn -0.2655 -0.2783 -0.9231
vn 0.9159 -0.2007 0.3476
vn 0.8279 -0.0742 0.5559
vn 0.5480 0.1321 0.8260
vn 0.7731 -0.1592 0.6140
vn 0.5928 0.0874 0.8006
vn 0.1144 0.7519 0.6492
vn -0.8054 0.4560 0.3786
vn 0.9171 -0.1975 0.3463
vn 0.5176 -0.5431 0.6612
vn 0.4705 -0.6507 0.5960
vn -0.8825 -0.4681 -0.0455
vn -0.9301 -0.3644 -0.0467
vn -0.8907 -0.4523 -0.0457
vn -0.8884 -0.4568 -0.0457
vn -0.9102 -0.4116 -0.0463
vn -0.9375 -0.3449 -0.0469
vn 0.7299 -0.1375 -0.6696
vn 0.7724 -0.0423 -0.6337
vn 0.7792 -0.0247 -0.6262
vn 0.5146 -0.8573 0.0156
vn 0.5147 -0.8572 0.0156
vn 0.5152 -0.8569 0.0156
vn 0.8718 -0.4733 -0.1262
vn -0.5676 0.2765 0.7755
vn -0.4729 0.2304 0.8505
vn 0.8706 -0.4701 -0.1450
vn -0.2082 0.0817 0.9747
vn 0.8392 -0.4570 -0.2949
vn -0.4390 0.3026 0.8460
vn 0.7782 -0.5769 -0.2479
vn -0.6300 0.4858 0.6059
vn 0.7389 -0.6524 0.1685
vn 0.6412 -0.5640 -0.5203
vn -0.8584 0.4652 -0.2160
vn -0.8162 0.4576 -0.3527
vn -0.7547 0.4271 -0.4981
vn -0.7219 0.4205 -0.5496
vn -0.3257 0.2098 -0.9219
vn 0.8669 -0.4910 0.0862
vn -0.7793 0.4204 0.4646
vn -0.3244 0.2119 -0.9219
vn -0.7219 0.4204 -0.5496
vn -0.7546 0.4271 -0.4981
vn -0.7413 0.6608 -0.1174
vn -0.6109 0.7914 -0.0240
vn 0.5715 0.1000 0.8145
vn 0.8646 -0.4328 -0.2552
vn -0.7414 0.6608 -0.1175
vn -0.6109 0.7914 -0.0239
vn 0.7202 -0.1566 -0.6759
vn 0.7202 -0.1567 -0.6759
vn 0.7539 -0.0865 -0.6513
vn 0.6121 -0.4363 -0.6596
vn 0.6413 -0.3306 -0.6924
vn 0.6172 -0.4202 -0.6653
vn 0.6158 -0.4247 -0.6637
vn 0.6292 -0.3788 -0.6787
vn 0.6457 -0.3112 -0.6973
vn 0.6455 -0.3111 -0.6975
vn 0.7539 -0.0866 -0.6513
vn 0.7744 -0.0373 -0.6315
vn 0.7202 -0.1567 -0.6758
vn -0.3235 -0.8751 0.3599
vn -0.3235 -0.8751 0.3600
vn 0.6374 0.7662 0.0816
vn -0.4693 0.4969 -0.7300
vn 0.0125 0.5617 -0.8273
vn 0.8441 0.0943 0.5279
vn -0.0978 0.3982 -0.9121
vn 0.6791 -0.1618 0.7160
vn -0.4011 0.2238 -0.8883
vn 0.8645 0.1407 0.4825
vn 0.1819 0.4533 -0.8726
vn 0.6235 -0.0798 0.7777
vn -0.0972 0.3691 -0.9243
vn -0.9333 -0.3507 -0.0769
vn -0.7202 -0.5122 0.4680
vn 0.4271 -0.2157 0.8781
vn 0.6236 -0.0797 0.7777
vn -0.4265 -0.4970 0.7557
vn -0.4538 -0.5829 0.6740
vn -0.4698 -0.6861 0.5554
vn -0.2984 -0.6572 0.6921
vn 0.4264 -0.2141 0.8789
vn 0.0494 -0.4441 -0.8946
vn 0.0497 -0.3385 -0.9397
vn 0.0495 -0.4281 -0.9024
vn 0.0494 -0.4326 -0.9002
vn 0.0496 -0.3868 -0.9208
vn 0.0496 -0.3196 -0.9463
vn -0.8339 -0.1760 0.5232
vn -0.8134 -0.0812 0.5760
vn -0.8085 -0.0635 0.5850
vn -0.0079 -0.8707 0.4918
vn -0.0079 -0.8704 0.4923
vn -0.0079 -0.8705 0.4922
vn 0.5331 0.7683 -0.3542
vn -0.8335 0.4864 -0.2623
vn -0.5276 0.5505 -0.6470
vn 0.9850 0.1027 -0.1390
vn -0.6650 0.3858 -0.6395
vn 0.9820 -0.1511 0.1136
vn -0.8803 0.2112 -0.4248
vn 0.9710 0.1484 -0.1872
vn -0.4259 0.4418 -0.7896
vn 0.9783 -0.0684 0.1958
vn -0.6720 0.3565 -0.6490
vn -0.7610 -0.3533 0.5441
vn -0.2460 -0.5070 0.8261
vn 0.8936 -0.2032 0.4002
vn 0.1637 -0.4876 0.8576
vn 0.9710 0.1485 -0.1873
vn 0.0912 -0.5745 0.8134
vn 0.9820 -0.1510 0.1136
vn 0.0037 -0.6793 0.7338
vn 0.9850 0.1026 -0.1389
vn 0.2226 -0.6484 0.7281
vn 0.5332 0.7682 -0.3543
vn 0.8935 -0.2016 0.4012
vn 0.0497 -0.3390 -0.9395
vn 0.0495 -0.4282 -0.9023
vn 0.0496 -0.3869 -0.9208
vn 0.0495 -0.3200 -0.9461
vn -0.8366 -0.1949 0.5120
vn -0.8367 -0.1946 0.5119
vn -0.8241 -0.1251 0.5525
vn -0.0079 -0.8705 0.4921
vn -0.2355 0.6592 -0.7141
vn 0.9876 0.1274 -0.0922
vn 0.7208 0.6204 -0.3091
vn -0.7303 0.5893 -0.3455
vn -0.1932 -0.6554 0.7301
vn -0.4139 -0.6262 0.6607
vn -0.5508 -0.4938 0.6729
vn -0.3996 0.4897 -0.7749
vn -0.5725 -0.4314 0.6973
vn -0.6383 0.3650 -0.6778
vn -0.8957 -0.2541 0.3650
vn 0.3439 0.4837 -0.8048
vn 0.9959 -0.0840 0.0326
vn 0.9823 0.1219 -0.1421
vn -0.1919 0.4967 -0.8464
vn 0.7948 -0.2863 0.5352
vn 0.9424 -0.1367 0.3052
vn -0.7056 -0.3874 0.5934
vn 0.7948 -0.2869 0.5348
vn 0.9424 -0.1362 0.3055
vn 0.9823 0.1219 -0.1420
vn 0.9959 -0.0840 0.0325
vn 0.7208 0.6204 -0.3092
vn -0.8120 -0.0760 0.5786
vn -0.8370 -0.1944 0.5115
vn 0.3439 0.4844 -0.8044
vn 0.9823 0.1238 -0.1408
vn -0.6384 0.3663 -0.6770
vn -0.5327 -0.4560 -0.7129
vn -0.5624 -0.3514 -0.7485
vn -0.5378 -0.4401 -0.7191
vn -0.5364 -0.4446 -0.7174
vn -0.5500 -0.3989 -0.7338
vn -0.5670 -0.3322 -0.7538
vn -0.5670 -0.3321 -0.7538
vn -0.5487 0.4494 -0.7050
vn -0.5532 0.4336 -0.7113
vn 0.3185 -0.8640 0.3899
vn 0.3185 -0.8639 0.3902
vn -0.1169 -0.9156 0.3847
vn 0.0225 -0.9236 0.3826
vn -0.0060 -0.9090 0.4168
vn -0.0617 -0.9048 0.4213
vn -0.0783 -0.9968 -0.0150
vn -0.0192 -0.9278 0.3725
vn 0.0331 -0.8927 0.4495
vn -0.0481 -0.9497 0.3095
vn 0.0679 -0.9262 0.3709
vn 0.0950 -0.8993 -0.4269
vn -0.0550 -0.8944 -0.4439
vn 0.1235 -0.8931 -0.4326
vn 0.0213 -0.9146 -0.4039
vn -0.1026 -0.9093 -0.4033
vn 0.1390 -0.9057 -0.4005
vn 0.0825 -0.8842 -0.4597
vn 0.0178 -0.9998 -0.0121
vn 0.0134 -0.9125 0.4088
vn -0.2470 -0.8890 0.3856
vn 0.0841 -0.9106 0.4047
vn -0.0710 -0.9062 0.4168
vn 0.1147 -0.9934 -0.0058
vn -0.0450 -0.9016 0.4303
vn 0.0178 -0.9998 -0.0122
vn 0.0404 -0.8930 0.4482
vn 0.0666 -0.9021 0.4264
vn 0.0951 -0.9136 0.3953
vn 0.0904 -0.9463 0.3106
vn 0.0375 -0.9728 0.2284
vn 0.0055 -0.9324 0.3613
vn 0.0012 -0.9465 0.3226
vn 0.0038 -0.9561 0.2932
vn 0.0408 -0.9630 0.2663
vn -0.0104 -0.9234 0.3838
vn -0.1118 -0.9285 0.3541
vn -0.0313 -0.9734 0.2270
vn -0.0105 -0.9633 0.2682
vn -0.0399 -0.9221 0.3850
vn -0.0178 -0.9189 0.3941
vn -0.0115 -0.9506 0.3103
vn 0.0028 -0.9994 0.0358
vn 0.0333 -0.9990 -0.0296
vn -0.0008 -0.9212 0.3892
vn 0.0383 -0.9969 0.0686
vn 0.5450 -0.8363 -0.0601
vn 0.4656 -0.8841 -0.0404
vn 0.4079 -0.9130 0.0054
vn 0.1631 -0.9866 -0.0055
vn 0.3003 -0.9536 -0.0223
vn 0.3755 -0.9223 0.0920
vn 0.3581 -0.9024 0.2398
vn 0.0580 -0.9422 0.3298
vn 0.2306 -0.9144 0.3326
vn -0.0261 -0.9751 0.2201
vn -0.0471 -0.9248 0.3774
vn 0.0051 -1.0000 -0.0008
vn -0.0265 -0.9366 0.3494
vn 0.0233 -0.9984 -0.0516
vn 0.0116 -0.9511 0.3088
vn 0.0660 -0.9245 0.3755
vn 0.0428 -0.9175 0.3955
vn -0.0282 -0.8971 0.4408
vn -0.0205 -0.9092 0.4159
vn 0.5600 -0.8277 -0.0353
vn 0.4566 -0.8888 0.0406
vn 0.1215 -0.9415 0.3143
vn -0.1064 -0.8884 0.4466
vn -0.0518 -0.9065 0.4189
vn 0.5177 -0.8551 0.0262
vn 0.5179 -0.8554 -0.0088
vn 0.4754 -0.8797 0.0072
vn 0.4707 -0.8822 0.0133
vn 0.4355 -0.9002 -0.0060
vn 0.0892 -0.9358 -0.3412
vn 0.2613 -0.9080 -0.3274
vn -0.0047 -0.9707 -0.2404
vn 0.3796 -0.8979 -0.2229
vn 0.3832 -0.9206 -0.0745
vn 0.2978 -0.9541 0.0316
vn 0.4606 -0.8851 0.0663
vn 0.1628 -0.9867 0.0015
vn 0.4074 -0.9131 0.0148
vn 0.2209 -0.9753 -0.0027
vn 0.3250 -0.9457 0.0060
vn 0.3250 -0.9457 0.0059
vn 0.4338 -0.9005 0.0290
vn 0.4694 -0.8819 0.0438
vn 0.4706 -0.8821 0.0187
vn 0.2206 -0.9754 0.0043
vn -0.0516 -0.8886 -0.4557
vn -0.0111 -0.9173 -0.3979
vn 0.0068 -0.9297 -0.3684
vn 0.1472 -0.9386 -0.3120
vn 0.0764 -0.9108 -0.4057
vn 0.1295 -0.8992 -0.4180
vn 0.0109 -0.8934 -0.4492
vn 0.0712 -0.9065 -0.4161
vn 0.0832 -0.9177 -0.3884
vn 0.0414 -0.9449 -0.3246
vn -0.0124 -0.9007 -0.4343
vn 0.3997 -0.9133 -0.0779
vn 0.5420 -0.8338 0.1049
vn 0.4713 -0.8819 0.0151
vn 0.4592 -0.8881 -0.0185
vn 0.5800 -0.8069 0.1121
vn 0.4955 -0.8680 -0.0339
vn 0.1147 -0.9934 -0.0059
vn 0.5060 -0.8623 0.0170
vn -0.0325 -0.9035 -0.4274
vn 0.0535 -0.9165 -0.3965
vn 0.0103 -0.8868 -0.4621
vn -0.0583 -0.8992 -0.4336
vn -0.0613 -0.9148 -0.3992
vn 0.0073 -0.9341 -0.3568
vn 0.0336 -0.9961 -0.0815
vn 0.0196 -0.9992 0.0344
vn 0.0059 -0.9998 -0.0180
vn 0.0289 -0.9646 -0.2621
vn 0.0070 -0.9985 -0.0547
vn 0.0319 -0.9406 -0.3379
vn 0.0317 -0.9411 -0.3365
vn 0.0481 -0.9477 -0.3156
vn 0.0311 -0.9563 -0.2908
vn 0.0319 -0.9402 -0.3392
vn -0.0286 -0.9465 -0.3214
vn 0.0397 -0.9253 -0.3771
vn 0.1029 -0.9189 -0.3808
vn 0.0594 -0.9683 -0.2427
vn 0.1196 -0.9402 -0.3190
vn 0.0313 -0.9994 0.0133
vn 0.0662 -0.9577 -0.2799
vn -0.0093 -0.9490 -0.3151
vn -0.0217 -0.9152 -0.4025
vn 0.0065 -0.9196 -0.3929
vn 0.0905 -0.8750 -0.4756
vn 0.1399 -0.8642 -0.4832
vn -0.5296 -0.8481 0.0182
vn -0.4417 -0.8962 -0.0420
vn -0.5601 -0.8246 0.0801
vn -0.5383 -0.8425 0.0199
vn 0.0879 -0.8968 -0.4337
vn 0.1620 -0.8762 -0.4540
vn 0.0640 -0.9185 -0.3902
vn 0.0879 -0.9217 -0.3777
vn -0.3327 -0.9430 0.0114
vn -0.4059 -0.9135 -0.0277
vn -0.5459 -0.8372 -0.0335
vn -0.5459 -0.8372 -0.0334
vn -0.3294 -0.9423 -0.0604
vn -0.4283 -0.9032 -0.0286
vn -0.4347 -0.8959 -0.0918
vn -0.5000 -0.8630 -0.0721
vn -0.4498 -0.8931 -0.0094
vn -0.4599 -0.8878 0.0142
vn -0.4532 -0.8911 0.0226
vn -0.3391 -0.9320 -0.1284
vn -0.0564 -0.9409 -0.3340
vn 0.0394 -0.9356 -0.3509
vn -0.4283 -0.9032 -0.0287
vn -0.4407 -0.8970 0.0338
vn -0.3462 -0.9381 -0.0127
vn -0.5768 -0.8156 -0.0456
vn -0.5774 -0.8156 -0.0376
vn -0.3752 -0.9267 -0.0211
vn -0.5982 -0.8006 -0.0348
vn -0.6234 -0.7811 -0.0342
vn -0.5175 -0.8442 -0.1395
vn -0.2286 -0.8996 -0.3721
vn -0.4934 -0.8693 -0.0314
vn -0.5037 -0.8638 0.0089
vn -0.4933 -0.8693 -0.0313
vn -0.4478 -0.8928 -0.0496
vn -0.3450 -0.9379 -0.0375
vn -0.4559 -0.8870 -0.0739
vn -0.3748 -0.9266 -0.0316
vn -0.4455 -0.8916 -0.0816
vn -0.5363 -0.8336 -0.1324
vn -0.4385 -0.8985 -0.0186
vn -0.4963 -0.8668 -0.0484
vn 0.0404 -0.8953 0.4437
vn -0.5247 -0.8481 -0.0741
vn 0.0160 -0.9267 0.3754
vn 0.0878 -0.8960 0.4352
vn 0.0497 -0.9065 0.4192
vn -0.3431 -0.9361 0.0770
vn 0.0113 -0.9512 0.3084
vn 0.0533 -0.9289 0.3664
vn -0.0828 -0.9474 0.3092
vn 0.0012 -0.9469 0.3215
vn 0.0012 -0.9475 0.3198
vn 0.0075 -0.9422 0.3349
vn -0.2355 -0.8967 0.3748
vn -0.5236 -0.8467 0.0941
vn -0.6223 -0.7815 -0.0448
vn -0.5929 -0.8043 -0.0389
vn -0.5777 -0.8156 -0.0318
vn -0.5779 -0.8158 -0.0239
vn -0.5639 0.3924 -0.7266
vn -0.5487 0.4494 -0.7049
vn -0.0272 -0.0035 0.9996
vn -0.0147 -0.0122 0.9998
vn 0.0017 -0.0066 1.0000
vn -0.0478 -0.0153 0.9987
vn -0.0612 -0.0197 0.9979
vn -0.0653 -0.0285 0.9975
vn -0.0585 -0.0222 0.9980
vn -0.0309 -0.0104 0.9995
vn -0.0438 0.1441 0.9886
vn -0.0417 0.1520 0.9875
vn -0.0630 0.0122 0.9979
vn -0.0410 0.0445 0.9982
vn -0.0476 0.1368 0.9895
vn -0.0518 0.0360 0.9980
vn -0.0720 0.0826 0.9940
vn -0.0437 0.0013 0.9990
vn 0.0180 0.0064 0.9998
vn -0.0345 0.0936 0.9950
vn 0.0141 0.0530 0.9985
vn 0.0049 0.0001 1.0000
vn -0.0884 -0.0015 0.9961
vn -0.0290 -0.0053 0.9996
vn -0.0668 -0.0377 0.9971
vn -0.0683 0.0355 0.9970
vn -0.0611 -0.0597 0.9963
vn -0.0486 0.0266 0.9985
vn -0.0249 -0.0653 0.9976
vn -0.0218 0.0122 0.9997
vn 0.0081 -0.0286 0.9996
vn 0.0047 0.0008 1.0000
vn 0.0505 0.0482 0.9976
vn -0.0347 0.5086 0.8603
vn -0.0442 -0.0616 0.9971
vn -0.0253 0.0883 0.9958
vn -0.0459 -0.1197 0.9918
vn -0.0374 -0.0839 0.9958
vn -0.0062 -0.0909 0.9958
vn 0.0219 -0.0074 0.9997
vn -0.0760 -0.0174 0.9970
vn -0.0493 0.0067 0.9988
vn -0.0326 0.4760 0.8788
vn -0.0425 0.5383 0.8417
vn -0.0299 0.5747 0.8178
vn -0.0492 0.5556 0.8300
vn -0.0438 0.5311 0.8461
vn -0.0904 0.3200 0.9431
vn -0.1458 0.0075 0.9893
vn 0.0126 -0.0325 0.9994
vn 0.0622 -0.0077 0.9980
vn -0.0486 0.4476 0.8929
vn -0.0262 0.0113 0.9996
vn -0.0499 0.2873 0.9565
vn 0.0241 0.1166 0.9929
vn -0.0471 0.3328 0.9418
vn -0.0485 -0.0686 0.9965
vn -0.0581 0.3965 0.9162
vn -0.0607 -0.1161 0.9914
vn -0.0579 0.1885 0.9804
vn -0.3557 0.0390 0.9338
vn -0.2665 0.0335 0.9632
vn -0.0362 0.0485 0.9982
vn -0.0268 0.2067 0.9780
vn -0.0494 -0.0773 0.9958
vn -0.0750 0.3657 0.9277
vn -0.0684 -0.0995 0.9927
vn -0.0627 0.2180 0.9739
vn -0.0485 -0.0808 0.9955
vn 0.0237 -0.0215 0.9995
vn -0.0739 -0.0327 0.9967
vn -0.0699 -0.0482 0.9964
vn -0.0316 -0.0557 0.9979
vn -0.0885 -0.0220 0.9958
vn -0.0686 -0.0413 0.9968
vn -0.0439 0.0163 0.9989
vn -0.0114 0.0195 0.9997
vn -0.0601 0.0328 0.9977
vn -0.0692 0.0254 0.9973
vn -0.0449 -0.0079 0.9990
vn -0.0393 -0.0305 0.9988
vn -0.0226 0.0021 0.9997
vn -0.0325 -0.0019 0.9995
vn -0.1014 -0.0002 0.9948
vn -0.0595 0.0086 0.9982
vn -0.0721 0.0661 0.9952
vn -0.0526 0.0657 0.9965
vn -0.0477 0.1038 0.9935
vn -0.0415 0.0737 0.9964
vn -0.0438 0.0997 0.9941
vn -0.0456 0.0023 0.9990
vn 0.0177 0.0068 0.9998
vn -0.0365 0.0634 0.9973
vn -0.0331 0.0659 0.9973
vn -0.0692 0.0072 0.9976
vn -0.0477 0.0174 0.9987
vn -0.0471 0.0314 0.9984
vn -0.0755 0.0385 0.9964
vn -0.0304 -0.0119 0.9995
vn -0.0807 -0.0063 0.9967
vn -0.0385 -0.0027 0.9993
vn -0.0596 0.0536 0.9968
vn -0.0494 0.0314 0.9983
vn -0.0463 0.0813 0.9956
vn -0.0410 0.0406 0.9983
vn -0.0451 0.0744 0.9962
vn -0.0507 0.3104 0.9493
vn -0.0401 0.3148 0.9483
vn -0.0493 0.1913 0.9803
vn -0.0530 0.2740 0.9603
vn -0.0497 0.2957 0.9540
vn -0.0527 0.3237 0.9447
vn -0.1908 0.2531 0.9484
vn -0.2719 0.0252 0.9620
vn -0.2870 -0.0125 0.9579
vn -0.2475 -0.0073 0.9689
vn -0.0536 0.5960 0.8012
vn -0.0475 0.5970 0.8008
vn -0.0475 0.5986 0.7996
vn -0.0446 0.6001 0.7987
vn -0.0116 0.4236 0.9058
vn -0.0259 0.2821 0.9590
vn -0.0495 0.2817 0.9582
vn -0.0287 -0.0040 0.9996
vn -0.0202 -0.0122 0.9997
vn -0.0073 -0.0067 1.0000
vn -0.0478 -0.0149 0.9987
vn -0.0614 -0.0195 0.9979
vn -0.0659 -0.0287 0.9974
vn -0.0595 -0.0222 0.9980
vn -0.0293 -0.0101 0.9995
vn -0.6802 -0.6936 0.2371
vn -0.5290 -0.7113 0.4628
vn -0.2354 -0.8967 0.3748
vn -0.5236 -0.8467 0.0942
vn -0.8601 -0.0197 0.5097
vn -0.8601 -0.0197 0.5098
vn -0.8602 -0.0197 0.5096
vn -0.8602 -0.0196 0.5096
vn -0.8602 -0.0196 0.5095
vn -0.7788 -0.6259 -0.0422
vn -0.7798 -0.6258 -0.0154
vn -0.7787 -0.6259 -0.0422
vn -0.7785 -0.6262 -0.0422
vn -0.7772 -0.6255 -0.0690
vn -0.7755 -0.6244 -0.0931
vn 0.2879 0.8677 0.4053
vn -0.0165 -0.7693 0.6387
vn -0.0165 -0.7693 0.6386
vn 0.8686 -0.4934 0.0459
vn 0.8781 -0.4731 0.0723
vn 0.8773 -0.4742 0.0739
vn 0.8660 -0.4986 0.0387
vn 0.8649 -0.5006 0.0353
vn 0.8650 -0.5006 0.0353
vn 0.8663 -0.4985 0.0321
vn 0.8695 -0.4932 0.0253
vn 0.8808 -0.4735 -0.0014
vn 0.8815 -0.4721 0.0001
vn 0.2880 0.8677 0.4052
vn 0.0373 -0.5608 0.8271
vn -0.0180 -0.5497 0.8352
vn 0.0057 -0.5490 0.8358
vn 0.0308 -0.5479 0.8360
vn -0.0225 -0.5969 0.8020
vn -0.0239 -0.6041 0.7966
vn -0.0267 -0.6046 0.7961
vn -0.0267 -0.6047 0.7960
vn -0.0319 -0.5960 0.8024
vn -0.0397 -0.5833 0.8113
vn -0.0521 -0.5622 0.8254
vn -0.0556 -0.5384 0.8408
vn -0.1583 -0.4813 0.8621
vn -0.1641 -0.4849 0.8590
vn -0.0371 -0.5470 0.8363
vn -0.0294 -0.5500 0.8346
vn -0.0294 -0.5499 0.8347
vn -0.0296 -0.5499 0.8347
vn -0.0298 -0.5499 0.8347
vn -0.0287 -0.5500 0.8347
vn -0.0286 -0.5499 0.8347
vn -0.0296 -0.5500 0.8347
vn -0.0297 -0.5496 0.8349
vn 0.4995 -0.5884 0.6358
vn 0.5019 -0.7212 0.4775
vn 0.4545 -0.7507 0.4796
vn 0.3581 -0.9023 0.2398
vn 0.2307 -0.9144 0.3326
vn 0.0173 -0.9998 -0.0089
vn 0.0176 -0.9998 -0.0085
vn 0.0180 -0.9998 -0.0088
vn 0.0177 -0.9998 -0.0092
vn 0.0177 -0.9998 -0.0088
vn 0.0177 -0.9998 -0.0089
vn 0.0176 -0.9998 -0.0089
vn 0.5220 -0.5313 0.6672
vn 0.5177 -0.5429 0.6612
vn -0.0282 -0.0037 0.9996
vn -0.0185 -0.0123 0.9998
vn -0.0046 -0.0066 1.0000
vn -0.0478 -0.0150 0.9987
vn -0.0615 -0.0195 0.9979
vn -0.0665 -0.0289 0.9974
vn -0.0604 -0.0222 0.9979
vn -0.0287 -0.0101 0.9995
vn 0.0340 -0.0531 -0.9980
vn 0.0704 -0.0059 -0.9975
vn 0.0553 -0.0235 -0.9982
vn 0.0438 -0.0438 -0.9981
vn 0.0543 -0.0426 -0.9976
vn 0.0613 -0.0399 -0.9973
vn 0.0538 -0.0094 -0.9985
vn 0.0419 0.0020 -0.9991
vn 0.0465 0.0192 -0.9987
vn 0.0625 0.0324 -0.9975
vn 0.0541 0.0562 -0.9970
vn 0.0320 0.0450 -0.9985
vn 0.0269 0.0440 -0.9987
vn 0.0375 0.0375 -0.9986
vn 0.0680 0.0185 -0.9975
vn 0.0792 0.0108 -0.9968
vn 0.0336 -0.0535 -0.9980
vn 0.0707 -0.0055 -0.9975
vn 0.0556 -0.0228 -0.9982
vn 0.0540 -0.0425 -0.9976
vn 0.0603 -0.0386 -0.9974
vn 0.0536 -0.0102 -0.9985
vn 0.0420 0.0018 -0.9991
vn 0.0465 0.0193 -0.9987
vn 0.0613 0.0325 -0.9976
vn 0.0535 0.0546 -0.9971
vn 0.0324 0.0450 -0.9985
vn 0.0267 0.0440 -0.9987
vn 0.0372 0.0374 -0.9986
vn 0.0687 0.0179 -0.9975
vn 0.0796 0.0105 -0.9968
vn 0.0333 -0.0537 -0.9980
vn 0.0709 -0.0052 -0.9975
vn 0.0558 -0.0223 -0.9982
vn 0.0437 -0.0437 -0.9981
vn 0.0541 -0.0426 -0.9976
vn 0.0604 -0.0389 -0.9974
vn 0.0535 -0.0099 -0.9985
vn 0.0617 0.0325 -0.9976
vn 0.0536 0.0551 -0.9970
vn 0.0323 0.0450 -0.9985
vn 0.0266 0.0440 -0.9987
vn 0.0370 0.0374 -0.9986
vn 0.0693 0.0173 -0.9974
vn 0.0799 0.0104 -0.9967
vn -0.6459 0.6492 -0.4018
vn 0.6961 0.1277 -0.7065
vn 0.3475 0.6173 -0.7058
vn -0.7874 0.5834 0.1992
vn 0.3276 -0.6458 0.6896
vn 0.1136 -0.6180 0.7780
vn 0.0153 -0.4856 0.8741
vn -0.8089 0.4786 -0.3414
vn 0.0138 -0.4229 0.9061
vn -0.9282 0.3548 -0.1124
vn -0.4491 -0.2506 0.8576
vn -0.2586 0.4734 -0.8420
vn 0.7848 -0.0820 -0.6143
vn 0.6601 0.1215 -0.7413
vn -0.6959 0.4850 -0.5297
vn 0.9556 -0.2778 -0.0981
vn 0.9195 -0.1311 -0.3706
vn -0.1554 -0.3805 0.9116
vn 0.9554 -0.2785 -0.0984
vn 0.9196 -0.1307 -0.3704
vn 0.7847 -0.0820 -0.6144
vn 0.3474 0.6173 -0.7059
vn 0.7744 -0.0373 -0.6316
vn 0.7793 -0.0247 -0.6262
vn -0.2583 0.4741 -0.8417
vn 0.9196 -0.1306 -0.3704
vn 0.6608 0.1234 -0.7403
vn -0.9277 0.3562 -0.1117
vn 0.0465 0.0097 -0.9989
vn 0.0466 0.0097 -0.9989
vn -0.0462 -0.0097 0.9989
vn -0.0465 -0.0097 0.9989
vn 0.9988 0.0172 0.0465
vn 0.9988 0.0172 0.0466
vn 0.9988 0.0176 0.0466
vn -0.9988 -0.0172 -0.0466
vn -0.9988 -0.0172 -0.0462
vn -0.9988 -0.0173 -0.0466
vn -0.0172 0.9998 0.0088
vn -0.0174 0.9998 0.0087
vn -0.0175 0.9998 0.0086
vn 0.0464 0.0097 -0.9989
vn 0.0174 -0.9998 -0.0087
vn 0.0172 -0.9998 -0.0089
vn -0.0464 -0.0097 0.9989
vn 0.9988 0.0173 0.0466
vn -0.9988 -0.0172 -0.0465
vn -0.9988 -0.0172 -0.0469
vn -0.9987 0.0121 -0.0486
vn -0.9595 0.2773 -0.0490
vn -0.9624 0.2682 -0.0421
vn -0.9970 0.0717 -0.0282
vn -0.9727 0.2293 -0.0368
vn -0.9972 -0.0678 -0.0329
vn -0.8596 0.5102 -0.0265
vn -0.9189 0.3925 0.0386
vn -0.8472 0.5274 -0.0644
vn -0.9930 -0.0841 -0.0826
vn -0.9790 0.1519 -0.1361
vn -0.9967 -0.0660 -0.0475
vn -0.9961 -0.0793 -0.0383
vn -0.9996 -0.0292 -0.0024
vn -0.9999 -0.0140 -0.0091
vn -0.9989 0.0477 0.0010
vn -0.9991 -0.0234 -0.0356
vn -0.9742 -0.2208 -0.0461
vn -0.9907 -0.1277 -0.0473
vn -0.9990 0.0120 -0.0440
vn -0.9602 0.2772 -0.0348
vn -0.9954 0.0720 -0.0630
vn -0.9973 -0.0212 -0.0709
vn -0.9875 -0.1506 -0.0473
vn -0.9741 -0.2208 -0.0487
vn -0.9981 -0.0232 -0.0576
vn -0.9945 0.0486 -0.0927
vn -0.9964 -0.0132 -0.0839
vn -0.9955 -0.0284 -0.0909
vn -0.9953 -0.0791 -0.0557
vn -0.9967 -0.0660 -0.0464
vn -0.9966 -0.0816 -0.0121
vn -0.9979 -0.0182 0.0623
vn -0.9004 0.4348 0.0179
vn -0.7835 0.6212 -0.0179
vn -0.9958 -0.0676 -0.0610
vn -0.8589 0.5103 -0.0435
vn -0.9117 0.3940 -0.1160
vn -0.9782 -0.1336 -0.1592
vn -0.9725 0.1429 -0.1841
vn -0.9924 -0.0862 -0.0879
vn -0.9980 -0.0454 -0.0432
vn -0.9895 -0.0202 0.1432
vn -0.9901 -0.0144 0.1395
vn -0.9995 -0.0252 -0.0191
vn -0.9974 0.0698 0.0201
vn -0.9943 0.1012 -0.0336
vn -0.9992 -0.0311 -0.0249
vn -0.9953 -0.0865 -0.0437
vn -0.9995 0.0082 0.0308
vn -0.9721 0.2294 -0.0491
vn -0.9390 0.3422 -0.0338
vn -0.9857 0.1662 -0.0267
vn 0.7724 -0.0424 -0.6337
vn -0.7981 -0.6010 -0.0429
vn -0.6795 -0.6945 0.2365
vn -0.5237 -0.8467 0.0941
vn -0.7571 -0.6518 -0.0455
vn -0.7408 -0.6705 -0.0399
vn -0.7764 -0.6292 -0.0360
vn -0.5778 -0.8158 -0.0238
vn -0.8369 -0.5456 -0.0442
vn -0.5458 -0.8372 -0.0335
vn -0.8369 -0.5456 -0.0441
vn -0.5458 -0.8372 -0.0334
vn -0.5768 -0.8156 -0.0455
vn -0.7758 -0.6291 -0.0482
vn -0.7407 -0.6705 -0.0419
vn -0.7410 -0.6703 -0.0409
vn -0.7409 -0.6704 -0.0409
vn -0.5176 -0.8442 -0.1395
vn -0.6202 -0.7393 -0.2623
vn -0.8120 -0.0761 0.5787
vn -0.8241 -0.1251 0.5524
vn -0.6113 0.1845 -0.7696
vn -0.6671 0.2853 -0.6882
vn -0.5523 0.0518 -0.8321
vn -0.5303 0.0106 -0.8477
vn -0.5316 0.0026 -0.8470
vn -0.5333 0.0012 -0.8459
vn -0.5335 0.0012 -0.8458
vn -0.5353 0.0029 -0.8446
vn -0.5373 0.0144 -0.8432
vn -0.5398 0.0151 -0.8417
vn -0.5418 0.0466 -0.8392
vn -0.5413 0.0475 -0.8395
vn -0.8092 -0.0090 -0.5874
vn -0.8093 -0.0089 -0.5874
vn -0.8093 -0.0091 -0.5874
vn -0.8092 -0.0091 -0.5875
vn -0.8091 -0.0091 -0.5876
vn -0.8094 -0.0091 -0.5872
vn -0.8085 -0.0634 0.5850
vn -0.8134 -0.0812 0.5759
vn -0.8121 -0.0760 0.5786
vn -0.8245 -0.0098 -0.5657
vn -0.8243 -0.0100 -0.5661
vn -0.8245 -0.0099 -0.5658
vn -0.8246 -0.0098 -0.5657
vn -0.8247 -0.0096 -0.5655
vn -0.8248 -0.0096 -0.5654
vn -0.8249 -0.0096 -0.5652
vn -0.8250 -0.0097 -0.5651
vn -0.8794 0.4670 -0.0926
vn -0.8793 0.4671 -0.0934
vn -0.8603 0.5086 -0.0350
vn -0.8606 0.5080 -0.0351
vn -0.8846 0.4659 0.0197
vn -0.8607 0.5080 -0.0351
vn -0.8602 0.5087 -0.0350
vn -0.8846 0.4660 0.0204
vn -0.8738 -0.0198 0.4859
vn -0.8736 -0.0197 0.4863
vn -0.8737 -0.0197 0.4860
vn -0.8736 -0.0197 0.4862
vn -0.8735 -0.0199 0.4865
vn -0.8734 -0.0200 0.4865
vn -0.8734 -0.0201 0.4866
vn -0.8732 -0.0201 0.4870
vn 0.4759 -0.6398 0.6035
vn 0.0431 -0.5804 -0.8132
vn 0.0251 -0.5461 -0.8374
vn 0.0362 -0.5674 -0.8226
vn 0.0478 -0.5891 -0.8067
vn 0.0478 -0.5891 -0.8066
vn 0.0478 -0.5892 -0.8066
vn 0.0506 -0.5886 -0.8069
vn 0.0525 -0.5813 -0.8120
vn 0.1143 -0.5447 -0.8308
vn 0.1086 -0.5317 -0.8399
vn 0.0836 -0.5328 -0.8421
vn 0.0600 -0.5335 -0.8437
vn 0.0486 -0.5333 -0.8445
vn 0.0486 -0.5337 -0.8443
vn 0.0486 -0.5337 -0.8442
vn 0.0486 -0.5340 -0.8441
vn 0.0486 -0.5338 -0.8442
vn 0.0411 -0.5307 -0.8466
vn 0.0231 -0.5220 -0.8526
vn -0.0830 -0.4679 -0.8799
vn -0.0773 -0.4645 -0.8822
vn -0.8892 -0.1038 0.4456
vn 0.4158 0.6748 0.6097
vn 0.2324 0.6434 0.7294
vn 0.0324 -0.0029 -0.9995
vn 0.0641 0.0092 -0.9979
vn 0.0263 -0.0096 -0.9996
vn 0.0313 -0.0002 -0.9995
vn 0.0450 0.0043 -0.9990
vn 0.0646 0.0156 -0.9978
vn 0.0882 0.0127 -0.9960
vn 0.0744 0.0070 -0.9972
vn 0.2323 0.6434 0.7294
vn -0.6415 -0.7671 0.0074
vn -0.8892 -0.1039 0.4455
vn -0.0393 -0.0064 0.9992
vn -0.3630 -0.0186 0.9316
vn -0.2919 0.0312 0.9559
vn -0.0663 -0.0376 0.9971
vn -0.2888 -0.0191 0.9572
vn -0.1116 -0.0753 0.9909
vn -0.0431 -0.0418 0.9982
vn -0.0115 0.2127 0.9771
vn -0.0494 0.2603 0.9643
vn -0.0536 0.1735 0.9834
vn -0.0611 -0.0099 0.9981
vn -0.0268 -0.0237 0.9994
vn -0.0204 0.0027 0.9998
vn -0.0359 0.0616 0.9975
vn -0.0396 0.0243 0.9989
vn -0.0476 0.0712 0.9963
vn 0.0647 -0.5455 -0.8356
vn -0.8892 -0.1038 0.4455
vn -0.6415 -0.7671 0.0073
vn -0.9950 -0.0865 -0.0505
vn -0.9977 -0.0454 -0.0504
vn -0.9969 -0.0246 -0.0741
vn -0.9886 -0.1358 0.0652
vn -0.9962 -0.0869 -0.0062
vn -0.9855 0.1402 0.0959
vn -0.9972 -0.0306 -0.0684
vn -0.9932 0.1015 -0.0568
vn -0.9384 0.3424 -0.0468
vn -0.9913 0.0711 -0.1111
vn -0.9841 0.1665 -0.0616
vn -0.9923 0.0097 -0.1232
vn -0.9729 -0.0108 -0.2309
vn -0.9719 -0.0166 -0.2346
vn 0.5353 -0.4832 -0.6928
vn -0.6173 0.0310 0.7861
vn -0.6168 0.0316 0.7865
vn -0.6132 -0.0014 0.7899
vn -0.6155 -0.0006 0.7882
vn -0.6112 -0.0128 0.7913
vn -0.6096 -0.0146 0.7925
vn -0.6094 -0.0147 0.7927
vn -0.6078 -0.0132 0.7940
vn -0.6066 -0.0053 0.7950
vn -0.6271 0.0363 0.7781
vn -0.6802 0.1702 0.7130
vn -0.7281 0.2730 0.6288
vn 0.4157 0.6748 0.6098
vn 0.0647 -0.5456 -0.8355
vn 0.5354 -0.4831 -0.6928
vn -0.5961 -0.4692 0.6515
vn -0.6018 -0.4534 0.6575
vn -0.6290 -0.3652 0.6862
vn -0.6002 -0.4579 0.6559
vn -0.6152 -0.4128 0.6717
vn -0.6341 -0.3462 0.6914
vn -0.6341 -0.3462 0.6915
vn 0.2325 0.6434 0.7294
vn 0.4157 0.6749 0.6097
vn 0.7163 0.0505 0.6960
vn 0.7082 0.0679 0.7027
vn 0.6591 0.1617 0.7344
vn 0.7106 0.0628 0.7008
vn 0.6866 0.1115 0.7185
vn 0.6483 0.1806 0.7396
vn 0.6484 0.1803 0.7397
vn -0.7427 0.1485 0.6530
vn 0.3888 0.5693 0.7244
vn -0.7523 0.0367 -0.6578
vn -0.7586 0.0541 -0.6493
vn -0.7872 0.1479 -0.5987
vn -0.7568 0.0489 -0.6518
vn -0.7729 0.0976 -0.6269
vn -0.7918 0.1666 -0.5877
vn -0.7918 0.1661 -0.5877
vn -0.8892 -0.1037 0.4455
vn 0.5632 0.5500 -0.6166
vn 0.5556 0.5665 -0.6086
vn 0.5105 0.6520 -0.5606
vn 0.5580 0.5615 -0.6111
vn 0.5358 0.6064 -0.5875
vn 0.5012 0.6672 -0.5510
vn 0.5013 0.6674 -0.5508
vn 0.1823 -0.3806 -0.9066
vn -0.7427 0.1485 0.6529
vn 0.0497 -0.0225 -0.9985
vn 0.0323 0.0094 -0.9994
vn 0.0659 -0.0044 -0.9978
vn 0.0377 0.1925 -0.9806
vn 0.0399 0.2785 -0.9596
vn 0.0790 0.2315 -0.9696
vn -0.0192 -0.0560 -0.9982
vn 0.0265 -0.0183 -0.9995
vn -0.1988 -0.0004 -0.9800
vn -0.2751 -0.0002 -0.9614
vn 0.0535 0.0129 -0.9985
vn -0.2020 0.0500 -0.9781
vn 0.0567 0.0808 -0.9951
vn 0.0449 0.0904 -0.9949
vn 0.0532 0.0436 -0.9976
vn 0.0464 0.0096 -0.9989
vn 0.0724 0.0220 -0.9971
vn 0.0333 -0.0029 -0.9994
vn 0.0635 0.0092 -0.9979
vn 0.0269 -0.0094 -0.9996
vn 0.0314 -0.0002 -0.9995
vn 0.0450 0.0044 -0.9990
vn 0.0641 0.0156 -0.9978
vn 0.0854 0.0126 -0.9963
vn 0.0727 0.0067 -0.9973
vn 0.0343 -0.0029 -0.9994
vn 0.0619 0.0089 -0.9980
vn 0.0275 -0.0092 -0.9996
vn 0.0316 -0.0004 -0.9995
vn 0.0450 0.0040 -0.9990
vn 0.0656 0.0158 -0.9977
vn 0.0944 0.0127 -0.9955
vn 0.0784 0.0070 -0.9969
vn 0.6563 0.1934 0.7293
vn 0.6562 0.1938 0.7292
vn 0.6704 0.0421 0.7408
vn 0.6708 0.0405 0.7406
vn 0.6717 0.0090 0.7408
vn 0.6716 0.0080 0.7409
vn 0.6716 0.0079 0.7409
vn 0.6715 0.0094 0.7410
vn 0.6713 0.0162 0.7410
vn 0.6710 0.0223 0.7411
vn 0.6701 0.0454 0.7408
vn 0.6700 0.0455 0.7409
vn 0.0647 -0.5456 -0.8356
vn 0.1823 -0.3805 -0.9066
vn -0.0603 -0.0408 0.9973
vn -0.0496 -0.0308 0.9983
vn -0.0551 -0.0285 0.9981
vn -0.0391 -0.0296 0.9988
vn -0.0325 -0.0256 0.9991
vn -0.0230 -0.0168 0.9996
vn -0.0294 -0.0133 0.9995
vn -0.0250 -0.0045 0.9997
vn -0.0164 0.0018 0.9999
vn -0.0386 0.0093 0.9992
vn -0.0596 0.0003 0.9982
vn -0.0657 -0.0008 0.9978
vn -0.0556 -0.0084 0.9984
vn -0.0415 -0.0136 0.9990
vn -0.0386 -0.0140 0.9992
vn -0.0473 -0.0205 0.9987
vn 0.3888 0.5693 0.7243
vn 0.1822 -0.3806 -0.9066
vn -0.0590 -0.0727 0.9956
vn -0.0489 -0.0630 0.9968
vn -0.0371 -0.0421 0.9984
vn -0.0386 -0.0618 0.9973
vn -0.0325 -0.0578 0.9978
vn -0.0394 -0.0294 0.9988
vn -0.0508 -0.0175 0.9986
vn -0.0462 0.0000 0.9989
vn -0.0316 0.0132 0.9994
vn -0.0392 0.0353 0.9986
vn -0.0603 0.0257 0.9978
vn -0.0660 0.0247 0.9975
vn -0.0555 0.0182 0.9983
vn -0.0240 -0.0015 0.9997
vn -0.0132 -0.0088 0.9999
vn -0.0220 -0.0249 0.9994
vn 0.4157 0.6748 0.6097
vn 0.3889 0.5693 0.7243
vn -0.0587 -0.0723 0.9957
vn -0.0488 -0.0631 0.9968
vn -0.0374 -0.0428 0.9984
vn -0.0384 -0.0619 0.9973
vn -0.0314 -0.0592 0.9978
vn -0.0389 -0.0288 0.9988
vn -0.0509 -0.0174 0.9986
vn -0.0463 -0.0001 0.9989
vn -0.0302 0.0131 0.9995
vn -0.0386 0.0369 0.9986
vn -0.0607 0.0257 0.9978
vn -0.0658 0.0247 0.9975
vn -0.0553 0.0181 0.9983
vn -0.0248 -0.0008 0.9997
vn -0.0136 -0.0085 0.9999
vn -0.0223 -0.0252 0.9994
vn -0.9054 -0.1492 0.3974
vn 0.3542 0.4820 0.8014
vn 0.4532 0.6455 0.6147
vn 0.3888 0.5694 0.7243
vn 0.7140 0.1936 -0.6729
vn 0.7140 0.1939 -0.6728
vn 0.7501 0.1248 -0.6494
vn 0.7725 0.0757 -0.6305
vn 0.7777 0.0633 -0.6254
vn 0.7702 0.0808 -0.6326
vn 0.7242 0.1753 -0.6669
vn 0.4818 -0.2069 -0.8515
vn -0.9054 -0.1492 0.3975
vn -0.7427 0.1484 0.6530
vn -0.8431 0.1558 0.5146
vn -0.8429 0.1559 0.5149
vn -0.8278 0.0862 0.5543
vn -0.8140 0.0370 0.5796
vn -0.8101 0.0246 0.5858
vn -0.8156 0.0422 0.5771
vn -0.8393 0.1369 0.5261
vn 0.4819 -0.2070 -0.8514
vn 0.4475 0.6561 0.6076
vn 0.4472 0.6560 0.6080
vn 0.4785 0.5945 0.6463
vn 0.4984 0.5491 0.6709
vn 0.5031 0.5375 0.6767
vn 0.4962 0.5542 0.6683
vn 0.4557 0.6406 0.6180
vn 0.3541 0.4821 0.8014
vn 0.4820 -0.2070 -0.8514
vn -0.0469 0.6353 0.7708
vn 0.9797 0.1931 -0.0540
vn 0.9797 0.1931 -0.0543
vn 0.9923 0.1234 -0.0139
vn 0.9972 0.0740 0.0144
vn 0.9979 0.0615 0.0215
vn 0.9968 0.0791 0.0114
vn 0.9837 0.1743 -0.0431
vn -0.6930 0.0653 0.7179
vn 0.9132 0.3896 0.1197
vn -0.9765 0.1594 -0.1451
vn -0.9903 0.0891 -0.1062
vn -0.9961 0.0397 -0.0786
vn -0.9971 0.0271 -0.0715
vn -0.9957 0.0448 -0.0815
vn -0.9809 0.1405 -0.1347
vn -0.6930 0.0652 0.7180
vn -0.0467 0.6460 0.7619
vn -0.0467 0.6461 0.7618
vn -0.0479 0.5837 0.8105
vn -0.0485 0.5379 0.8416
vn -0.0487 0.5263 0.8489
vn -0.0484 0.5431 0.8383
vn -0.0470 0.6300 0.7751
vn 0.0189 -0.4020 -0.9154
vn -0.6931 0.0653 0.7179
vn -0.9054 -0.1491 0.3974
vn -0.0469 0.6349 0.7712
vn -0.9054 -0.1493 0.3975
vn 0.4819 -0.2071 -0.8514
vn 0.0190 -0.4023 -0.9153
vn 0.9923 0.1233 -0.0138
vn 0.9837 0.1744 -0.0431
vn 0.9132 0.3895 0.1198
vn 0.0191 -0.4024 -0.9153
vn -0.9765 0.1594 -0.1452
vn -0.9971 0.0271 -0.0716
vn 0.3542 0.4821 0.8013
vn 0.9132 0.3896 0.1198
vn -0.0479 0.5836 0.8106
vn -0.0470 0.6303 0.7750
vn -0.5063 0.1975 0.8395
vn 0.9463 0.3053 -0.1066
vn -0.5304 0.6285 0.5690
vn 0.9132 0.3894 0.1198
vn -0.6930 0.0653 0.7180
vn -0.5062 0.1975 0.8395
vn 0.7855 0.1840 0.5909
vn 0.7693 0.1138 0.6287
vn 0.7548 0.0640 0.6528
vn 0.7508 0.0515 0.6586
vn 0.7564 0.0692 0.6504
vn 0.7816 0.1651 0.6015
vn -0.2215 -0.4717 -0.8535
vn -0.5062 0.1974 0.8395
vn -0.6549 0.1702 -0.7363
vn -0.6546 0.1703 -0.7366
vn -0.6903 0.1000 -0.7166
vn -0.7126 0.0501 -0.6998
vn -0.7178 0.0376 -0.6952
vn -0.7104 0.0554 -0.7016
vn -0.6647 0.1513 -0.7316
vn 0.0190 -0.4024 -0.9153
vn -0.2215 -0.4715 -0.8536
vn -0.5243 0.6394 0.5623
vn -0.5567 0.5765 0.5981
vn -0.5773 0.5305 0.6207
vn -0.5821 0.5188 0.6261
vn -0.5750 0.5357 0.6184
vn -0.5331 0.6235 0.5718
vn -0.2215 -0.4716 -0.8536
vn 0.0191 -0.4023 -0.9153
vn 0.7537 0.6559 0.0414
vn -0.0587 0.1830 -0.9813
vn -0.0167 0.1141 -0.9933
vn 0.0128 0.0656 -0.9978
vn 0.0202 0.0533 -0.9984
vn 0.0096 0.0706 -0.9975
vn -0.0474 0.1645 -0.9852
vn 0.0380 0.3378 -0.9404
vn 0.0356 0.4047 -0.9137
vn -0.1500 0.1640 0.9750
vn -0.1496 0.1640 0.9750
vn -0.1088 0.0950 0.9895
vn -0.0799 0.0463 0.9957
vn -0.0726 0.0340 0.9968
vn -0.0829 0.0514 0.9952
vn -0.1387 0.1455 0.9796
vn 0.0356 0.4047 -0.9138
vn 0.0339 0.4499 -0.8924
vn 0.0380 0.3375 -0.9406
vn 0.7445 0.6664 0.0410
vn 0.7948 0.6054 0.0428
vn 0.8270 0.5605 0.0438
vn 0.8347 0.5490 0.0441
vn 0.8236 0.5655 0.0437
vn 0.7576 0.6514 0.0415
vn 0.0374 0.3567 -0.9335
vn 0.0340 0.4455 -0.8946
vn 0.0334 0.4614 -0.8866
vn 0.5077 0.6568 -0.5575
vn -0.0245 -0.6452 0.7636
vn -0.0290 -0.5592 0.8285
vn -0.0298 -0.5426 0.8395
vn 0.0242 0.6506 -0.7590
vn 0.0242 0.6505 -0.7591
vn -0.0236 -0.6607 0.7503
vn -0.0270 -0.5992 0.8002
vn 0.9955 0.0610 0.0723
vn 0.9935 0.0784 0.0825
vn 0.9753 0.1726 0.1375
vn 0.9941 0.0734 0.0795
vn 0.9866 0.1221 0.1080
vn 0.9703 0.1912 0.1483
vn -0.0292 -0.5542 0.8319
vn -0.9994 0.0267 -0.0207
vn -0.9990 0.0442 -0.0103
vn -0.9893 0.1388 0.0459
vn -0.9991 0.0390 -0.0134
vn -0.9960 0.0880 0.0156
vn -0.9859 0.1574 0.0570
vn 0.9893 -0.1384 -0.0458
vn 0.9990 -0.0442 0.0104
vn 0.9994 -0.0266 0.0207
vn 0.0298 0.5426 -0.8395
vn 0.0290 0.5592 -0.8285
vn 0.0245 0.6452 -0.7637
vn 0.0292 0.5541 -0.8319
vn 0.0270 0.5993 -0.8001
vn 0.0236 0.6607 -0.7503
vn 0.9859 -0.1574 -0.0571
vn 0.9859 -0.1575 -0.0570
vn 0.9960 -0.0879 -0.0156
vn 0.0242 0.6496 -0.7599
vn 0.9960 -0.0879 -0.0157
vn 0.9991 -0.0390 0.0134
vn 0.9859 -0.1574 -0.0570
vn 0.9935 0.0784 0.0826
vn 0.9866 0.1222 0.1082
vn -0.9754 -0.1726 -0.1374
vn -0.9935 -0.0785 -0.0826
vn -0.9955 -0.0610 -0.0723
vn -0.9994 0.0267 -0.0208
vn -0.9990 0.0442 -0.0104
vn -0.9893 0.1387 0.0459
vn -0.9859 0.1573 0.0574
vn -0.9859 0.1574 0.0571
vn -0.9703 -0.1912 -0.1483
vn -0.9866 -0.1221 -0.1081
vn 0.0245 0.6452 -0.7636
vn 0.0236 0.6605 -0.7505
vn -0.9941 -0.0734 -0.0795
vn -0.4759 0.6398 -0.6035
vn 0.0334 0.4614 -0.8865
vn 0.8085 0.0635 -0.5850
vn 0.8134 0.0811 -0.5760
vn 0.8337 0.1762 -0.5233
vn 0.8120 0.0760 -0.5787
vn 0.8241 0.1251 -0.5525
vn 0.8367 0.1946 -0.5118
vn 0.0334 0.4613 -0.8866
vn -0.7792 0.0248 0.6263
vn -0.7724 0.0424 0.6337
vn -0.7298 0.1377 0.6697
vn -0.7744 0.0373 0.6316
vn -0.7538 0.0868 0.6513
vn -0.7202 0.1566 0.6759
vn -0.7202 0.1567 0.6759
vn -0.0385 0.8610 0.5071
vn -0.5220 0.5313 -0.6672
vn -0.5157 0.5481 -0.6586
vn -0.4783 0.6349 -0.6067
vn -0.5177 0.5429 -0.6612
vn -0.4994 0.5886 -0.6358
vn -0.4706 0.6506 -0.5960
vn -0.4710 0.6504 -0.5960
vn -0.0451 -0.0043 0.9990
vn -0.0263 0.0096 0.9996
vn -0.0313 0.0002 0.9995
vn -0.0292 -0.5541 0.8319
vn -0.0270 -0.5992 0.8001
vn -0.0313 0.0001 0.9995
vn -0.0647 -0.0157 0.9978
vn -0.0450 -0.0043 0.9990
vn -0.0290 -0.5591 0.8286
vn 0.8737 0.0197 -0.4861
vn 0.8739 0.0197 -0.4857
vn 0.8737 0.0197 -0.4860
vn 0.9991 -0.0390 0.0133
vn 0.9960 -0.0880 -0.0156
vn 0.9994 -0.0265 0.0207
vn 0.8736 0.0197 -0.4862
vn 0.8736 0.0197 -0.4863
vn 0.9994 -0.0266 0.0208
vn 0.9990 -0.0441 0.0104
vn -0.0536 -0.0129 0.9985
vn -0.0723 -0.0220 0.9971
vn -0.0660 0.0043 0.9978
vn -0.9955 -0.0609 -0.0723
vn -0.0660 0.0044 0.9978
vn -0.0264 0.0183 0.9995
vn -0.0535 -0.0128 0.9985
vn -0.9935 -0.0785 -0.0825
vn -0.9941 -0.0734 -0.0796
vn -0.9974 -0.0025 -0.0718
vn -0.9994 0.0236 -0.0247
vn -0.9988 -0.0188 -0.0456
vn -0.0242 -0.6496 0.7599
vn -0.9911 -0.0390 -0.1269
vn -0.9678 -0.0992 -0.2315
vn -0.0723 0.6650 0.7433
vn -0.2897 0.6344 0.7167
vn -0.0176 0.9998 0.0089
vn -0.0177 0.9998 0.0089
vn -0.0177 0.9998 0.0088
vn -0.2898 0.6343 0.7167
vn -0.4973 -0.7608 -0.4169
vn -0.9678 -0.0993 -0.2315
vn 0.5858 -0.5384 -0.6058
vn 0.8603 -0.5086 0.0350
vn 0.8607 -0.5080 0.0351
vn 0.8846 -0.4659 -0.0197
vn -0.4974 -0.7608 -0.4169
vn 0.8546 -0.4820 -0.1932
vn 0.8846 -0.4660 -0.0205
vn 0.8601 -0.5089 0.0350
vn -0.0724 0.6650 0.7433
vn 0.5857 -0.5384 -0.6058
vn 0.8547 -0.4819 -0.1932
vn -0.3796 0.8979 0.2229
vn -0.2614 0.9080 0.3274
vn -0.5447 0.7123 0.4427
vn -0.0724 0.6651 0.7433
vn -0.4976 0.7417 0.4498
vn -0.9884 0.1497 0.0249
vn -0.1668 0.5587 0.8124
vn -0.0486 0.5338 0.8442
vn -0.0486 0.5341 0.8440
vn -0.9678 -0.0991 -0.2315
vn -0.9884 0.1497 0.0250
vn -0.0486 0.5337 0.8443
vn 0.7218 -0.3739 -0.5824
vn -0.9884 0.1497 0.0248
vn -0.9677 -0.0993 -0.2316
vn -0.7374 -0.0213 0.6751
vn -0.7373 -0.0229 0.6752
vn 0.7217 -0.3739 -0.5825
vn -0.7374 -0.0216 0.6751
vn -0.7375 -0.0229 0.6750
vn -0.7374 -0.0214 0.6751
vn 0.5857 -0.5384 -0.6059
vn -0.1667 0.5587 0.8124
vn -0.0486 0.5337 0.8442
vn -0.9494 -0.1439 -0.2793
vn -0.2430 0.4711 0.8480
vn -0.0478 0.5891 0.8067
vn -0.1667 0.5588 0.8124
vn 0.9161 -0.2037 -0.3454
vn -0.9493 -0.1440 -0.2794
vn -0.8650 0.5006 -0.0353
vn 0.9161 -0.2038 -0.3453
vn -0.2429 0.4711 0.8480
vn 0.7772 0.6255 0.0691
vn 0.7755 0.6245 0.0931
vn 0.6697 0.5514 0.4975
vn -0.1668 0.5588 0.8124
vn -0.0435 0.7568 0.6522
vn -0.9923 0.0654 0.1055
vn 0.6232 0.3795 0.6838
vn -0.9493 -0.1439 -0.2793
vn -0.9923 0.0655 0.1055
vn 0.7789 0.6258 0.0423
vn 0.6022 -0.3939 -0.6944
vn -0.9493 -0.1439 -0.2794
vn 0.7772 0.6255 0.0690
vn 0.7785 0.6262 0.0422
vn -0.9493 -0.1440 -0.2793
vn 0.9161 -0.2039 -0.3454
vn 0.6022 -0.3940 -0.6943
vn 0.8092 0.0091 0.5875
vn 0.8092 0.0091 0.5874
vn 0.6232 0.3792 0.6840
vn 0.6023 -0.3941 -0.6943
vn -0.2430 0.4711 0.8479
vn -0.1027 -0.0157 0.9946
vn -0.0910 -0.0253 0.9955
vn -0.0976 -0.0194 0.9950
vn -0.9271 0.1946 0.3204
vn 0.7940 0.2969 0.5305
vn 0.6232 0.3794 0.6838
vn -0.0975 -0.0194 0.9950
vn -0.0168 -0.0019 0.9999
vn -0.9923 0.0654 0.1056
vn -0.0518 0.0037 0.9987
vn -0.0484 -0.0146 0.9987
vn -0.0435 -0.0266 0.9987
vn 0.3781 -0.4614 -0.8026
vn -0.9270 0.1946 0.3205
vn -0.0632 -0.0221 0.9978
vn -0.0518 0.0037 0.9986
vn 0.3781 -0.4615 -0.8025
vn -0.0836 0.5328 0.8421
vn -0.1086 0.5317 0.8399
vn -0.1143 0.5447 0.8308
vn 0.7939 0.2969 0.5305
vn 0.3782 -0.4614 -0.8025
vn -0.0601 0.5335 0.8437
vn 0.7939 0.2970 0.5305
vn 0.0356 0.4046 -0.9138
vn 0.0338 0.4500 -0.8924
vn 0.0380 0.3378 -0.9405
vn 0.9741 0.2209 0.0487
vn 0.9990 -0.0120 0.0440
vn 0.9907 0.1277 0.0473
vn 0.0374 0.3566 -0.9335
vn 0.2285 0.8996 0.3721
vn 0.5175 0.8442 0.1396
vn 0.6202 0.7393 0.2622
vn -0.0245 -0.6452 0.7637
vn 0.6202 0.7393 0.2623
vn 0.4832 0.7017 0.5235
vn -0.0236 -0.6611 0.7500
vn 0.6234 0.7811 0.0342
vn 0.5982 0.8006 0.0348
vn 0.7409 0.6703 0.0409
vn 0.7412 0.6701 0.0409
vn 0.9893 -0.1387 -0.0459
vn 0.9990 -0.0441 0.0103
vn 0.5373 -0.0143 0.8432
vn 0.5398 -0.0152 0.8417
vn 0.5419 -0.0465 0.8391
vn 0.5418 -0.0467 0.8392
vn 0.5413 -0.0474 0.8395
vn 0.5374 -0.0144 0.8432
vn 0.5768 0.8156 0.0456
vn 0.5458 0.8372 0.0334
vn 0.8369 0.5455 0.0441
vn -0.9753 -0.1726 -0.1375
vn 0.8369 0.5456 0.0442
vn 0.7758 0.6291 0.0482
vn 0.5768 0.8156 0.0455
vn -0.9702 -0.1911 -0.1486
vn 0.9945 -0.0486 0.0927
vn 0.9955 0.0284 0.0909
vn 0.9964 0.0133 0.0839
vn -0.9703 -0.1913 -0.1480
vn 0.9964 0.0132 0.0839
vn 0.9954 -0.0720 0.0630
vn 0.9945 -0.0485 0.0927
vn 0.0338 0.4499 -0.8924
vn 0.9953 0.0865 0.0438
vn 0.9980 0.0454 0.0432
vn 0.9995 0.0252 0.0191
vn 0.9995 0.0251 0.0191
vn 0.9992 0.0310 0.0249
vn 0.9953 0.0865 0.0437
vn -0.0384 0.8609 0.5074
vn -0.1007 0.0092 0.9949
vn -0.0974 -0.0201 0.9950
vn -0.1544 -0.0115 0.9879
vn -0.1052 0.0133 0.9944
vn -0.1006 0.0093 0.9949
vn -0.0044 -0.0178 0.9998
vn -0.0259 0.0184 0.9995
vn -0.0167 -0.0020 0.9999
vn -0.0043 -0.0179 0.9998
vn -0.0362 0.5674 0.8226
vn -0.0251 0.5461 0.8374
vn -0.0431 0.5804 0.8132
vn -0.0430 0.5803 0.8132
vn -0.0362 0.5675 0.8226
vn -0.9866 -0.1222 -0.1081
vn -0.1144 0.5447 0.8308
vn -0.1087 0.5317 0.8399
vn -0.0525 0.5812 0.8120
vn -0.0525 0.5813 0.8120
vn -0.0506 0.5886 0.8068
vn -0.0242 -0.6505 0.7591
vn -0.0479 -0.1631 0.9854
vn -0.0463 -0.1559 0.9867
vn -0.0263 -0.6138 0.7890
vn -0.0263 -0.6135 0.7892
vn -0.0263 -0.6128 0.7898
vn -0.0479 -0.1632 0.9854
vn -0.0485 0.0424 0.9979
vn -0.0463 0.1005 0.9939
vn -0.0275 -0.5716 0.8201
vn -0.4973 -0.7609 -0.4169
vn -0.0455 -0.5904 0.8059
vn -0.4974 -0.7607 -0.4169
vn -0.0315 0.0403 0.9987
vn -0.0678 0.0460 0.9966
vn -0.0463 0.1004 0.9939
vn -0.0484 0.0422 0.9979
vn -0.0315 0.0404 0.9987
vn -0.2897 0.6343 0.7167
vn -0.0723 0.6651 0.7433
vn -0.0499 -0.1709 0.9840
vn -0.0204 -0.6114 0.7911
vn -0.0448 -0.5252 0.8498
vn -0.0448 -0.5251 0.8499
vn -0.1427 -0.0674 0.9875
vn -0.0498 -0.1710 0.9840
vn -0.0974 -0.0202 0.9950
vn -0.0499 -0.1710 0.9840
vn -0.1427 -0.0675 0.9875
vn -0.9678 -0.0991 -0.2316
vn 0.7218 -0.3739 -0.5825
vn 0.0029 -0.3383 0.9410
vn -0.0343 -0.5474 0.8362
vn -0.0552 0.0646 0.9964
vn 0.7217 -0.3740 -0.5825
vn 0.0535 -0.0268 0.9982
vn -0.1052 0.0132 0.9944
vn -0.0552 0.0645 0.9964
vn -0.1007 0.0093 0.9949
vn -0.1053 0.0133 0.9944
vn -0.9884 0.1498 0.0250
vn -0.0670 -0.1075 0.9919
vn -0.0353 -0.5545 0.8314
vn -0.0486 -0.4929 0.8687
vn -0.9884 0.1496 0.0249
vn -0.0435 -0.0259 0.9987
vn -0.0670 -0.1076 0.9919
vn -0.0167 -0.0019 0.9999
vn -0.0720 -0.4411 0.8946
vn -0.0290 -0.6154 0.7877
vn -0.0203 -0.1018 0.9946
vn -0.0204 -0.1019 0.9946
vn -0.1066 -0.0723 0.9917
vn -0.0721 -0.4411 0.8946
vn -0.9494 -0.1440 -0.2793
vn -0.1065 -0.0723 0.9917
vn -0.0203 -0.1019 0.9946
vn -0.9493 -0.1441 -0.2793
vn -0.0491 -0.0935 0.9944
vn -0.0447 -0.0970 0.9943
vn -0.0393 -0.3003 0.9530
vn 0.6232 0.3794 0.6839
vn 0.6022 -0.3941 -0.6943
vn -0.0516 -0.0626 0.9967
vn -0.0407 -0.0547 0.9977
vn -0.0455 -0.0970 0.9942
vn -0.0455 -0.0969 0.9943
vn -0.0491 -0.0934 0.9944
vn -0.0517 -0.0626 0.9967
vn -0.9271 0.1947 0.3204
vn -0.0441 0.0494 0.9978
vn -0.0317 0.0969 0.9948
vn -0.0268 -0.4141 0.9098
vn 0.3781 -0.4616 -0.8025
vn -0.9271 0.1945 0.3204
vn -0.0268 -0.4142 0.9098
vn -0.0401 -0.3509 0.9356
vn -0.0442 0.0493 0.9978
vn -0.0226 0.0173 0.9996
vn -0.0609 0.0256 0.9978
vn -0.0442 0.0494 0.9978
vn 0.6022 -0.3942 -0.6942
vn -0.0432 0.0580 0.9974
vn -0.0240 0.0803 0.9965
vn -0.0110 -0.3835 0.9235
vn 0.6341 0.3462 -0.6914
vn 0.6341 0.3462 -0.6915
vn 0.6152 0.4128 -0.6716
vn -0.0110 -0.3836 0.9234
vn -0.0639 -0.2256 0.9721
vn 0.6002 0.4579 -0.6559
vn 0.6338 0.3459 -0.6918
vn -0.0241 0.0220 0.9995
vn -0.0550 0.0112 0.9984
vn -0.0240 0.0802 0.9965
vn 0.6290 0.3650 -0.6864
vn 0.6017 0.4534 -0.6575
vn 0.5961 0.4693 -0.6515
vn -0.0432 0.0579 0.9974
vn -0.5105 -0.6520 0.5606
vn -0.5556 -0.5665 0.6086
vn -0.5632 -0.5501 0.6166
vn -0.0473 -0.0937 0.9945
vn -0.0472 -0.1005 0.9938
vn -0.0387 -0.3140 0.9486
vn -0.5013 -0.6674 0.5508
vn -0.5358 -0.6063 0.5876
vn -0.0387 -0.3142 0.9486
vn -0.0370 -0.3286 0.9437
vn -0.0474 -0.0936 0.9945
vn -0.5579 -0.5616 0.6111
vn -0.5011 -0.6677 0.5505
vn -0.9943 -0.0780 -0.0722
vn -0.9891 -0.1321 -0.0656
vn -0.8873 -0.4589 -0.0461
vn 0.7872 -0.1479 0.5987
vn 0.7586 -0.0541 0.6493
vn 0.7523 -0.0366 0.6578
vn -0.8873 -0.4588 -0.0462
vn -0.9120 -0.4037 -0.0731
vn 0.7920 -0.1664 0.5874
vn 0.7917 -0.1666 0.5878
vn 0.7730 -0.0975 0.6269
vn -0.9912 -0.0389 -0.1269
vn -0.9988 -0.0189 -0.0457
vn -0.9891 -0.1321 -0.0655
vn 0.7568 -0.0489 0.6518
vn 0.7917 -0.1666 0.5877
vn -0.9891 -0.1320 -0.0655
vn -0.9943 -0.0779 -0.0722
vn -0.6591 -0.1617 -0.7345
vn -0.7082 -0.0680 -0.7027
vn -0.7163 -0.0505 -0.6960
vn -0.9974 -0.0427 -0.0578
vn -0.9974 -0.0594 -0.0415
vn -0.7434 -0.6678 -0.0369
vn -0.6483 -0.1807 -0.7396
vn -0.6866 -0.1114 -0.7185
vn -0.8789 -0.4750 -0.0432
vn -0.9974 -0.0427 -0.0579
vn -0.7106 -0.0629 -0.7008
vn -0.6484 -0.1803 -0.7397
vn -0.9982 0.0125 -0.0585
vn -0.9994 0.0236 -0.0248
vn -0.9974 -0.0594 -0.0414
vn 0.5961 0.4692 -0.6515
vn 0.6018 0.4535 -0.6574
vn 0.6002 0.4578 -0.6559
vn -0.9974 -0.0428 -0.0579
vn -0.9982 0.0124 -0.0586
vn 0.6152 0.4128 -0.6717
vn 0.5961 0.4692 -0.6516
vn -0.7368 -0.0360 0.6751
vn -0.7358 -0.0592 0.6746
vn -0.7359 -0.0592 0.6745
vn -0.3541 0.8566 0.3753
vn -0.7360 -0.0590 0.6745
vn -0.7371 -0.0299 0.6751
vn -0.7368 -0.0361 0.6751
vn -0.5580 -0.5615 0.6111
vn -0.5359 -0.6063 0.5875
vn -0.5632 -0.5500 0.6166
vn -0.7371 -0.0300 0.6751
vn -0.5633 -0.5500 0.6166
vn -0.7211 -0.2071 0.6612
vn -0.7209 -0.2072 0.6614
vn -0.7364 -0.0557 0.6743
vn 0.7568 -0.0490 0.6518
vn 0.7729 -0.0976 0.6269
vn 0.7523 -0.0365 0.6578
vn -0.7364 -0.0557 0.6742
vn -0.7365 -0.0542 0.6743
vn -0.7211 -0.2070 0.6612
vn 0.7524 -0.0367 0.6577
vn 0.7586 -0.0540 0.6493
vn -0.7374 -0.0229 0.6750
vn -0.7365 -0.0540 0.6743
vn -0.7364 -0.0558 0.6743
vn -0.6866 -0.1115 -0.7184
vn -0.7163 -0.0505 -0.6959
vn -0.7365 -0.0558 0.6742
vn -0.0504 -0.0986 0.9938
vn -0.0629 -0.3006 0.9517
vn -0.0719 -0.4411 0.8946
vn -0.5078 -0.6570 0.5573
vn -0.1065 -0.0722 0.9917
vn -0.5928 -0.0876 -0.8006
vn -0.5320 0.6588 0.5319
vn -0.6816 0.6305 0.3713
vn -0.0908 -0.0253 0.9955
vn -0.0505 -0.0986 0.9938
vn -0.6817 0.6305 0.3713
vn -0.1143 -0.7520 -0.6492
vn -0.1066 -0.0722 0.9917
vn 0.8373 -0.5385 -0.0949
vn -0.5928 -0.0875 -0.8006
vn -0.1144 -0.7519 -0.6492
vn -0.0485 -0.4930 0.8687
vn -0.0339 -0.4648 0.8847
vn 0.7782 -0.4885 0.3947
vn -0.0340 -0.4649 0.8847
vn -0.0863 0.0717 0.9937
vn -0.0436 -0.0259 0.9987
vn -0.5322 0.6587 0.5318
vn 0.7782 -0.4885 0.3948
vn -0.6816 0.6304 0.3714
vn -0.5321 0.6588 0.5318
vn -0.0863 0.0718 0.9937
vn -0.1026 -0.0157 0.9946
vn -0.7730 0.1592 -0.6141
vn -0.6490 0.5528 0.5226
vn -0.0747 -0.2452 0.9666
vn -0.0293 -0.2197 0.9751
vn -0.0532 0.0476 0.9974
vn -0.7730 0.1592 -0.6140
vn -0.0532 0.0477 0.9974
vn -0.0790 -0.0138 0.9968
vn -0.0746 -0.2451 0.9666
vn 0.9267 -0.3756 0.0126
vn -0.7730 0.1591 -0.6141
vn -0.0533 0.0476 0.9974
vn -0.0485 -0.0146 0.9987
vn -0.5927 -0.0874 -0.8006
vn 0.9267 -0.3755 0.0126
vn -0.0484 -0.0145 0.9987
vn -0.0517 0.0037 0.9987
vn -0.0790 -0.0137 0.9968
vn -0.6490 0.5528 0.5227
vn 0.9267 -0.3756 0.0125
vn 0.8373 -0.5384 -0.0950
vn -0.0396 -0.0994 0.9943
vn -0.0375 -0.3542 0.9344
vn -0.0408 -0.3095 0.9500
vn -0.5321 0.6588 0.5319
vn -0.6491 0.5528 0.5227
vn -0.0408 -0.3096 0.9500
vn -0.0469 -0.0739 0.9962
vn -0.0396 -0.0995 0.9943
vn -0.5479 -0.1320 -0.8260
vn -0.7304 0.4655 0.4998
vn -0.0436 -0.0266 0.9987
vn -0.0468 -0.0739 0.9962
vn -0.0468 -0.0738 0.9962
vn -0.0632 -0.0220 0.9978
vn 0.9235 -0.2094 0.3213
vn -0.5480 -0.1320 -0.8260
vn -0.0042 0.0027 1.0000
vn 0.1566 -0.0116 0.9876
vn 0.1969 -0.0062 0.9804
vn 0.9234 -0.2096 0.3214
vn -0.0121 -0.0131 0.9998
vn -0.0041 0.0027 1.0000
vn -0.7304 0.4656 0.4997
vn 0.9234 -0.2096 0.3215
vn -0.8279 0.0742 -0.5560
vn 0.0386 0.3670 0.9294
vn -0.0232 0.5220 0.8526
vn 0.0773 0.4645 0.8822
vn 0.0834 0.4682 0.8797
vn -0.5480 -0.1321 -0.8260
vn -0.8279 0.0742 -0.5559
vn -0.0411 0.5307 0.8465
vn -0.0233 0.5220 0.8526
vn 0.9070 -0.3934 -0.1502
vn -0.0231 0.5220 0.8526
vn -0.0411 0.5307 0.8466
vn 0.0385 0.3669 0.9295
vn 0.9070 -0.3935 -0.1501
vn -0.0532 0.0475 0.9974
vn -0.0293 -0.2196 0.9751
vn -0.7304 0.4656 0.4998
vn -0.0292 -0.2196 0.9751
vn -0.0239 0.0803 0.9965
vn -0.9159 0.2007 -0.3477
vn 0.2678 0.2842 0.9206
vn 0.0386 0.3669 0.9294
vn -0.0331 -0.2075 0.9777
vn 0.2675 -0.0581 0.9618
vn 0.1762 -0.0522 0.9830
vn -0.8279 0.0741 -0.5559
vn 0.1761 -0.0523 0.9830
vn -0.0565 -0.0678 0.9961
vn 0.8047 -0.4577 -0.3780
vn -0.9159 0.2007 -0.3476
vn -0.0330 -0.2075 0.9777
vn 0.8048 -0.4577 -0.3780
vn -0.0565 -0.0679 0.9961
vn -0.0638 -0.2256 0.9721
vn 0.2677 0.2842 0.9206
vn 0.8048 -0.4576 -0.3780
vn -0.0534 0.0112 0.9985
vn 0.9069 -0.3936 -0.1501
vn 0.9375 0.3449 0.0469
vn 0.8884 0.4567 0.0457
vn 0.9102 0.4117 0.0463
vn 0.1566 -0.0114 0.9876
vn -0.0564 -0.0678 0.9961
vn 0.8907 0.4523 0.0457
vn 0.9301 0.3644 0.0467
vn 0.8825 0.4681 0.0455
vn -0.8236 -0.5655 -0.0437
vn -0.7576 -0.6514 -0.0415
vn -0.8347 -0.5490 -0.0441
vn -0.0242 0.0220 0.9995
vn -0.7445 -0.6664 -0.0410
vn -0.8270 -0.5606 -0.0438
vn -0.7949 -0.6053 -0.0428
vn -0.0330 -0.0728 0.9968
vn 0.1815 -0.0441 0.9824
vn 0.1024 -0.2715 0.9570
vn 0.1024 -0.2716 0.9570
vn -0.0348 -0.3419 0.9391
vn -0.0330 -0.0729 0.9968
vn 0.0829 -0.0514 -0.9952
vn 0.1387 -0.1454 -0.9796
vn 0.0725 -0.0339 -0.9968
vn -0.0472 -0.1006 0.9938
vn 0.1496 -0.1641 -0.9750
vn 0.0799 -0.0463 -0.9957
vn 0.1088 -0.0949 -0.9895
vn 0.1497 -0.1640 -0.9750
vn -0.0370 -0.3287 0.9437
vn -0.0374 -0.3545 0.9343
vn -0.0096 -0.0707 0.9975
vn 0.0474 -0.1645 0.9852
vn -0.0202 -0.0532 0.9984
vn 0.0585 -0.1828 0.9814
vn -0.0127 -0.0656 0.9978
vn 0.0167 -0.1141 0.9933
vn -0.0120 -0.0131 0.9998
vn 0.0587 -0.1830 0.9813
vn 0.1816 -0.0436 0.9824
vn -0.0329 -0.0728 0.9968
vn 0.8825 0.4682 0.0455
vn 0.9102 0.4116 0.0463
vn -0.9982 0.0124 -0.0585
vn -0.9987 0.0218 -0.0462
vn -0.9987 -0.0193 -0.0466
vn 0.8825 0.4680 0.0455
vn -0.9992 -0.0033 -0.0395
vn -0.5152 0.8569 -0.0156
vn -0.5152 0.8569 -0.0155
vn -0.5147 0.8572 -0.0156
vn -0.9992 -0.0033 -0.0397
vn -0.9988 -0.0189 -0.0456
vn -0.8270 -0.5604 -0.0439
vn -0.8236 -0.5654 -0.0437
vn -0.8347 -0.5489 -0.0441
vn -0.9912 -0.0390 -0.1269
vn -0.9971 -0.0100 -0.0749
vn -0.9726 -0.0353 -0.2298
vn -0.7948 -0.6053 -0.0428
vn -0.8270 -0.5604 -0.0438
vn -0.9726 -0.0352 -0.2298
vn -0.9912 -0.0390 -0.1268
vn -0.8773 0.4742 -0.0739
vn -0.8780 0.4731 -0.0723
vn -0.8686 0.4935 -0.0459
vn 0.1088 -0.0950 -0.9895
vn -0.8686 0.4934 -0.0460
vn -0.8660 0.4985 -0.0387
vn -0.8773 0.4742 -0.0740
vn -0.8660 0.4986 -0.0387
vn -0.8686 0.4934 -0.0459
vn 0.0167 -0.1142 0.9933
vn -0.8650 0.5005 -0.0353
vn -0.7537 -0.6559 -0.0420
vn -0.7537 -0.6558 -0.0417
vn -0.8649 0.5006 -0.0353
vn -0.7389 0.6524 -0.1685
vn -0.8647 0.4327 0.2553
vn -0.5715 -0.1000 -0.8145
vn -0.5716 -0.0999 -0.8144
vn 0.6300 -0.4858 -0.6058
vn -0.7388 0.6525 -0.1684
vn -0.9934 -0.1082 -0.0369
vn -0.9961 -0.0744 -0.0470
vn -0.9262 -0.3742 -0.0466
vn -0.8646 0.4328 0.2553
vn -0.7389 0.6525 -0.1685
vn -0.6412 0.5641 0.5203
vn -0.9262 -0.3742 -0.0467
vn -0.8662 -0.4975 -0.0464
vn -0.9935 -0.1081 -0.0369
vn 0.7413 -0.6608 0.1174
vn 0.6108 -0.7914 0.0240
vn -0.8646 0.4328 0.2552
vn -0.9934 -0.1081 -0.0387
vn -0.8647 0.4327 0.2552
vn -0.6412 0.5641 0.5204
vn 0.7413 -0.6608 0.1175
vn -0.8873 -0.4589 -0.0462
vn 0.6300 -0.4859 -0.6058
vn 0.6109 -0.7914 0.0240
vn -0.9119 -0.4038 -0.0731
vn -0.9905 -0.1199 -0.0667
vn -0.9711 -0.0939 -0.2193
vn 0.6108 -0.7914 0.0239
vn -0.7783 0.5769 0.2479
vn -0.7389 0.6524 -0.1684
vn 0.6300 -0.4858 -0.6059
vn -0.9992 -0.0033 -0.0396
vn -0.9961 -0.0745 -0.0470
vn 0.6299 -0.4859 -0.6059
vn 0.4390 -0.3026 -0.8460
vn -0.9992 -0.0034 -0.0397
vn 0.8584 -0.4652 0.2160
vn 0.7413 -0.6609 0.1174
vn -0.6411 0.5641 0.5203
vn -0.9971 -0.0100 -0.0750
vn 0.6300 -0.4860 -0.6058
vn -0.9971 -0.0099 -0.0749
vn 0.8584 -0.4653 0.2159
vn -0.9984 0.0558 0.0065
vn -0.9870 0.0511 -0.1525
vn -0.9682 -0.2479 -0.0336
vn -0.8392 0.4569 0.2949
vn -0.7782 0.5770 0.2479
vn -0.9682 -0.2479 -0.0337
vn -0.7933 -0.6071 -0.0451
vn -0.9984 0.0557 0.0065
vn 0.2081 -0.0817 -0.9747
vn 0.8162 -0.4577 0.3527
vn 0.8584 -0.4653 0.2160
vn -0.7933 -0.6072 -0.0451
vn -0.7435 -0.6677 -0.0369
vn -0.9974 -0.0593 -0.0414
vn -0.8392 0.4570 0.2949
vn 0.8162 -0.4576 0.3527
vn -0.7933 -0.6073 -0.0427
vn -0.9973 -0.0564 -0.0469
vn 0.2081 -0.0818 -0.9747
vn 0.4391 -0.3026 -0.8460
vn 0.8584 -0.4654 0.2159
vn -0.9870 0.0510 -0.1525
vn -0.8706 0.4701 0.1448
vn -0.8392 0.4570 0.2950
vn 0.2082 -0.0817 -0.9747
vn 0.4729 -0.2302 -0.8505
vn -0.8706 0.4701 0.1449
vn 0.7547 -0.4271 0.4981
vn -0.8391 0.4570 0.2949
vn -0.9973 -0.0565 -0.0469
vn -0.9987 0.0219 -0.0462
vn 0.4728 -0.2304 -0.8505
vn 0.8162 -0.4576 0.3528
vn 0.7546 -0.4271 0.4981
vn 0.4729 -0.2304 -0.8505
vn -0.0641 -0.0092 0.9979
vn -0.0324 0.0030 0.9995
vn -0.8718 0.4733 0.1263
vn 0.4728 -0.2303 -0.8505
vn -0.0323 0.0030 0.9995
vn 0.5676 -0.2765 -0.7755
vn -0.8718 0.4733 0.1262
vn -0.0646 -0.0156 0.9978
vn -0.0744 -0.0070 0.9972
vn -0.0881 -0.0127 0.9960
vn 0.7219 -0.4204 0.5497
vn -0.0882 -0.0127 0.9960
vn -0.0646 -0.0157 0.9978
vn -0.8706 0.4701 0.1450
vn -0.8717 0.4734 0.1262
vn 0.7219 -0.4205 0.5496
vn -0.0600 0.5335 0.8437
vn 0.5675 -0.2765 -0.7755
vn 0.7546 -0.4272 0.4981
vn -0.8668 0.4911 -0.0862
vn -0.8718 0.4734 0.1262
vn 0.7793 -0.4205 -0.4646
vn -0.0452 -0.0739 0.9962
vn -0.0409 -0.3096 0.9500
vn 0.3245 -0.2120 0.9218
vn 0.7220 -0.4203 0.5496
vn -0.8668 0.4911 -0.0861
vn 0.3244 -0.2120 0.9219
vn -0.0393 -0.3002 0.9531
vn -0.0628 -0.3005 0.9517
vn -0.0504 -0.0987 0.9938
vn 0.7793 -0.4204 -0.4647
vn 0.7219 -0.4204 0.5496
vn -0.0505 -0.0987 0.9938
vn -0.0490 -0.0935 0.9944
vn 0.3244 -0.2119 0.9219
vn -0.0560 -0.0232 0.9982
vn -0.0469 -0.0738 0.9962
vn -0.6458 0.3114 0.6971
vn -0.6158 0.4247 0.6637
vn -0.6292 0.3789 0.6786
vn -0.0273 -0.0271 0.9993
vn -0.6455 0.3111 0.6975
vn -0.0274 -0.0271 0.9993
vn -0.6171 0.4202 0.6652
vn -0.6412 0.3304 0.6926
vn -0.6121 0.4363 0.6595
vn -0.0318 0.0969 0.9948
vn -0.0339 -0.4649 0.8847
vn 0.5750 -0.5357 -0.6184
vn 0.5331 -0.6235 -0.5719
vn 0.5821 -0.5188 -0.6261
vn -0.0318 0.0968 0.9948
vn 0.5244 -0.6394 -0.5623
vn 0.5772 -0.5306 -0.6207
vn 0.5567 -0.5765 -0.5981
vn -0.0401 -0.3510 0.9355
vn -0.0747 -0.2451 0.9666
vn 0.5243 -0.6394 -0.5623
vn 0.5247 -0.6393 -0.5621
vn 0.7103 -0.0554 0.7017
vn 0.6650 -0.1514 0.7313
vn 0.7179 -0.0375 0.6952
vn -0.0610 0.0256 0.9978
vn -0.1038 -0.0158 0.9945
vn 0.6546 -0.1703 0.7365
vn 0.7126 -0.0501 0.6998
vn 0.6903 -0.0998 0.7166
vn -0.0317 0.0968 0.9948
vn -0.0609 0.0255 0.9978
vn 0.6546 -0.1703 0.7366
vn -0.0517 0.0036 0.9987
vn -0.7564 -0.0693 -0.6504
vn -0.7816 -0.1650 -0.6015
vn -0.7508 -0.0515 -0.6586
vn -0.7857 -0.1839 -0.5906
vn -0.7548 -0.0641 -0.6528
vn -0.7692 -0.1137 -0.6288
vn 0.8737 0.0199 -0.4860
vn 0.8846 -0.4659 -0.0196
vn -0.7855 -0.1840 -0.5909
vn 0.8846 -0.4660 -0.0196
vn 0.8738 0.0198 -0.4858
vn 0.8738 0.0198 -0.4859
vn -0.6121 0.4362 0.6596
vn -0.6292 0.3788 0.6787
vn 0.8738 0.0197 -0.4859
vn 0.3235 0.8751 -0.3599
vn 0.8733 0.0200 -0.4867
vn 0.8732 0.0201 -0.4870
vn 0.3235 0.8751 -0.3600
vn 0.8734 0.0202 -0.4866
vn 0.8736 0.0196 -0.4863
vn 0.5772 -0.5307 -0.6207
vn 0.5751 -0.5356 -0.6183
vn 0.8735 0.0197 -0.4864
vn 0.8735 0.0198 -0.4865
vn 0.5773 -0.5305 -0.6207
vn 0.8734 0.0198 -0.4867
vn 0.8736 0.0198 -0.4863
vn 0.7126 -0.0502 0.6998
vn 0.7104 -0.0553 0.7017
vn -0.0497 0.0224 0.9985
vn -0.0318 -0.0094 0.9994
vn -0.0377 -0.1925 0.9806
vn -0.0378 -0.1925 0.9806
vn -0.0399 -0.2789 0.9595
vn -0.7548 -0.0642 -0.6528
vn -0.7507 -0.0515 -0.6586
vn -0.0497 0.0225 0.9985
vn -0.0265 0.0183 0.9995
vn -0.0660 0.0045 0.9978
vn -0.7508 -0.0514 -0.6586
vn -0.0323 -0.0094 0.9994
vn 0.5304 -0.6285 -0.5690
vn -0.0532 -0.0436 0.9976
vn -0.0567 -0.0809 0.9951
vn -0.0448 -0.0904 0.9949
vn -0.8440 -0.0944 -0.5280
vn -0.6374 -0.7662 -0.0817
vn 0.2983 0.6572 -0.6922
vn -0.0532 -0.0435 0.9976
vn 0.2984 0.6572 -0.6921
vn 0.4699 0.6861 -0.5554
vn -0.0723 -0.0219 0.9971
vn -0.0535 -0.0129 0.9985
vn -0.0567 -0.0808 0.9951
vn -0.0126 -0.5616 0.8273
vn 0.4692 -0.4970 0.7300
vn -0.0125 -0.5616 0.8273
vn 0.8093 0.0090 0.5874
vn 0.8093 0.0089 0.5874
vn 0.4693 -0.4969 0.7300
vn -0.0126 -0.5617 0.8273
vn 0.4698 0.6861 -0.5555
vn 0.8093 0.0091 0.5874
vn 0.4698 0.6861 -0.5554
vn 0.2984 0.6572 -0.6922
vn 0.8091 0.0093 0.5876
vn 0.8092 0.0090 0.5874
vn -0.6791 0.1618 -0.7160
vn -0.8440 -0.0943 -0.5280
vn 0.4538 0.5829 -0.6741
vn -0.6791 0.1617 -0.7160
vn 0.8091 0.0091 0.5875
vn 0.8091 0.0091 0.5876
vn 0.0978 -0.3981 0.9121
vn -0.8440 -0.0943 -0.5279
vn -0.8440 -0.0944 -0.5279
vn 0.0979 -0.3982 0.9121
vn 0.8093 0.0091 0.5873
vn 0.4538 0.5828 -0.6741
vn 0.8091 0.0097 0.5877
vn 0.9990 -0.0119 0.0440
vn 0.9602 -0.2773 0.0348
vn 0.9624 -0.2683 0.0421
vn -0.8646 -0.1407 -0.4824
vn 0.4538 0.5829 -0.6740
vn 0.9624 -0.2682 0.0421
vn 0.4265 0.4971 -0.7556
vn -0.8646 -0.1407 -0.4825
vn 0.9954 -0.0720 0.0631
vn 0.4011 -0.2239 0.8883
vn 0.0978 -0.3982 0.9121
vn 0.9966 0.0816 0.0120
vn 0.9979 0.0181 -0.0624
vn 0.9004 -0.4347 -0.0179
vn -0.8645 -0.1407 -0.4825
vn 0.7835 -0.6211 0.0179
vn 0.4011 -0.2238 0.8883
vn 0.9953 0.0791 0.0557
vn 0.9967 0.0660 0.0464
vn 0.9967 0.0660 0.0465
vn 0.9979 0.0182 -0.0624
vn -0.6235 0.0797 -0.7777
vn -0.8645 -0.1407 -0.4826
vn 0.9974 -0.0698 -0.0201
vn 0.9857 -0.1661 0.0268
vn 0.9390 -0.3423 0.0338
vn 0.4265 0.4971 -0.7557
vn 0.9333 0.3508 0.0769
vn 0.9390 -0.3422 0.0337
vn 0.9943 -0.1012 0.0336
vn -0.1819 -0.4533 0.8726
vn -0.8646 -0.1406 -0.4825
vn -0.6236 0.0797 -0.7777
vn 0.9943 -0.1013 0.0336
vn 0.9992 0.0309 0.0249
vn 0.9995 0.0251 0.0192
vn -0.1818 -0.4533 0.8726
vn 0.9333 0.3507 0.0769
vn 0.9958 0.0676 0.0610
vn 0.8589 -0.5103 0.0434
vn 0.9118 -0.3940 0.1160
vn 0.4265 0.4972 -0.7556
vn 0.9117 -0.3940 0.1160
vn 0.9782 0.1337 0.1592
vn -0.4264 0.2141 -0.8788
vn -0.6235 0.0798 -0.7777
vn 0.9958 0.0677 0.0610
vn 0.9782 0.1336 0.1592
vn 0.9333 0.3508 0.0770
vn 0.7202 0.5122 -0.4679
vn 0.9782 0.1336 0.1591
vn 0.9980 0.0455 0.0432
vn 0.0972 -0.3692 0.9243
vn -0.6236 0.0798 -0.7777
vn 0.9964 0.0132 0.0838
vn -0.4264 0.2141 -0.8789
vn 0.0971 -0.3691 0.9243
vn 0.5522 -0.0518 0.8321
vn 0.6669 -0.2857 0.6882
vn 0.6113 -0.1846 0.7696
vn 0.0972 -0.3691 0.9243
vn 0.5303 -0.0105 0.8477
vn 0.5523 -0.0518 0.8320
vn -0.0496 0.3196 0.9463
vn -0.0494 0.4326 0.9002
vn -0.0496 0.3870 0.9208
vn 0.5316 -0.0026 0.8470
vn 0.5303 -0.0107 0.8477
vn 0.5333 -0.0012 0.8459
vn 0.5316 -0.0027 0.8470
vn -0.0495 0.4281 0.9024
vn -0.0497 0.3385 0.9397
vn -0.0494 0.4442 0.8946
vn 0.5335 -0.0012 0.8458
vn 0.5353 -0.0028 0.8447
vn 0.0484 -0.5430 -0.8383
vn 0.0470 -0.6303 -0.7750
vn 0.0487 -0.5264 -0.8488
vn 0.5354 -0.0028 0.8446
vn 0.0467 -0.6460 -0.7619
vn 0.0485 -0.5380 -0.8415
vn 0.0479 -0.5836 -0.8106
vn 0.5335 -0.0011 0.8458
vn 0.0467 -0.6457 -0.7622
vn 0.5353 -0.0027 0.8446
vn 0.5336 -0.0012 0.8457
vn 0.9957 -0.0448 0.0814
vn 0.9809 -0.1404 0.1347
vn 0.9971 -0.0271 0.0715
vn 0.1988 0.0003 0.9800
vn 0.2751 0.0002 0.9614
vn 0.9765 -0.1594 0.1451
vn 0.9961 -0.0396 0.0785
vn 0.9903 -0.0891 0.1062
vn 0.9765 -0.1594 0.1452
vn -0.0791 -0.2315 0.9696
vn 0.0192 0.0560 0.9982
vn -0.0498 0.0223 0.9985
vn -0.9968 -0.0792 -0.0115
vn -0.9837 -0.1746 0.0427
vn -0.9979 -0.0615 -0.0215
vn -0.0790 -0.2315 0.9696
vn -0.9797 -0.1931 0.0540
vn -0.9972 -0.0740 -0.0144
vn -0.9923 -0.1233 0.0138
vn 0.1988 0.0004 0.9800
vn -0.0498 0.0224 0.9985
vn -0.0494 0.4441 0.8946
vn -0.0496 0.3869 0.9208
vn 0.2019 -0.0500 0.9781
vn -0.0449 -0.0904 0.9949
vn -0.0495 0.4282 0.9023
vn -0.0535 -0.0098 0.9985
vn 0.2750 0.0003 0.9614
vn 0.2020 -0.0500 0.9781
vn 0.0079 0.8705 -0.4922
vn 0.0074 0.8707 -0.4918
vn 0.0083 0.8705 -0.4922
vn 0.2021 -0.0500 0.9781
vn -0.0534 -0.0129 0.9985
vn 0.0079 0.8704 -0.4923
vn 0.0081 0.8704 -0.4923
vn 0.9741 0.2208 0.0487
vn 0.9981 0.0229 0.0577
vn 0.0485 -0.5379 -0.8416
vn 0.0485 -0.5430 -0.8383
vn 0.0487 -0.5262 -0.8489
vn 0.9875 0.1506 0.0473
vn 0.5982 0.8006 0.0347
vn 0.5774 0.8156 0.0376
vn 0.7408 0.6705 0.0418
vn 0.9961 -0.0397 0.0785
vn 0.9957 -0.0448 0.0815
vn 0.9971 -0.0270 0.0715
vn 0.7408 0.6704 0.0414
vn 0.9961 -0.0397 0.0786
vn 0.7409 0.6704 0.0409
vn 0.6201 0.7394 0.2623
vn 0.5176 0.8442 0.1396
vn -0.9972 -0.0741 -0.0143
vn 0.5176 0.8442 0.1395
vn -0.9979 -0.0614 -0.0215
vn -0.9972 -0.0740 -0.0143
vn 0.7407 0.6705 0.0419
vn 0.0469 -0.6349 -0.7712
vn 0.0470 -0.6349 -0.7712
vn -0.9850 -0.1028 0.1388
vn -0.5332 -0.7683 0.3542
vn -0.2227 0.6483 -0.7281
vn 0.9895 0.0193 -0.1432
vn 0.9901 0.0145 -0.1395
vn -0.2226 0.6483 -0.7281
vn -0.0037 0.6793 -0.7339
vn 0.9980 0.0455 0.0433
vn 0.5276 -0.5505 0.6470
vn 0.8335 -0.4864 0.2623
vn 0.9992 0.0310 0.0248
vn 0.9953 0.0790 0.0557
vn -0.5331 -0.7683 0.3542
vn 0.9953 0.0791 0.0556
vn 0.8335 -0.4863 0.2622
vn 0.5275 -0.5506 0.6470
vn -0.0038 0.6793 -0.7339
vn 0.9721 -0.2295 0.0492
vn 0.9602 -0.2772 0.0348
vn -0.0037 0.6794 -0.7338
vn 0.9954 -0.0721 0.0630
vn -0.9820 0.1511 -0.1136
vn -0.9850 -0.1027 0.1389
vn -0.0037 0.6793 -0.7338
vn 0.9981 0.0228 0.0577
vn 0.9945 -0.0486 0.0928
vn -0.0038 0.6793 -0.7338
vn -0.0912 0.5745 -0.8134
vn -0.9820 0.1510 -0.1136
vn 0.9995 -0.0082 -0.0308
vn 0.6649 -0.3858 0.6396
vn 0.9857 -0.1662 0.0268
vn 0.9995 -0.0082 -0.0307
vn -0.9850 -0.1028 0.1389
vn -0.9820 0.1510 -0.1135
vn 0.6650 -0.3858 0.6395
vn 0.9721 -0.2294 0.0492
vn 0.5275 -0.5505 0.6471
vn -0.0911 0.5745 -0.8134
vn 0.9390 -0.3422 0.0338
vn -0.0912 0.5744 -0.8135
vn 0.5275 -0.5505 0.6470
vn 0.9901 0.0144 -0.1394
vn -0.9710 -0.1484 0.1873
vn 0.9974 -0.0698 -0.0202
vn 0.9995 0.0252 0.0192
vn 0.9901 0.0145 -0.1394
vn -0.0913 0.5745 -0.8134
vn -0.1637 0.4876 -0.8576
vn -0.9710 -0.1484 0.1872
vn 0.8803 -0.2113 0.4247
vn 0.6650 -0.3857 0.6396
vn 0.9992 0.0311 0.0249
vn -0.9710 -0.1486 0.1873
vn 0.8803 -0.2113 0.4248
vn 0.9958 0.0677 0.0609
vn 0.9966 0.0816 0.0121
vn 0.9725 -0.1429 0.1841
vn 0.9924 0.0862 0.0879
vn 0.9782 0.1337 0.1591
vn -0.9783 0.0683 -0.1958
vn 0.9118 -0.3939 0.1160
vn 0.7610 0.3533 -0.5442
vn 0.4259 -0.4418 0.7896
vn 0.8803 -0.2111 0.4249
vn -0.9710 -0.1485 0.1873
vn -0.9710 -0.1484 0.1874
vn -0.9783 0.0683 -0.1957
vn 0.9895 0.0197 -0.1432
vn 0.4259 -0.4418 0.7895
vn 0.7610 0.3533 -0.5441
vn 0.9924 0.0862 0.0880
vn -0.1638 0.4876 -0.8576
vn 0.8803 -0.2112 0.4248
vn -0.0478 0.5889 0.8068
vn -0.8935 0.2016 -0.4012
vn 0.7610 0.3532 -0.5441
vn -0.0478 0.5891 0.8066
vn 0.2461 0.5070 -0.8261
vn -0.8935 0.2016 -0.4011
vn -0.0524 0.5813 0.8120
vn 0.6720 -0.3566 0.6490
vn 0.4259 -0.4419 0.7896
vn -0.9783 0.0684 -0.1957
vn -0.0478 0.5892 0.8066
vn -0.8935 0.2016 -0.4013
vn 0.6720 -0.3565 0.6491
vn -0.0442 -0.1558 0.9868
vn -0.0291 -0.6154 0.7877
vn 0.7610 0.3532 -0.5442
vn -0.0263 -0.6137 0.7891
vn 0.7610 0.3534 -0.5441
vn -0.0264 -0.6123 0.7902
vn -0.0500 -0.1709 0.9840
vn -0.0493 0.3192 0.9464
vn -0.0475 -0.1631 0.9855
vn -0.0265 -0.6128 0.7898
vn -0.0497 0.3389 0.9395
vn -0.0344 -0.5474 0.8362
vn -0.0275 -0.5715 0.8201
vn 0.0470 -0.6300 -0.7751
vn 0.0486 -0.5263 -0.8489
vn -0.0352 -0.5545 0.8314
vn -0.0669 -0.1076 0.9919
vn -0.0484 0.0424 0.9979
vn -0.0455 -0.5903 0.8059
vn 0.0467 -0.6461 -0.7618
vn -0.0678 0.0459 0.9966
vn 0.9809 -0.1406 0.1344
vn -0.0669 -0.1075 0.9919
vn -0.0259 0.0185 0.9995
vn -0.0484 0.0423 0.9979
vn -0.9968 -0.0792 -0.0114
vn -0.9837 -0.1743 0.0431
vn -0.9796 -0.1934 0.0539
vn -0.1028 -0.0157 0.9946
vn -0.0724 -0.0510 0.9961
vn -0.0709 -0.0146 0.9974
vn -0.0631 -0.0221 0.9978
vn -0.0494 0.4282 0.9023
vn -0.0231 -0.0624 0.9978
vn -0.0226 0.0174 0.9996
vn 0.0076 0.8709 -0.4915
vn 0.0076 0.8704 -0.4923
vn -0.0709 -0.0145 0.9974
vn -0.0231 -0.0623 0.9978
vn 0.0079 0.8707 -0.4918
vn -0.0324 -0.0696 0.9970
vn -0.0215 0.0173 0.9996
vn -0.0232 -0.0623 0.9978
vn -0.0725 -0.0511 0.9961
vn -0.0323 -0.0702 0.9970
vn -0.0504 -0.0986 0.9939
vn -0.0273 -0.0270 0.9993
vn -0.9971 -0.0741 -0.0144
vn -0.0407 -0.0545 0.9977
vn -0.0561 -0.0231 0.9982
vn 0.0469 -0.6353 -0.7708
vn -0.0558 0.0223 0.9982
vn -0.0709 0.0053 0.9975
vn -0.0332 0.0538 0.9980
vn -0.9876 -0.1274 0.0922
vn -0.7208 -0.6204 0.3092
vn 0.1933 0.6554 -0.7301
vn -0.0333 0.0537 0.9980
vn -0.0438 0.0437 0.9981
vn 0.1932 0.6554 -0.7301
vn 0.4138 0.6263 -0.6607
vn -0.0799 -0.0103 0.9968
vn -0.0694 -0.0173 0.9974
vn -0.0709 0.0052 0.9975
vn 0.2354 -0.6592 0.7141
vn 0.7304 -0.5892 0.3455
vn -0.7208 -0.6204 0.3091
vn -0.0558 0.0224 0.9982
vn -0.0799 -0.0103 0.9967
vn -0.9876 -0.1273 0.0923
vn 0.2356 -0.6592 0.7141
vn -0.0370 -0.0374 0.9986
vn -0.0266 -0.0440 0.9987
vn -0.0693 -0.0174 0.9974
vn 0.2355 -0.6592 0.7142
vn 0.1932 0.6554 -0.7302
vn -0.0324 -0.0450 0.9985
vn -0.0538 -0.0551 0.9970
vn -0.0265 -0.0441 0.9987
vn -0.9959 0.0840 -0.0326
vn -0.9876 -0.1274 0.0923
vn 0.4139 0.6263 -0.6607
vn -0.0369 -0.0374 0.9986
vn -0.0323 -0.0450 0.9985
vn 0.4138 0.6262 -0.6608
vn 0.5508 0.4937 -0.6729
vn -0.0616 -0.0325 0.9976
vn -0.0466 -0.0193 0.9987
vn 0.3997 -0.4897 0.7749
vn -0.9875 -0.1275 0.0922
vn -0.9876 -0.1273 0.0922
vn 0.3997 -0.4896 0.7749
vn -0.0419 -0.0019 0.9991
vn -0.0535 0.0099 0.9985
vn -0.0465 -0.0193 0.9987
vn 0.2355 -0.6593 0.7141
vn 0.3996 -0.4897 0.7749
vn 0.5509 0.4937 -0.6729
vn -0.0617 -0.0325 0.9976
vn -0.0420 -0.0019 0.9991
vn -0.0605 0.0389 0.9974
vn -0.0541 0.0426 0.9976
vn -0.9823 -0.1219 0.1420
vn -0.9959 0.0839 -0.0326
vn -0.0420 -0.0018 0.9991
vn -0.0606 0.0390 0.9974
vn 0.5725 0.4314 -0.6972
vn -0.0438 0.0438 0.9981
vn -0.0332 0.0537 0.9980
vn 0.6383 -0.3663 0.6770
vn -0.9959 0.0839 -0.0325
vn -0.0542 0.0426 0.9976
vn -0.9823 -0.1219 0.1421
vn 0.6384 -0.3663 0.6769
vn -0.0450 -0.0045 0.9990
vn -0.0269 0.0095 0.9996
vn -0.0314 0.0003 0.9995
vn 0.6384 -0.3663 0.6770
vn 0.5725 0.4314 -0.6973
vn -0.0314 0.0002 0.9995
vn -0.0641 -0.0156 0.9978
vn -0.0451 -0.0044 0.9990
vn 0.5724 0.4313 -0.6973
vn 0.5508 0.4937 -0.6730
vn -0.0516 -0.0637 0.9966
vn -0.0408 -0.0555 0.9976
vn -0.9424 0.1362 -0.3056
vn -0.0517 -0.0638 0.9966
vn 0.5724 0.4314 -0.6973
vn 0.8956 0.2539 -0.3652
vn -0.9424 0.1362 -0.3055
vn -0.0269 0.0094 0.9996
vn -0.0635 -0.0092 0.9979
vn -0.0333 0.0029 0.9994
vn -0.3438 -0.4837 0.8049
vn 0.6384 -0.3661 0.6771
vn -0.0268 0.0094 0.9996
vn -0.9424 0.1361 -0.3055
vn -0.0642 -0.0156 0.9978
vn -0.0727 -0.0067 0.9973
vn -0.0854 -0.0126 0.9963
vn -0.3439 -0.4836 0.8049
vn 0.8956 0.2541 -0.3650
vn -0.0855 -0.0126 0.9963
vn -0.0640 -0.0156 0.9978
vn 0.8956 0.2542 -0.3650
vn -0.0491 -0.0208 0.9986
vn -0.7947 0.2863 -0.5352
vn 0.8956 0.2541 -0.3651
vn -0.0298 -0.0316 0.9991
vn 0.8957 0.2541 -0.3650
vn 0.7056 0.3872 -0.5934
vn -0.7948 0.2863 -0.5351
vn -0.0517 -0.0637 0.9966
vn 0.1920 -0.4967 0.8464
vn -0.3437 -0.4837 0.8049
vn -0.0298 -0.0315 0.9991
vn -0.7948 0.2863 -0.5352
vn -0.0709 -0.0315 0.9970
vn 0.7056 0.3874 -0.5934
vn -0.0639 -0.0139 0.9979
vn 0.1920 -0.4966 0.8465
vn -0.0491 -0.0207 0.9986
vn 0.5669 0.3322 0.7538
vn 0.5364 0.4446 0.7174
vn 0.5499 0.3992 0.7336
vn -0.0243 -0.0548 0.9982
vn 0.5670 0.3321 0.7538
vn 0.5378 0.4401 0.7191
vn 0.5624 0.3514 0.7485
vn 0.5327 0.4561 0.7129
vn -0.0441 -0.0459 0.9980
vn -0.4962 -0.5542 -0.6683
vn -0.4557 -0.6406 -0.6180
vn -0.5031 -0.5376 -0.6767
vn -0.0244 -0.0548 0.9982
vn -0.4475 -0.6562 -0.6076
vn -0.4983 -0.5492 -0.6709
vn -0.4785 -0.5944 -0.6463
vn -0.0711 -0.0315 0.9970
vn -0.0678 0.0461 0.9966
vn -0.4472 -0.6560 -0.6080
vn 0.8156 -0.0422 -0.5771
vn 0.8394 -0.1371 -0.5259
vn 0.8101 -0.0245 -0.5858
vn -0.0498 -0.1709 0.9840
vn -0.0973 -0.0201 0.9950
vn 0.8429 -0.1559 -0.5149
vn 0.8140 -0.0370 -0.5796
vn 0.8278 -0.0861 -0.5543
vn -0.0408 -0.0554 0.9976
vn 0.8432 -0.1557 -0.5145
vn -0.0434 -0.1558 0.9868
vn -0.7702 -0.0809 0.6326
vn -0.7242 -0.1753 0.6669
vn -0.7777 -0.0633 0.6254
vn -0.0556 0.0229 0.9982
vn -0.0707 0.0055 0.9975
vn -0.0336 0.0535 0.9980
vn -0.7140 -0.1939 0.6727
vn -0.7724 -0.0757 0.6306
vn -0.7501 -0.1246 0.6494
vn -0.0556 0.0228 0.9982
vn -0.7140 -0.1936 0.6729
vn -0.0795 -0.0105 0.9968
vn -0.0688 -0.0178 0.9975
vn -0.0707 0.0054 0.9975
vn 0.5327 0.4560 0.7130
vn 0.5499 0.3992 0.7337
vn 0.5364 0.4445 0.7174
vn -0.0796 -0.0105 0.9968
vn 0.5378 0.4402 0.7190
vn -0.0372 -0.0374 0.9986
vn -0.0267 -0.0440 0.9987
vn -0.0687 -0.0179 0.9975
vn -0.3185 0.8640 -0.3899
vn -0.0688 -0.0179 0.9975
vn -0.0796 -0.0106 0.9968
vn -0.0325 -0.0450 0.9985
vn -0.0535 -0.0545 0.9971
vn -0.4984 -0.5491 -0.6709
vn -0.4963 -0.5541 -0.6683
vn -0.5032 -0.5375 -0.6767
vn -0.4786 -0.5944 -0.6463
vn -0.0613 -0.0325 0.9976
vn 0.8140 -0.0371 -0.5797
vn 0.8156 -0.0421 -0.5771
vn -0.0325 -0.0451 0.9985
vn -0.0612 -0.0325 0.9976
vn 0.8278 -0.0862 -0.5544
vn -0.0534 0.0102 0.9985
vn -0.0465 -0.0194 0.9987
vn -0.7724 -0.0758 0.6305
vn -0.7703 -0.0809 0.6326
vn -0.0612 -0.0326 0.9976
vn -0.7501 -0.1247 0.6494
vn -0.0601 0.0384 0.9975
vn -0.0541 0.0425 0.9976
vn -0.0533 0.0101 0.9985
vn -0.4532 -0.6455 -0.6147
vn -0.0602 0.0384 0.9974
vn -0.6961 -0.1277 0.7065
vn -0.3474 -0.6173 0.7059
vn -0.3276 0.6458 -0.6896
vn -0.0335 0.0535 0.9980
vn -0.3276 0.6459 -0.6896
vn -0.1137 0.6181 -0.7779
vn -0.0602 0.0385 0.9974
vn 0.6458 -0.6492 0.4018
vn 0.7874 -0.5834 -0.1993
vn -0.3475 -0.6173 0.7058
vn -0.0450 -0.0040 0.9990
vn -0.0275 0.0092 0.9996
vn -0.0316 0.0004 0.9995
vn -0.3474 -0.6173 0.7058
vn 0.6458 -0.6492 0.4019
vn -0.0655 -0.0158 0.9977
vn -0.0450 -0.0041 0.9990
vn -0.1137 0.6180 -0.7779
vn -0.0516 -0.0599 0.9969
vn -0.0433 -0.0507 0.9978
vn -0.0472 -0.1004 0.9938
vn -0.3277 0.6459 -0.6896
vn -0.0474 -0.0937 0.9945
vn -0.0517 -0.0600 0.9969
vn -0.7848 0.0820 0.6143
vn -0.6960 -0.1277 0.7066
vn -0.0619 -0.0089 0.9980
vn -0.0344 0.0028 0.9994
vn -0.1138 0.6180 -0.7779
vn -0.0153 0.4855 -0.8741
vn -0.0343 0.0028 0.9994
vn -0.0315 0.0004 0.9995
vn 0.8090 -0.4786 0.3413
vn -0.6960 -0.1278 0.7065
vn -0.0656 -0.0159 0.9977
vn -0.0783 -0.0070 0.9969
vn -0.0944 -0.0127 0.9955
vn -0.6961 -0.1276 0.7065
vn -0.0943 -0.0127 0.9955
vn -0.0656 -0.0158 0.9977
vn 0.8089 -0.4786 0.3414
vn -0.0544 -0.0166 0.9984
vn -0.0120 -0.0130 0.9998
vn 0.6458 -0.6492 0.4017
vn -0.0396 -0.0995 0.9942
vn -0.0235 -0.0265 0.9994
vn -0.6601 -0.1215 0.7412
vn -0.7848 0.0819 0.6144
vn -0.0137 0.4229 -0.9061
vn -0.6602 -0.1215 0.7412
vn 0.9277 -0.3562 0.1118
vn 0.8089 -0.4787 0.3414
vn -0.7847 0.0819 0.6144
vn -0.0450 -0.0367 0.9983
vn -0.6601 -0.1215 0.7413
vn 0.9277 -0.3562 0.1117
vn -0.0625 -0.0072 0.9980
vn -0.0138 0.4228 -0.9061
vn -0.0625 -0.0075 0.9980
vn -0.0137 0.4228 -0.9061
vn 0.8090 -0.4787 0.3413
vn -0.0172 -0.0578 0.9982
vn -0.0242 0.0219 0.9995
vn -0.0042 0.0026 1.0000
vn -0.9197 0.1306 0.3703
vn -0.0623 -0.0075 0.9980
vn -0.0138 0.4229 -0.9061
vn 0.4490 0.2504 -0.8577
vn -0.9197 0.1306 0.3704
vn -0.0456 -0.0508 0.9977
vn 0.2586 -0.4734 0.8421
vn -0.0172 -0.0577 0.9982
vn -0.9196 0.1306 0.3704
vn -0.0451 -0.0366 0.9983
vn 0.2585 -0.4734 0.8420
vn 0.4491 0.2506 -0.8576
vn -0.0457 -0.0508 0.9977
vn -0.0451 -0.0367 0.9983
vn -0.0136 0.4229 -0.9061
vn -0.9556 0.2779 0.0981
vn 0.4490 0.2506 -0.8577
vn -0.0433 -0.0508 0.9978
vn -0.0545 -0.0166 0.9984
vn 0.1555 0.3804 -0.9117
vn -0.9556 0.2778 0.0982
vn 0.6959 -0.4850 0.5296
vn 0.2585 -0.4734 0.8421
vn -0.0554 0.0234 0.9982
vn -0.0705 0.0059 0.9975
vn -0.0340 0.0531 0.9980
vn -0.9197 0.1305 0.3704
vn -0.9556 0.2778 0.0981
vn 0.6959 -0.4850 0.5297
vn -0.0340 0.0532 0.9980
vn -0.0553 0.0235 0.9982
vn 0.1554 0.3804 -0.9116
vn -0.0792 -0.0108 0.9968
vn -0.0680 -0.0185 0.9975
vn -0.0705 0.0058 0.9975
vn 0.6959 -0.4849 0.5297
vn -0.0554 0.0235 0.9982
vn -0.0466 -0.0097 0.9989
vn -0.0374 -0.0374 0.9986
vn -0.0269 -0.0440 0.9987
vn -0.0680 -0.0186 0.9975
vn -0.0681 -0.0185 0.9975
vn -0.0321 -0.0450 0.9985
vn -0.0541 -0.0562 0.9970
vn -0.0270 -0.0440 0.9987
vn -0.0375 -0.0374 0.9986
vn -0.0320 -0.0450 0.9985
vn -0.0624 -0.0323 0.9975
vn -0.0542 -0.0562 0.9969
vn -0.0626 -0.0323 0.9975
vn -0.0418 -0.0019 0.9991
vn -0.0538 0.0095 0.9985
vn -0.0465 -0.0192 0.9987
vn 0.9988 0.0172 0.0469
vn 0.9988 0.0172 0.0462
vn 0.0175 -0.9998 -0.0086
vn -0.0613 0.0399 0.9973
vn -0.0543 0.0426 0.9976
vn -0.0538 0.0094 0.9985
vn -0.0613 0.0398 0.9973
vn -0.0172 0.9998 0.0089
vn -0.0536 0.9165 0.3965
vn 0.0217 0.9152 0.4025
vn -0.0103 0.8868 0.4621
vn -0.0826 0.8843 0.4597
vn -0.0535 0.9165 0.3965
vn -0.0064 0.9196 0.3928
vn 0.0550 0.8944 0.4439
vn -0.0906 0.8750 0.4756
vn -0.0905 0.8750 0.4756
vn -0.0640 0.9185 0.3903
vn -0.0065 0.9196 0.3929
vn -0.0110 0.8934 0.4492
vn -0.1295 0.8992 0.4180
vn -0.0765 0.9108 0.4058
vn -0.0765 0.9108 0.4057
vn 0.0123 0.9007 0.4344
vn -0.0110 0.8934 0.4491
vn 0.5383 0.8425 -0.0199
vn 0.4599 0.8878 -0.0143
vn 0.5601 0.8245 -0.0801
vn -0.5419 0.8338 -0.1050
vn -0.4713 0.8818 -0.0151
vn -0.5799 0.8069 -0.1122
vn -0.1472 0.9386 0.3119
vn -0.3998 0.9133 0.0778
vn -0.5060 0.8624 -0.0170
vn -0.0110 0.8933 0.4492
vn 0.4418 0.8962 0.0419
vn -0.0879 0.8968 0.4337
vn -0.1398 0.8642 0.4833
vn -0.1399 0.8642 0.4833
vn 0.5297 0.8480 -0.0182
vn 0.4418 0.8962 0.0420
vn 0.4999 0.8631 0.0721
vn 0.4934 0.8692 0.0313
vn 0.4282 0.9032 0.0286
vn 0.4347 0.8959 0.0918
vn 0.4999 0.8631 0.0722
vn 0.9988 0.0169 0.0466
vn -0.0825 0.8843 0.4596
vn -0.0178 0.9998 0.0121
vn 0.0093 0.9490 0.3150
vn -0.0331 0.8927 -0.4495
vn 0.0784 0.9968 0.0149
vn 0.0617 0.9048 -0.4213
vn -0.0662 0.9578 0.2798
vn 0.0093 0.9490 0.3151
vn -0.0038 0.9560 -0.2932
vn 0.0482 0.9497 -0.3095
vn -0.0012 0.9465 -0.3228
vn 0.0783 0.9968 0.0149
vn -0.0951 0.8993 0.4269
vn -0.0012 0.9466 -0.3225
vn -0.0013 0.9471 -0.3210
vn -0.0310 0.9563 0.2907
vn -0.0640 0.9185 0.3902
vn -0.0014 0.9477 -0.3192
vn -0.0076 0.9422 -0.3349
vn -0.0534 0.9289 -0.3664
vn -0.0481 0.9476 0.3157
vn -0.0311 0.9563 0.2908
vn -0.0533 0.9289 -0.3664
vn -0.0114 0.9512 -0.3084
vn -0.0013 0.9476 -0.3194
vn -0.0069 0.9297 0.3684
vn 0.0123 0.9007 0.4343
vn -0.0533 0.9290 -0.3663
vn -0.0878 0.8960 -0.4352
vn -0.0414 0.9449 0.3246
vn -0.0069 0.9296 0.3684
vn -0.0878 0.8961 -0.4352
vn -0.0160 0.9267 -0.3755
vn -0.0113 0.9512 -0.3084
vn 0.4532 0.8911 -0.0225
vn 0.5601 0.8245 -0.0800
vn 0.0193 0.9278 -0.3725
vn 0.1170 0.9156 -0.3847
vn 0.0482 0.9497 -0.3096
vn 0.4600 0.8878 -0.0143
vn 0.3752 0.9267 0.0211
vn -0.0038 0.9561 -0.2931
vn 0.0192 0.9278 -0.3726
vn 0.0782 0.9968 0.0149
vn 0.5296 0.8480 -0.0182
vn -0.1147 0.9934 0.0058
vn -0.4954 0.8680 0.0339
vn -0.5179 0.8554 0.0087
vn 0.0617 0.9049 -0.4212
vn -0.4355 0.9002 0.0060
vn -0.4592 0.8881 0.0185
vn -0.4712 0.8819 -0.0150
vn 0.0618 0.9048 -0.4212
vn 0.0060 0.9090 -0.4168
vn 0.1169 0.9156 -0.3847
vn -0.4075 0.9131 -0.0148
vn -0.4354 0.9002 0.0059
vn 0.3451 0.9378 0.0375
vn 0.5776 0.8157 0.0318
vn 0.5778 0.8158 0.0239
vn -0.0892 0.9358 0.3411
vn -0.3833 0.9206 0.0745
vn 0.5779 0.8158 0.0239
vn 0.3328 0.9429 -0.0115
vn 0.3450 0.9378 0.0375
vn -0.3832 0.9207 0.0745
vn 0.3432 0.9361 -0.0769
vn 0.5236 0.8467 -0.0941
vn 0.6223 0.7815 0.0448
vn -0.5060 0.8624 -0.0171
vn -0.1147 0.9934 0.0059
vn 0.4455 0.8916 0.0816
vn 0.3431 0.9361 -0.0770
vn -0.0880 0.8968 0.4337
vn 0.4417 0.8962 0.0420
vn 0.3390 0.9320 0.1284
vn 0.3747 0.9266 0.0317
vn 0.5930 0.8043 0.0389
vn 0.5777 0.8156 0.0319
vn 0.3391 0.9320 0.1284
vn 0.0564 0.9409 0.3340
vn 0.5777 0.8156 0.0318
vn 0.0783 0.9968 0.0150
vn 0.0312 0.9734 -0.2270
vn 0.0105 0.9633 -0.2683
vn -0.0027 0.9994 -0.0359
vn 0.3294 0.9422 0.0604
vn 0.4348 0.8959 0.0918
vn 0.4283 0.9032 0.0286
vn 0.0125 0.9506 -0.3103
vn 0.0313 0.9734 -0.2270
vn 0.4059 0.9135 0.0277
vn 0.3294 0.9423 0.0604
vn -0.0333 0.9990 0.0296
vn -0.0375 0.9728 -0.2284
vn -0.0903 0.9463 -0.3105
vn 0.0612 0.9148 0.3992
vn -0.0711 0.9065 0.4161
vn 0.0325 0.9035 0.4274
vn -0.0904 0.9463 -0.3105
vn -0.0388 0.9632 -0.2660
vn -0.0333 0.9990 0.0295
vn 0.0324 0.9035 0.4274
vn 0.0582 0.8992 0.4336
vn 0.0613 0.9148 0.3991
vn -0.3249 0.9457 -0.0059
vn -0.2206 0.9754 -0.0043
vn -0.4339 0.9005 -0.0290
vn -0.0951 0.8993 0.4268
vn -0.0212 0.9146 0.4039
vn -0.1390 0.9057 0.4005
vn -0.4707 0.8822 -0.0133
vn -0.1236 0.8931 0.4326
vn -0.1631 0.9866 0.0055
vn -0.3003 0.9536 0.0223
vn -0.4655 0.8841 0.0404
vn -0.1147 0.9934 0.0057
vn -0.4656 0.8841 0.0404
vn -0.4079 0.9130 -0.0054
vn -0.1630 0.9866 0.0055
vn -0.1235 0.8931 0.4326
vn -0.3580 0.9024 -0.2398
vn -0.3755 0.9223 -0.0920
vn -0.1197 0.9402 0.3190
vn -0.0212 0.9145 0.4039
vn -0.1029 0.9189 0.3808
vn -0.1196 0.9402 0.3190
vn 0.0471 0.9248 -0.3774
vn 0.0261 0.9751 -0.2201
vn -0.0051 1.0000 0.0008
vn 0.0614 0.9148 0.3991
vn -0.0072 0.9341 0.3569
vn 0.0264 0.9366 -0.3494
vn 0.0470 0.9248 -0.3774
vn -0.0073 0.9341 0.3569
vn -0.0832 0.9178 0.3883
vn -0.0712 0.9065 0.4161
vn -0.0579 0.9423 -0.3298
vn -0.2307 0.9144 -0.3326
vn -0.0213 0.9145 0.4039
vn -0.0950 0.8993 0.4268
vn 0.0551 0.8944 0.4439
vn 0.0261 0.9751 -0.2200
vn 0.0470 0.9249 -0.3774
vn -0.0581 0.9422 -0.3299
vn 0.1026 0.9093 0.4033
vn -0.0116 0.9511 -0.3087
vn -0.0233 0.9984 0.0518
vn -0.0383 0.9969 -0.0686
vn -0.1399 0.8642 0.4832
vn -0.0879 0.8967 0.4338
vn -0.1619 0.8762 0.4539
vn -0.0660 0.9245 -0.3755
vn -0.0116 0.9511 -0.3088
vn -0.1619 0.8762 0.4540
vn -0.1399 0.8643 0.4832
vn -0.0382 0.9969 -0.0686
vn 0.0007 0.9211 -0.3892
vn 0.1118 0.9285 -0.3542
vn -0.0879 0.9217 0.3778
vn 0.1117 0.9285 -0.3542
vn -0.0383 0.9969 -0.0685
vn -0.0054 0.9325 -0.3612
vn -0.0012 0.9466 -0.3224
vn 0.0481 0.9497 -0.3095
vn 0.1025 0.9093 0.4033
vn 0.0285 0.9465 0.3215
vn -0.0680 0.9262 -0.3709
vn -0.0055 0.9325 -0.3612
vn 0.0286 0.9465 0.3215
vn 0.2354 0.8967 -0.3748
vn 0.0828 0.9474 -0.3092
vn -0.0075 0.9422 -0.3349
vn 0.1118 0.9285 -0.3541
vn 0.0007 0.9212 -0.3892
vn 0.0105 0.9633 -0.2682
vn 0.0515 0.8887 0.4557
vn -0.1472 0.9386 0.3120
vn 0.0516 0.8886 0.4557
vn -0.0109 0.8934 0.4492
vn -0.0679 0.9262 -0.3709
vn -0.0414 0.9450 0.3246
vn -0.0680 0.9261 -0.3710
vn -0.0374 0.9728 -0.2284
vn -0.0833 0.9177 0.3883
vn 0.3328 0.9429 -0.0114
vn 0.5459 0.8372 0.0334
vn 0.0515 0.8886 0.4557
vn 0.0110 0.9174 0.3979
vn 0.5459 0.8372 0.0335
vn 0.3327 0.9430 -0.0114
vn 0.0110 0.9173 0.3979
vn -0.0892 0.9357 0.3412
vn -0.1471 0.9386 0.3120
vn 0.0828 0.9474 -0.3093
vn 0.2355 0.8967 -0.3749
vn 0.0516 0.8887 0.4557
vn -0.0068 0.9297 0.3684
vn 0.3432 0.9361 -0.0770
vn -0.0068 0.9296 0.3684
vn 0.0110 0.9173 0.3980
vn -0.3581 0.9024 -0.2398
vn -0.2306 0.9144 -0.3326
vn -0.0581 0.9422 -0.3298
vn -0.0581 0.9423 -0.3298
vn -0.3754 0.9223 -0.0920
vn -0.3581 0.9023 -0.2399
vn -0.1295 0.8991 0.4181
vn -0.4080 0.9130 -0.0054
vn -0.4754 0.8797 -0.0072
vn -0.4955 0.8680 0.0340
vn -0.2205 0.9754 -0.0043
vn -0.4955 0.8680 0.0339
vn 0.4454 0.8916 0.0816
vn 0.5929 0.8043 0.0389
vn -0.4713 0.8819 -0.0151
vn -0.4955 0.8679 0.0340
vn -0.5800 0.8069 -0.1122
vn 0.0266 0.9366 -0.3493
vn -0.5420 0.8338 -0.1049
vn -0.0233 0.9984 0.0517
vn 0.0265 0.9366 -0.3493
vn -0.5799 0.8069 -0.1121
vn -0.0013 0.9470 -0.3211
vn -0.4606 0.8851 -0.0663
vn -0.3997 0.9133 0.0779
vn -0.0113 0.9512 -0.3085
vn -0.0038 0.9561 -0.2932
vn -0.0012 0.9470 -0.3212
vn -0.3997 0.9133 0.0778
vn -0.0408 0.9630 -0.2662
vn -0.0410 0.9630 -0.2663
vn -0.0028 0.9994 -0.0359
vn -0.5420 0.8338 -0.1050
vn -0.4606 0.8852 -0.0662
vn 0.5037 0.8638 -0.0088
vn 0.5246 0.8481 0.0741
vn -0.4754 0.8797 -0.0073
vn -0.4591 0.8882 0.0185
vn -0.4355 0.9002 0.0059
vn 0.4933 0.8693 0.0314
vn 0.5038 0.8638 -0.0088
vn -0.4356 0.9001 0.0060
vn 0.4407 0.8970 -0.0337
vn 0.4477 0.8928 0.0496
vn 0.4478 0.8928 0.0496
vn 0.5363 0.8336 0.1325
vn 0.4385 0.8986 0.0185
vn 0.4385 0.8985 0.0185
vn 0.0612 0.9148 0.3991
vn 0.0583 0.8992 0.4336
vn 0.4559 0.8870 0.0740
vn 0.3450 0.9379 0.0375
vn -0.0103 0.8868 0.4620
vn 0.3450 0.9378 0.0376
vn -0.0826 0.8843 0.4596
vn 0.5037 0.8638 -0.0087
vn 0.4407 0.8970 -0.0338
vn 0.5363 0.8336 0.1324
vn 0.4963 0.8668 0.0485
vn 0.4963 0.8668 0.0484
vn 0.4385 0.8985 0.0186
vn -0.0178 0.9998 0.0122
vn -0.0103 0.8867 0.4621
vn 0.4558 0.8870 0.0740
vn 0.5246 0.8481 0.0742
vn -0.0826 0.8842 0.4597
vn 0.0125 0.9506 -0.3102
vn 0.0177 0.9188 -0.3942
vn 0.0398 0.9221 -0.3850
vn 0.0399 0.9221 -0.3850
vn 0.0312 0.9734 -0.2269
vn -0.0662 0.9578 0.2799
vn -0.0952 0.9136 -0.3953
vn 0.0104 0.9234 -0.3837
vn -0.0409 0.9630 -0.2662
vn 0.0217 0.9152 0.4024
vn 0.0092 0.9490 0.3151
vn -0.0408 0.9630 -0.2663
vn -0.0951 0.9136 -0.3952
vn -0.0072 0.9341 0.3568
vn 0.0612 0.9149 0.3991
vn -0.0404 0.8930 -0.4481
vn -0.0666 0.9020 -0.4265
vn 0.5383 0.8425 -0.0200
vn 0.5000 0.8630 0.0721
vn 0.4497 0.8931 0.0094
vn -0.0404 0.8930 -0.4482
vn 0.4498 0.8931 0.0094
vn 0.4599 0.8879 -0.0143
vn 0.0450 0.9016 -0.4302
vn -0.1146 0.9934 0.0058
vn 0.4417 0.8962 0.0419
vn 0.5296 0.8481 -0.0181
vn 0.0709 0.9062 -0.4168
vn 0.5601 0.8246 -0.0800
vn -0.0405 0.8930 -0.4482
vn -0.0951 0.9136 -0.3953
vn 0.4348 0.8958 0.0917
vn -0.0666 0.9021 -0.4265
vn 0.3461 0.9381 0.0127
vn 0.4497 0.8932 0.0094
vn 0.3462 0.9381 0.0127
vn 0.0710 0.9062 -0.4168
vn 0.4418 0.8961 0.0419
vn 0.4532 0.8911 -0.0226
vn 0.3390 0.9320 0.1285
vn -0.0404 0.8953 -0.4437
vn -0.0332 0.8927 -0.4495
vn 0.4347 0.8959 0.0917
vn -0.5601 0.8277 0.0353
vn -0.5178 0.8551 -0.0261
vn 0.3463 0.9381 0.0127
vn -0.4339 0.9005 -0.0289
vn -0.4694 0.8819 -0.0438
vn -0.4753 0.8798 -0.0073
vn 0.4933 0.8693 0.0313
vn -0.5451 0.8362 0.0602
vn -0.4707 0.8821 -0.0187
vn -0.0314 0.9994 -0.0132
vn -0.0070 0.9985 0.0548
vn -0.4655 0.8841 0.0403
vn -0.0663 0.9577 0.2799
vn -0.4566 0.8888 -0.0406
vn -0.5451 0.8362 0.0601
vn -0.0481 0.9477 0.3156
vn -0.0318 0.9413 0.3361
vn -0.0319 0.9407 0.3378
vn -0.3755 0.9223 -0.0919
vn -0.0319 0.9407 0.3377
vn -0.0311 0.9563 0.2907
vn -0.0481 0.9477 0.3157
vn -0.0196 0.9992 -0.0345
vn -0.0059 0.9998 0.0180
vn -0.0068 0.9297 0.3683
vn -0.5601 0.8277 0.0354
vn -0.5177 0.8551 -0.0261
vn -0.0415 0.9449 0.3246
vn -0.0195 0.9992 -0.0344
vn -0.4706 0.8821 -0.0187
vn -0.5177 0.8551 -0.0262
vn -0.5179 0.8554 0.0088
vn -0.4753 0.8798 -0.0072
vn -0.1627 0.9867 -0.0015
vn -0.2209 0.9753 0.0027
vn -0.0133 0.9126 -0.4087
vn 0.0283 0.8972 -0.4408
vn -0.2208 0.9753 0.0027
vn 0.0266 0.9366 -0.3494
vn 0.0519 0.9066 -0.4189
vn 0.1064 0.8884 -0.4466
vn -0.0892 0.9358 0.3412
vn -0.2613 0.9080 0.3274
vn 0.1063 0.8884 -0.4466
vn 0.0470 0.9248 -0.3775
vn -0.3796 0.8979 0.2230
vn -0.3832 0.9207 0.0746
vn -0.1215 0.9415 -0.3143
vn 0.5175 0.8442 0.1395
vn 0.2286 0.8996 0.3722
vn -0.1215 0.9416 -0.3142
vn -0.0580 0.9422 -0.3299
vn 0.5175 0.8443 0.1395
vn -0.0428 0.9175 -0.3955
vn -0.0661 0.9245 -0.3755
vn -0.0840 0.9106 -0.4046
vn -0.0397 0.9253 0.3771
vn -0.0593 0.9683 0.2427
vn 0.2471 0.8890 -0.3856
vn -0.0840 0.9106 -0.4047
vn -0.1196 0.9402 0.3189
vn -0.1029 0.9189 0.3809
vn 0.0283 0.8971 -0.4408
vn 0.0518 0.9065 -0.4189
vn -0.0289 0.9646 0.2621
vn -0.0336 0.9961 0.0815
vn 0.0284 0.8972 -0.4408
vn 0.0205 0.9092 -0.4159
vn -0.0335 0.9961 0.0815
vn -0.1214 0.9416 -0.3142
vn 0.0565 0.9409 0.3340
vn -0.0394 0.9356 0.3509
vn -0.0133 0.9125 -0.4087
vn -0.0393 0.9356 0.3509
vn -0.0880 0.9217 0.3778
vn -0.0839 0.9106 -0.4047
vn 0.2470 0.8890 -0.3856
vn -0.0134 0.9126 -0.4087
vn 0.0286 0.9465 0.3214
vn -0.0319 0.9402 0.3391
vn -0.0225 0.9236 -0.3826
vn -0.0398 0.9254 0.3770
vn -0.0196 0.9992 -0.0343
vn -0.0414 0.9450 0.3245
vn -0.0496 0.9065 -0.4193
vn -0.0877 0.8961 -0.4352
vn -0.0832 0.9177 0.3884
vn -0.0336 0.9961 0.0814
vn 0.0828 0.9473 -0.3093
vn -0.0497 0.9065 -0.4193
vn 0.0047 0.9707 0.2404
vn -0.0891 0.9358 0.3412
vn -0.0405 0.8953 -0.4437
vn 0.0047 0.9707 0.2403
vn -0.0405 0.8952 -0.4437
vn -0.0331 0.8926 -0.4495
vn 0.0111 0.9173 0.3980
vn -0.0224 0.9236 -0.3826
vn -0.0069 0.9297 0.3683
vn -0.0059 0.9998 0.0181
vn 0.0399 0.9220 -0.3851
vn -0.3832 0.9206 0.0746
vn -0.3795 0.8979 0.2230
vn -0.2978 0.9541 -0.0316
vn -0.4606 0.8852 -0.0663
vn -0.1628 0.9867 -0.0015
vn 0.0059 0.9090 -0.4168
vn -0.0666 0.9021 -0.4264
vn -0.0135 0.9125 -0.4087
vn 0.0708 0.9062 -0.4168
vn -0.0594 0.9683 0.2427
vn -0.0313 0.9994 -0.0133
vn -0.0313 0.9994 -0.0132
vn -0.0663 0.9578 0.2798
vn -0.0133 0.9125 -0.4088
vn 0.5774 0.8156 0.0375
vn 0.5983 0.8005 0.0347
vn 0.3752 0.9267 0.0210
vn 0.4282 0.9032 0.0287
vn 0.6234 0.7812 0.0342
vn 0.5773 0.8156 0.0376
vn 0.0205 0.9092 -0.4158
vn 0.3294 0.9422 0.0605
vn 0.5769 0.8156 0.0455
vn -0.3755 0.9222 -0.0920
vn -0.1214 0.9415 -0.3143
vn -0.4565 0.8888 -0.0406
vn -0.3755 0.9222 -0.0919
vn -0.0906 0.8750 0.4755
vn -0.1620 0.8762 0.4540
vn -0.0066 0.9196 0.3929
vn -0.4338 0.9005 -0.0289
vn -0.4707 0.8821 -0.0186
vn -0.0064 0.9196 0.3929
vn 0.0285 0.9465 0.3214
vn -0.0879 0.9218 0.3777
vn -0.0879 0.9217 0.3777
vn -0.0318 0.9413 0.3362
vn -0.0317 0.9412 0.3363
vn 0.0284 0.8971 -0.4408
vn -0.0319 0.9401 0.3393
vn 0.0265 0.9366 -0.3494
vn -0.0320 0.9405 0.3383
vn -0.0319 0.9402 0.3392
vn -0.0160 0.9267 -0.3754
vn 0.0192 0.9278 -0.3725
vn 0.0478 0.0150 -0.9987
vn 0.0281 0.0036 -0.9996
vn 0.0615 0.0194 -0.9979
vn -0.0115 0.9512 -0.3084
vn 0.0615 0.0195 -0.9979
vn 0.0664 0.0289 -0.9974
vn 0.0477 0.0150 -0.9987
vn 0.0124 0.9506 -0.3102
vn 0.8248 0.0096 0.5654
vn 0.8247 0.0096 0.5655
vn 0.8249 0.0095 0.5652
vn -0.0409 0.9631 -0.2662
vn 0.8249 0.0096 0.5652
vn -0.0179 0.9998 0.0121
vn 0.0449 0.9016 -0.4302
vn -0.0404 0.8931 -0.4481
vn 0.0268 0.0236 -0.9994
vn 0.0204 -0.0027 -0.9998
vn 0.0393 0.0064 -0.9992
vn 0.4283 0.9032 0.0287
vn 0.0393 0.0065 -0.9992
vn 0.0663 0.0376 -0.9971
vn 0.0268 0.0237 -0.9994
vn 0.4934 0.8693 0.0313
vn -0.9998 -0.0030 -0.0210
vn -0.9986 -0.0405 0.0337
vn -0.9987 -0.0188 -0.0476
vn -0.0498 0.9065 -0.4193
vn -0.9974 0.0240 -0.0676
vn -0.9998 -0.0030 -0.0211
vn -0.0177 0.9998 0.0092
vn -0.0180 0.9998 0.0088
vn -0.0175 0.9998 0.0085
vn 0.0204 0.9092 -0.4158
vn -0.5600 0.8277 0.0354
vn -0.0176 0.9998 0.0085
vn -0.0173 0.9998 0.0089
vn -0.0178 0.9998 0.0092
vn 0.0204 0.9092 -0.4159
vn 0.8794 -0.4670 0.0926
vn 0.8606 -0.5080 0.0351
vn -0.5450 0.8363 0.0601
vn 0.8793 -0.4671 0.0934
vn -0.4545 0.7507 -0.4796
vn -0.5019 0.7212 -0.4774
vn 0.0518 0.9066 -0.4189
vn -0.5020 0.7212 -0.4774
vn -0.3581 0.9024 -0.2397
vn -0.0134 0.9125 -0.4088
vn 0.0294 0.5499 -0.8347
vn 0.0294 0.5500 -0.8346
vn 0.0617 0.9048 -0.4212
vn -0.6716 -0.0077 -0.7409
vn -0.6717 -0.0092 -0.7408
vn -0.6716 -0.0076 -0.7409
vn -0.6715 -0.0092 -0.7410
vn -0.6716 -0.0073 -0.7409
vn 0.0299 0.5496 -0.8349
vn 0.0295 0.5499 -0.8347
vn 0.0384 0.0619 -0.9973
vn 0.0586 0.0724 -0.9957
vn 0.0489 0.0631 -0.9968
vn 0.0314 0.0592 -0.9978
vn 0.0267 0.6047 -0.7960
vn 0.0267 0.6046 -0.7961
vn 0.0390 0.0287 -0.9988
vn 0.0268 0.6044 -0.7962
vn 0.0314 0.0590 -0.9978
vn 0.0509 0.0175 -0.9985
vn 0.0389 0.0288 -0.9988
vn 0.0463 0.0001 -0.9989
vn 0.0390 0.0288 -0.9988
vn 0.0510 0.0174 -0.9985
vn 0.0303 -0.0130 -0.9995
vn 0.0463 0.0000 -0.9989
vn 0.7802 0.6255 -0.0088
vn 0.7797 0.6260 0.0154
vn 0.7124 0.5601 -0.4227
vn 0.0385 -0.0369 -0.9986
vn 0.0165 0.7693 -0.6386
vn 0.0302 -0.0130 -0.9995
vn 0.0606 -0.0257 -0.9978
vn 0.0386 -0.0369 -0.9986
vn 0.0165 0.7693 -0.6387
vn 0.0658 -0.0247 -0.9975
vn 0.0607 -0.0257 -0.9978
vn 0.7796 0.6260 0.0154
vn 0.7789 0.6258 0.0421
vn 0.0553 -0.0181 -0.9983
vn 0.0659 -0.0247 -0.9975
vn 0.7787 0.6259 0.0422
vn 0.7796 0.6260 0.0155
vn 0.0248 0.0008 -0.9997
vn 0.8602 0.0197 -0.5096
vn 0.0554 -0.0181 -0.9983
vn 0.0136 0.0085 -0.9999
vn 0.0247 0.0008 -0.9997
vn 0.8601 0.0197 -0.5097
vn 0.0222 0.0252 -0.9994
vn -0.0219 0.0074 -0.9997
vn 0.0760 0.0174 -0.9970
vn -0.0048 -0.0001 -1.0000
vn 0.0137 0.0085 -0.9999
vn 0.0373 0.0428 -0.9984
vn -0.0049 -0.0001 -1.0000
vn -0.0180 -0.0064 -0.9998
vn -0.0218 0.0074 -0.9997
vn 0.0374 0.0428 -0.9984
vn 0.1014 0.0002 -0.9948
vn 0.0456 -0.0022 -0.9990
vn 0.0325 0.0019 -0.9995
vn 0.0586 0.0725 -0.9956
vn 0.0325 0.0018 -0.9995
vn 0.0740 0.0327 -0.9967
vn 0.0596 -0.0536 -0.9968
vn 0.0383 0.0027 -0.9993
vn 0.0494 -0.0315 -0.9983
vn -0.0057 0.5490 -0.8358
vn 0.0179 0.5497 -0.8352
vn -0.0373 0.5608 -0.8271
vn 0.0494 -0.0314 -0.9983
vn 0.0452 -0.0812 -0.9957
vn 0.0597 -0.0535 -0.9968
vn -0.0308 0.5479 -0.8359
vn -0.0177 -0.0068 -0.9998
vn 0.0331 -0.0659 -0.9973
vn 0.0693 -0.0071 -0.9976
vn 0.0297 0.5500 -0.8347
vn 0.0288 0.5499 -0.8347
vn 0.0394 0.0305 -0.9988
vn 0.0226 -0.0021 -0.9997
vn 0.0477 -0.0173 -0.9987
vn 0.0281 0.5500 -0.8347
vn 0.0291 0.5499 -0.8347
vn 0.0477 -0.0174 -0.9987
vn 0.0470 -0.0314 -0.9984
vn 0.9987 -0.0120 0.0486
vn 0.9742 0.2209 0.0461
vn 0.9907 0.1277 0.0472
vn 0.0686 0.0413 -0.9968
vn 0.0394 0.0306 -0.9988
vn 0.0471 -0.0315 -0.9984
vn 0.5290 0.7113 -0.4627
vn 0.6795 0.6945 -0.2365
vn 0.0755 -0.0385 -0.9964
vn 0.5236 0.8467 -0.0942
vn 0.0885 0.0219 -0.9958
vn 0.7975 0.6018 0.0429
vn 0.7570 0.6518 0.0455
vn 0.0305 0.0118 -0.9995
vn 0.0885 0.0220 -0.9958
vn 0.7571 0.6517 0.0455
vn 0.0807 0.0063 -0.9967
vn 0.0303 0.0121 -0.9995
vn 0.6132 0.0014 -0.7899
vn 0.6168 -0.0316 -0.7865
vn 0.6170 -0.0314 -0.7863
vn 0.0303 0.0119 -0.9995
vn 0.0384 0.0027 -0.9993
vn 0.0807 0.0062 -0.9967
vn 0.6174 -0.0309 -0.7861
vn 0.6155 0.0006 -0.7882
vn 0.6132 0.0015 -0.7899
vn -0.0176 -0.0079 -0.9998
vn 0.0693 -0.0072 -0.9976
vn 0.7764 0.6293 0.0360
vn 0.0476 -0.0174 -0.9987
vn 0.8369 0.5455 0.0442
vn 0.5458 0.8372 0.0335
vn 0.0692 -0.0071 -0.9976
vn 0.0450 -0.0744 -0.9962
vn 0.9989 -0.0476 -0.0010
vn 0.9970 -0.0717 0.0282
vn 0.9999 0.0139 0.0091
vn 0.0451 -0.0745 -0.9962
vn 0.0411 -0.0406 -0.9983
vn 0.9999 0.0140 0.0092
vn 0.9996 0.0292 0.0023
vn 0.9989 -0.0477 -0.0010
vn 0.0597 -0.0536 -0.9968
vn 0.9950 0.0864 0.0505
vn 0.9972 0.0306 0.0684
vn 0.9969 0.0246 0.0741
vn -0.0017 0.0066 -1.0000
vn 0.0148 0.0120 -0.9998
vn 0.0272 0.0034 -0.9996
vn 0.9977 0.0454 0.0504
vn 0.9950 0.0864 0.0504
vn 0.0272 0.0035 -0.9996
vn 0.0478 0.0153 -0.9987
vn -0.0016 0.0066 -1.0000
vn -0.0080 0.0286 -0.9996
vn -0.0126 0.0325 -0.9994
vn -0.0622 0.0077 -0.9980
vn 0.0584 0.0222 -0.9980
vn 0.0309 0.0104 -0.9995
vn 0.0653 0.0285 -0.9975
vn -0.0621 0.0077 -0.9980
vn -0.0047 -0.0008 -1.0000
vn -0.0080 0.0285 -0.9996
vn 0.0652 0.0285 -0.9975
vn 0.0613 0.0197 -0.9979
vn 0.0585 0.0222 -0.9980
vn 0.0884 0.0014 -0.9961
vn 0.0451 -0.0812 -0.9957
vn 0.0761 0.0174 -0.9970
vn 0.0669 0.0377 -0.9970
vn 0.0884 0.0015 -0.9961
vn 0.0410 -0.0407 -0.9983
vn 0.0451 -0.0744 -0.9962
vn 0.0397 0.5833 -0.8113
vn 0.0267 0.6044 -0.7963
vn 0.0320 0.5960 -0.8024
vn 0.0612 0.0197 -0.9979
vn 0.0319 0.5960 -0.8024
vn 0.0521 0.5622 -0.8254
vn 0.0397 0.5832 -0.8113
vn 0.0478 0.0152 -0.9987
vn 0.0238 0.6041 -0.7966
vn 0.0225 0.5969 -0.8020
vn 0.0385 0.0618 -0.9973
vn 0.0591 0.0728 -0.9956
vn -0.0373 0.5607 -0.8271
vn 0.0489 0.0630 -0.9968
vn 0.0325 0.0577 -0.9978
vn 0.0386 0.0618 -0.9973
vn 0.0443 -0.1440 -0.9886
vn 0.0475 -0.5971 -0.8008
vn 0.0475 -0.5982 -0.8000
vn 0.0394 0.0294 -0.9988
vn 0.0326 0.0577 -0.9978
vn 0.0475 -0.5983 -0.7999
vn 0.0476 -0.1367 -0.9895
vn 0.0438 -0.1440 -0.9886
vn 0.0508 0.0175 -0.9986
vn 0.0394 0.0295 -0.9988
vn 0.0440 0.0617 -0.9971
vn 0.0299 -0.5747 -0.8178
vn 0.0492 -0.5556 -0.8300
vn 0.0509 0.0174 -0.9986
vn 0.0459 0.1197 -0.9917
vn 0.0442 0.0617 -0.9971
vn 0.0315 -0.0133 -0.9994
vn 0.0462 0.0000 -0.9989
vn 0.0611 0.0597 -0.9963
vn 0.0442 0.0615 -0.9971
vn 0.0460 0.1197 -0.9918
vn 0.0392 -0.0352 -0.9986
vn 0.0316 -0.0132 -0.9994
vn 0.0249 0.0653 -0.9976
vn 0.0611 0.0596 -0.9963
vn 0.0315 -0.0132 -0.9994
vn 0.0603 -0.0258 -0.9978
vn 0.0392 -0.0353 -0.9986
vn 0.0418 -0.1519 -0.9875
vn -0.0505 -0.0482 -0.9976
vn 0.0347 -0.5086 -0.8603
vn 0.0661 -0.0247 -0.9975
vn 0.0393 -0.0352 -0.9986
vn 0.0602 -0.0257 -0.9979
vn 0.0537 -0.5960 -0.8012
vn 0.0417 -0.1518 -0.9875
vn 0.0603 -0.0257 -0.9979
vn 0.0556 -0.0181 -0.9983
vn 0.0660 -0.0247 -0.9975
vn -0.0047 -0.0012 -1.0000
vn -0.0505 -0.0483 -0.9976
vn 0.0241 0.0014 -0.9997
vn -0.0504 -0.0483 -0.9976
vn 0.0417 -0.1519 -0.9875
vn -0.0047 -0.0009 -1.0000
vn 0.0132 0.0088 -0.9999
vn 0.0240 0.0015 -0.9997
vn 0.0904 -0.3201 -0.9431
vn 0.1459 -0.0075 -0.9893
vn 0.0373 0.0838 -0.9958
vn 0.0220 0.0248 -0.9995
vn 0.0131 0.0088 -0.9999
vn 0.0373 0.0839 -0.9958
vn 0.0438 -0.5311 -0.8461
vn 0.0905 -0.3201 -0.9431
vn 0.0371 0.0421 -0.9984
vn 0.0220 0.0248 -0.9994
vn -0.0126 0.0326 -0.9994
vn -0.0081 0.0285 -0.9996
vn 0.0374 0.0838 -0.9958
vn 0.0591 0.0727 -0.9956
vn 0.0371 0.0422 -0.9984
vn 0.0590 0.0728 -0.9956
vn 0.0253 -0.0884 -0.9958
vn 0.0493 -0.0066 -0.9988
vn 0.0326 -0.4760 -0.8788
vn 0.0721 -0.0826 -0.9940
vn 0.0437 -0.0014 -0.9990
vn 0.0519 -0.0361 -0.9980
vn 0.0424 -0.5383 -0.8417
vn 0.0254 -0.0883 -0.9958
vn 0.0721 -0.0827 -0.9940
vn 0.0668 0.0377 -0.9971
vn -0.0046 -0.0008 -1.0000
vn 0.0418 -0.1518 -0.9875
vn 0.0630 -0.0122 -0.9979
vn 0.0249 0.0654 -0.9976
vn 0.0217 -0.0122 -0.9997
vn 0.0116 -0.4237 -0.9058
vn -0.0141 -0.0529 -0.9985
vn 0.0720 -0.0826 -0.9940
vn 0.0218 -0.0122 -0.9997
vn 0.0487 -0.0266 -0.9985
vn 0.0248 0.0654 -0.9976
vn 0.0447 -0.6000 -0.7987
vn 0.0116 -0.4237 -0.9057
vn 0.0249 0.0652 -0.9976
vn 0.0486 -0.0266 -0.9985
vn 0.0683 -0.0355 -0.9970
vn 0.0684 -0.0355 -0.9970
vn 0.0438 -0.0997 -0.9941
vn 0.0495 -0.2817 -0.9582
vn 0.0289 0.0055 -0.9996
vn 0.0473 -0.1038 -0.9935
vn 0.0288 0.0054 -0.9996
vn 0.0415 -0.0737 -0.9964
vn 0.0289 0.0054 -0.9996
vn 0.0473 -0.1037 -0.9935
vn 0.0525 -0.0656 -0.9965
vn -0.0081 0.0286 -0.9996
vn 0.0485 0.0686 -0.9965
vn 0.0472 -0.3327 -0.9418
vn 0.0581 -0.3965 -0.9162
vn 0.0630 -0.0123 -0.9979
vn 0.0605 0.1161 -0.9914
vn 0.0485 0.0687 -0.9965
vn 0.0629 -0.0123 -0.9979
vn 0.0699 0.0483 -0.9964
vn 0.0438 -0.1441 -0.9886
vn 0.0410 -0.0445 -0.9982
vn 0.0317 0.0557 -0.9979
vn 0.0699 0.0481 -0.9964
vn 0.0494 0.0773 -0.9958
vn 0.0267 -0.2066 -0.9781
vn 0.0750 -0.3657 -0.9277
vn 0.0074 0.0067 -1.0000
vn 0.0202 0.0122 -0.9997
vn 0.0286 0.0038 -0.9996
vn 0.0750 -0.3656 -0.9277
vn 0.0684 0.0995 -0.9927
vn 0.0494 0.0772 -0.9958
vn 0.0288 0.0038 -0.9996
vn 0.0478 0.0149 -0.9987
vn 0.0072 0.0067 -1.0000
vn 0.0693 0.0413 -0.9967
vn 0.0595 0.0222 -0.9980
vn 0.0293 0.0101 -0.9995
vn 0.0659 0.0287 -0.9974
vn 0.0614 0.0195 -0.9979
vn 0.0507 -0.3103 -0.9493
vn 0.0497 -0.2958 -0.9540
vn 0.0519 -0.0362 -0.9980
vn 0.0411 -0.0444 -0.9982
vn 0.0497 -0.2956 -0.9540
vn 0.0452 -0.0813 -0.9957
vn -0.9967 -0.0784 -0.0218
vn -0.9145 -0.4042 -0.0196
vn -0.8874 -0.4588 -0.0452
vn 0.0614 0.0196 -0.9979
vn 0.0659 0.0288 -0.9974
vn -0.8873 -0.4589 -0.0452
vn -0.9908 -0.1325 -0.0290
vn 0.0477 0.0149 -0.9987
vn 0.0287 0.0038 -0.9996
vn -0.9986 -0.0406 0.0337
vn -0.9908 -0.1324 -0.0290
vn 0.0392 0.0298 -0.9988
vn 0.0603 0.0408 -0.9973
vn 0.0497 0.0308 -0.9983
vn -0.9987 -0.0189 -0.0475
vn 0.0496 0.0308 -0.9983
vn 0.0327 0.0256 -0.9991
vn 0.0392 0.0296 -0.9988
vn -0.9984 -0.0429 -0.0357
vn -0.8787 -0.4750 -0.0476
vn -0.7430 -0.6677 -0.0451
vn 0.0231 0.0170 -0.9996
vn 0.0392 0.0297 -0.9988
vn 0.0326 0.0256 -0.9991
vn -0.7430 -0.6678 -0.0451
vn -0.9969 -0.0593 -0.0523
vn 0.0294 0.0133 -0.9995
vn 0.0230 0.0169 -0.9996
vn -0.9993 0.0122 -0.0341
vn -0.9984 -0.0430 -0.0357
vn -0.9969 -0.0593 -0.0524
vn 0.0250 0.0045 -0.9997
vn 0.0231 0.0169 -0.9996
vn 0.0294 0.0132 -0.9995
vn -0.9974 0.0240 -0.0675
vn 0.0164 -0.0018 -0.9999
vn -0.6710 -0.0223 -0.7411
vn -0.6713 -0.0162 -0.7410
vn -0.6700 -0.0456 -0.7410
vn 0.0386 -0.0093 -0.9992
vn -0.6701 -0.0455 -0.7409
vn -0.6700 -0.0455 -0.7409
vn 0.0597 -0.0003 -0.9982
vn 0.0384 -0.0093 -0.9992
vn -0.6716 -0.0079 -0.7409
vn 0.0657 0.0008 -0.9978
vn 0.0385 -0.0093 -0.9992
vn 0.0596 -0.0003 -0.9982
vn -0.6710 -0.0224 -0.7411
vn 0.0598 -0.0003 -0.9982
vn 0.0556 0.0083 -0.9984
vn -0.6564 -0.1936 -0.7291
vn -0.6708 -0.0403 -0.7406
vn -0.6707 -0.0421 -0.7405
vn 0.0415 0.0136 -0.9990
vn 0.0656 0.0008 -0.9978
vn -0.6706 -0.0420 -0.7406
vn -0.6565 -0.1937 -0.7291
vn -0.6565 -0.1937 -0.7290
vn 0.0555 0.0084 -0.9984
vn 0.0386 0.0140 -0.9992
vn 0.0415 0.0137 -0.9990
vn -0.6716 -0.0079 -0.7408
vn -0.6706 -0.0421 -0.7406
vn 0.0473 0.0204 -0.9987
vn -0.6706 -0.0403 -0.7407
vn 0.0387 0.0140 -0.9992
vn 0.0551 0.0286 -0.9981
vn 0.0472 0.0205 -0.9987
vn 0.0346 -0.0935 -0.9950
vn -0.0141 -0.0530 -0.9985
vn 0.0117 -0.4237 -0.9058
vn 0.0550 0.0286 -0.9981
vn 0.0116 -0.4236 -0.9058
vn 0.0259 -0.2821 -0.9590
vn 0.0497 0.0309 -0.9983
vn 0.0721 -0.0660 -0.9952
vn 0.0595 -0.0086 -0.9982
vn 0.0526 -0.0656 -0.9965
vn 0.0492 -0.0066 -0.9988
vn 0.0062 0.0910 -0.9958
vn 0.0486 -0.4477 -0.8929
vn 0.0345 -0.0935 -0.9950
vn 0.0438 -0.0163 -0.9989
vn 0.0486 -0.4477 -0.8928
vn 0.0327 -0.4761 -0.8788
vn 0.0316 0.0557 -0.9979
vn -0.0219 0.0073 -0.9997
vn 0.0114 -0.0196 -0.9997
vn 0.0061 0.0910 -0.9958
vn 0.0114 -0.0195 -0.9997
vn 0.0601 -0.0328 -0.9977
vn 0.0263 -0.0113 -0.9996
vn -0.0237 0.0215 -0.9995
vn -0.0241 -0.1166 -0.9929
vn 0.0600 -0.0328 -0.9977
vn 0.0693 -0.0255 -0.9973
vn 0.0699 0.0482 -0.9964
vn -0.0241 -0.1165 -0.9929
vn 0.0497 -0.2872 -0.9566
vn 0.0262 -0.0113 -0.9996
vn 0.0739 0.0327 -0.9967
vn -0.0238 0.0215 -0.9995
vn 0.0692 -0.0254 -0.9973
vn 0.0450 0.0079 -0.9990
vn 0.0738 0.0327 -0.9967
vn 0.0449 0.0081 -0.9990
vn 0.0365 -0.0634 -0.9973
vn 0.0530 -0.2740 -0.9603
vn 0.0449 0.0079 -0.9990
vn 0.1014 0.0002 -0.9949
vn 0.0489 -0.1914 -0.9803
vn -0.0181 -0.0064 -0.9998
vn 0.0456 -0.0023 -0.9990
vn 0.0720 -0.0660 -0.9952
vn 0.0226 -0.0009 -0.9997
vn 0.0326 0.0018 -0.9995
vn 0.0668 0.0378 -0.9970
vn 0.0326 0.0019 -0.9995
vn -0.0176 -0.0068 -0.9998
vn 0.0886 0.0220 -0.9958
vn 0.2870 0.0126 -0.9579
vn 0.0248 0.0652 -0.9976
vn 0.0460 0.1197 -0.9917
vn 0.2870 0.0125 -0.9579
vn 0.2475 0.0075 -0.9689
vn 0.0425 -0.5383 -0.8417
vn 0.0299 -0.5746 -0.8179
vn 0.0288 0.5500 -0.8347
vn 0.0297 0.5499 -0.8347
vn 0.0279 0.5501 -0.8347
vn 0.0276 0.5499 -0.8348
vn 0.0287 0.5499 -0.8347
vn 0.0287 0.5500 -0.8347
vn 0.0439 -0.5312 -0.8461
vn 0.0460 0.1196 -0.9918
vn 0.0299 0.5499 -0.8347
vn 0.0296 0.5499 -0.8347
vn 0.0492 -0.5557 -0.8299
vn 0.0438 -0.5311 -0.8462
vn 0.0299 0.5500 -0.8346
vn 0.0409 -0.1519 -0.9876
vn 0.0536 -0.5960 -0.8012
vn 0.0475 -0.5971 -0.8007
vn 0.0554 0.5384 -0.8408
vn 0.0371 0.5470 -0.8363
vn 0.1641 0.4849 -0.8591
vn 0.0474 -0.5974 -0.8005
vn 0.1642 0.4849 -0.8590
vn 0.1582 0.4809 -0.8624
vn 0.0554 0.5384 -0.8409
vn 0.0446 -0.6001 -0.7987
vn 0.0720 -0.0827 -0.9940
vn 0.0457 -0.1367 -0.9896
vn 0.0475 -0.5984 -0.7998
vn 0.0447 -0.6001 -0.7987
vn 0.0556 0.5384 -0.8408
vn 0.0267 0.6049 -0.7959
vn 0.0226 0.5969 -0.8020
vn 0.0485 0.0808 -0.9956
vn 0.0627 -0.2179 -0.9739
vn 0.0267 0.6046 -0.7960
vn -0.0240 -0.1166 -0.9929
vn 0.0485 0.0808 -0.9955
vn 0.0685 0.0996 -0.9927
vn 0.0627 -0.2179 -0.9740
vn 0.0485 0.0809 -0.9955
vn 0.0684 0.0996 -0.9927
vn 0.9719 0.0162 0.2347
vn 0.9962 0.0869 0.0061
vn 0.0580 -0.1886 -0.9803
vn 0.0361 -0.0485 -0.9982
vn 0.2666 -0.0334 -0.9632
vn 0.9962 0.0870 0.0061
vn 0.9886 0.1357 -0.0652
vn 0.2666 -0.0335 -0.9632
vn 0.3557 -0.0390 -0.9338
vn 0.0579 -0.1886 -0.9804
vn 0.9971 0.0680 0.0329
vn 0.9930 0.0841 0.0826
vn 0.9961 0.0792 0.0383
vn 0.0268 -0.2067 -0.9780
vn 0.0361 -0.0486 -0.9982
vn 0.9961 0.0792 0.0384
vn 0.9950 0.0864 0.0503
vn 0.0362 -0.0485 -0.9982
vn 0.0580 -0.1885 -0.9804
vn 0.0267 -0.2067 -0.9780
vn 0.9886 0.1358 -0.0651
vn 0.9962 0.0869 0.0062
vn 0.9855 -0.1403 -0.0959
vn 0.0225 -0.0021 -0.9997
vn 0.9855 -0.1402 -0.0959
vn 0.9190 -0.3924 -0.0386
vn 0.9886 0.1358 -0.0652
vn 0.0226 -0.0020 -0.9997
vn 0.8471 -0.5275 0.0644
vn 0.9930 0.0842 0.0826
vn 0.9971 0.0680 0.0328
vn 0.9972 0.0679 0.0329
vn 0.8597 -0.5102 0.0266
vn 0.8472 -0.5274 0.0644
vn 0.0393 0.0305 -0.9988
vn 0.9999 0.0139 0.0092
vn 0.9970 -0.0716 0.0282
vn 0.9932 -0.1015 0.0567
vn 0.9972 0.0306 0.0685
vn 0.9913 -0.0711 0.1111
vn 0.9923 -0.0097 0.1231
vn 0.9729 0.0108 0.2308
vn 0.9729 0.0109 0.2308
vn 0.9970 0.0246 0.0740
vn 0.9913 -0.0711 0.1112
vn 0.9932 -0.1015 0.0568
vn 0.9727 -0.2293 0.0368
vn 0.0527 -0.3237 -0.9447
vn 0.1908 -0.2531 -0.9484
vn 0.9384 -0.3424 0.0468
vn 0.1909 -0.2531 -0.9484
vn 0.2719 -0.0253 -0.9620
vn 0.0596 -0.0535 -0.9968
vn 0.9841 -0.1665 0.0615
vn 0.9923 -0.0097 0.1232
vn 0.0527 -0.3236 -0.9447
vn 0.9923 -0.0096 0.1231
vn 0.9989 -0.0477 -0.0011
vn 0.9991 0.0230 0.0355
vn 0.0401 -0.3149 -0.9483
vn 0.0365 -0.0633 -0.9973
vn 0.9595 -0.2774 0.0490
vn 0.9726 -0.2294 0.0368
vn 0.0494 -0.1914 -0.9803
vn 0.0400 -0.3149 -0.9483
vn 0.9989 -0.0122 0.0449
vn 0.9595 -0.2773 0.0490
vn 0.0332 -0.0660 -0.9973
vn 0.0507 -0.3104 -0.9493
vn 0.9972 0.0305 0.0685
vn 0.9961 0.0793 0.0384
vn 0.2720 -0.0253 -0.9620
vn 0.9729 0.0109 0.2309
vn 0.9720 0.0157 0.2346
vn 0.0808 0.0063 -0.9967
vn 0.9977 0.0455 0.0503
vn 0.9969 0.0247 0.0741
vn 0.7408 0.6706 0.0399
vn 0.7764 0.6292 0.0361
vn 0.7764 0.6292 0.0360
vn 0.5778 0.8159 0.0239
vn -0.9993 0.0123 -0.0341
vn -0.9986 -0.0032 -0.0533
vn 0.5237 0.8467 -0.0941
vn -0.9987 -0.0193 -0.0465
vn -0.9993 0.0122 -0.0340
vn 0.7978 0.6014 0.0429
vn -0.9987 -0.0189 -0.0476
vn -0.9986 -0.0032 -0.0532
vn 0.7408 0.6705 0.0400
vn 0.5777 0.8157 0.0318
vn -0.9986 -0.0406 0.0336
vn -0.9897 -0.0388 0.1379
vn -0.9998 -0.0105 -0.0181
vn 0.9991 0.0231 0.0355
vn -0.8808 0.4735 0.0015
vn -0.8663 0.4984 -0.0321
vn -0.8695 0.4932 -0.0252
vn 0.2919 -0.0313 -0.9559
vn 0.3630 0.0186 -0.9316
vn -0.8695 0.4933 -0.0253
vn -0.8815 0.4721 -0.0001
vn -0.8808 0.4734 0.0014
vn 0.0394 0.0065 -0.9992
vn 0.0359 -0.0616 -0.9975
vn -0.8663 0.4985 -0.0321
vn 0.2918 -0.0313 -0.9560
vn 0.0359 -0.0615 -0.9975
vn 0.0476 -0.0712 -0.9963
vn -0.8695 0.4932 -0.0253
vn 0.2885 0.0191 -0.9573
vn 0.1116 0.0753 -0.9909
vn -0.8651 0.5003 -0.0354
vn 0.0430 0.0417 -0.9982
vn 0.0662 0.0376 -0.9971
vn 0.0431 0.0418 -0.9982
vn 0.0114 -0.2127 -0.9771
vn -0.9924 -0.1080 -0.0589
vn -0.8663 -0.4976 -0.0438
vn 0.0115 -0.2127 -0.9771
vn 0.0494 -0.2603 -0.9643
vn -0.9925 -0.1080 -0.0575
vn 0.3631 0.0186 -0.9316
vn 0.2888 0.0191 -0.9572
vn -0.8873 -0.4590 -0.0452
vn -0.8664 -0.4975 -0.0438
vn -0.8663 -0.4975 -0.0438
vn -0.9925 -0.1079 -0.0575
vn 0.6094 0.0146 -0.7927
vn 0.6078 0.0132 -0.7940
vn 0.6096 0.0147 -0.7926
vn -0.9144 -0.4042 -0.0195
vn -0.9872 -0.0973 0.1265
vn 0.6097 0.0147 -0.7925
vn 0.6113 0.0131 -0.7913
vn 0.6094 0.0147 -0.7927
vn -0.9923 -0.1206 -0.0276
vn -0.9144 -0.4043 -0.0195
vn 0.6113 0.0130 -0.7913
vn 0.6096 0.0146 -0.7926
vn 0.6155 0.0005 -0.7882
vn 0.6066 0.0054 -0.7950
vn 0.6270 -0.0362 -0.7781
vn 0.6067 0.0053 -0.7949
vn 0.6802 -0.1703 -0.7130
vn 0.7281 -0.2730 -0.6288
vn 0.6270 -0.0362 -0.7782
vn -0.9998 -0.0105 -0.0180
vn 0.6271 -0.0362 -0.7781
vn 0.9967 0.0660 0.0474
vn 0.9996 0.0293 0.0023
vn -0.9936 0.0568 -0.0979
vn -0.7935 -0.6072 -0.0403
vn -0.9669 -0.2476 -0.0610
vn 0.9961 0.0793 0.0383
vn -0.9969 0.0490 0.0613
vn -0.9936 0.0568 -0.0980
vn 0.9971 0.0679 0.0328
vn 0.9950 0.0865 0.0503
vn -0.9969 -0.0592 -0.0524
vn -0.7431 -0.6677 -0.0451
vn -0.7936 -0.6071 -0.0403
vn -0.9936 0.0569 -0.0980
vn 0.9189 -0.3925 -0.0386
vn 0.8597 -0.5102 0.0265
vn 0.9972 0.0678 0.0328
vn -0.8787 -0.4749 -0.0476
vn 0.9971 0.0679 0.0329
vn -0.9973 -0.0564 -0.0468
vn -0.7933 -0.6073 -0.0428
vn -0.9969 0.0489 0.0613
vn 0.9972 0.0305 0.0684
vn 0.9841 -0.1664 0.0615
vn 0.9934 -0.1017 0.0534
vn 0.9790 -0.1519 0.1361
vn 0.9973 0.0212 0.0708
vn 0.0665 0.0289 -0.9974
vn 0.0604 0.0223 -0.9979
vn 0.9790 -0.1518 0.1361
vn 0.8471 -0.5274 0.0644
vn 0.0287 0.0101 -0.9995
vn 0.9970 -0.0717 0.0281
vn 0.0282 0.0036 -0.9996
vn 0.0045 0.0066 -1.0000
vn 0.0047 0.0066 -1.0000
vn 0.0185 0.0123 -0.9998
vn 0.0282 0.0037 -0.9996
vn 0.9987 -0.0121 0.0486
vn 0.0180 0.5497 -0.8352
vn 0.8601 0.0197 -0.5098
vn 0.8600 0.0201 -0.5099
vn 0.8603 0.0200 -0.5094
vn 0.0293 0.5494 -0.8350
vn 0.0295 0.5494 -0.8350
vn 0.8603 0.0197 -0.5093
vn 0.0294 0.5497 -0.8349
vn 0.0481 -0.1038 -0.9934
vn 0.0530 -0.2741 -0.9603
vn 0.8602 0.0196 -0.5096
vn 0.0345 -0.0934 -0.9950
vn 0.8602 0.0196 -0.5095
vn 0.8602 0.0197 -0.5095
vn 0.0595 -0.0087 -0.9982
vn 0.0721 -0.0661 -0.9952
vn 0.0396 -0.0242 -0.9989
vn 0.0437 -0.0996 -0.9941
vn 0.0414 -0.0737 -0.9964
vn 0.0438 -0.0164 -0.9989
vn 0.0204 -0.0026 -0.9998
vn 0.0439 -0.0163 -0.9989
vn 0.0438 -0.0996 -0.9941
vn 0.0477 -0.0711 -0.9963
vn 0.0580 -0.3965 -0.9162
vn 0.0477 -0.0712 -0.9963
vn 0.0358 -0.0616 -0.9975
vn 0.0396 -0.0243 -0.9989
vn 0.0610 0.0099 -0.9981
vn 0.0471 -0.3328 -0.9418
vn 0.0268 0.0238 -0.9994
vn 0.0430 0.0418 -0.9982
vn 0.0496 -0.2872 -0.9566
vn 0.0431 0.0417 -0.9982
vn 0.0535 -0.1735 -0.9834
vn 0.0316 0.0556 -0.9979
vn 0.0605 0.1160 -0.9914
vn 0.0536 -0.1735 -0.9834
vn 0.0605 0.0099 -0.9981
vn 0.0062 0.0909 -0.9958
vn 0.0317 0.0556 -0.9980
vn 0.8246 0.0096 0.5656
vn 0.8246 0.0096 0.5657
vn 0.8246 0.0095 0.5657
vn 0.8247 0.0096 0.5654
vn 0.0739 0.0328 -0.9967
vn 0.0262 -0.0114 -0.9996
vn 0.8245 0.0099 0.5658
vn 0.8252 0.0097 0.5647
vn 0.8250 0.0096 0.5651
vn 0.8246 0.0099 0.5657
vn 0.8246 0.0100 0.5657
vn 0.8245 0.0100 0.5657
vn 0.8250 0.0098 0.5650
vn 0.8250 0.0097 0.5651
usemtl Tex_0129_0.dds
s 1
f 1/1/1 2/2/2 3/3/3
f 4/4/4 5/5/5 6/6/6
f 6/6/6 7/7/7 4/4/4
f 8/8/8 4/4/4 7/7/7
f 7/7/7 9/9/9 8/8/8
f 10/10/10 8/8/8 9/9/9
f 9/9/9 11/11/11 10/10/10
f 11/11/11 9/9/9 12/12/12
f 12/12/12 13/13/13 11/11/11
f 13/13/13 12/12/12 14/14/14
f 14/14/14 15/15/15 13/13/13
f 12/12/12 16/16/16 17/17/17
f 17/17/17 14/14/14 12/12/12
f 14/14/14 17/17/17 18/18/18
f 18/18/18 19/19/19 14/14/14
f 15/15/15 14/14/14 19/19/19
f 19/19/19 20/20/20 15/15/15
f 21/21/21 20/20/20 19/19/19
f 22/22/22 23/23/23 21/21/21
f 21/21/21 24/24/24 22/22/22
f 19/19/19 24/24/24 21/21/21
f 24/24/24 19/19/19 25/25/25
f 18/18/18 25/25/25 19/19/19
f 26/26/26 25/25/25 18/18/18
f 18/18/18 27/27/27 26/26/26
f 28/28/28 26/26/26 27/27/27
f 27/27/27 29/29/29 28/28/28
f 30/30/30 28/28/28 29/29/29
f 29/29/29 31/31/31 30/30/30
f 6/6/6 30/30/30 31/31/31
f 31/31/31 32/32/32 6/6/6
f 7/7/7 6/6/6 32/32/32
f 32/32/32 33/33/33 7/7/7
f 9/9/9 7/7/7 33/33/33
f 9/9/9 33/33/33 16/16/16
f 16/16/16 12/12/12 9/9/9
f 34/34/34 26/26/26 28/28/28
f 28/28/28 35/35/35 34/34/34
f 35/35/35 28/28/28 30/30/30
f 30/30/30 36/36/36 35/35/35
f 36/36/36 30/30/30 6/6/6
f 6/6/6 37/37/37 36/36/36
f 37/37/37 6/6/6 5/5/5
f 5/5/5 38/38/38 37/37/37
f 38/38/38 39/39/39 40/40/40
f 40/40/40 37/37/37 38/38/38
f 37/37/37 40/40/40 41/41/41
f 41/41/41 36/36/36 37/37/37
f 36/36/36 41/41/41 42/42/42
f 42/42/42 35/35/35 36/36/36
f 35/35/35 42/42/42 43/43/43
f 43/43/43 34/34/34 35/35/35
f 34/34/34 43/43/43 44/44/44
f 44/44/44 45/45/45 34/34/34
f 26/26/26 34/34/34 45/45/45
f 45/45/45 46/46/46 26/26/26
f 25/25/25 26/26/26 46/46/46
f 46/46/46 47/47/47 25/25/25
f 25/25/25 47/47/47 24/24/24
f 24/24/24 47/47/47 48/48/48
f 24/24/24 48/48/48 49/49/49
f 49/49/49 22/22/22 24/24/24
f 50/50/50 48/48/48 47/47/47
f 47/47/47 46/46/46 50/50/50
f 51/51/51 50/50/50 46/46/46
f 46/46/46 52/52/52 51/51/51
f 53/53/53 51/51/51 52/52/52
f 54/54/54 53/53/53 55/55/55
f 52/52/52 55/55/55 53/53/53
f 56/56/56 55/55/55 52/52/52
f 52/52/52 57/57/57 56/56/56
f 57/57/57 52/52/52 46/46/46
f 46/46/46 45/45/45 57/57/57
f 58/58/58 59/59/59 60/60/60
f 60/60/60 54/54/54 58/58/58
f 55/55/55 58/58/58 54/54/54
f 61/61/61 58/58/58 55/55/55
f 55/55/55 56/56/56 61/61/61
f 62/62/62 61/61/61 56/56/56
f 56/56/56 63/63/63 62/62/62
f 63/63/63 56/56/56 57/57/57
f 57/57/57 64/64/64 63/63/63
f 64/64/64 57/57/57 45/45/45
f 45/45/45 44/44/44 64/64/64
f 22/22/22 49/49/49 65/65/65
f 65/65/65 66/66/66 22/22/22
f 66/66/66 65/65/65 60/60/60
f 60/60/60 67/67/67 66/66/66
f 60/60/60 59/59/59 67/67/67
f 68/68/68 67/67/67 59/59/59
f 59/59/59 69/69/69 68/68/68
f 69/69/69 59/59/59 58/58/58
f 58/58/58 70/70/70 69/69/69
f 70/70/70 58/58/58 61/61/61
f 61/61/61 71/71/71 70/70/70
f 71/71/71 61/61/61 62/62/62
f 62/62/62 72/72/72 71/71/71
f 73/73/73 74/74/74 75/75/75
f 74/74/74 73/73/73 76/76/76
f 76/76/76 77/77/77 74/74/74
f 72/72/72 77/77/77 76/76/76
f 76/76/76 71/71/71 72/72/72
f 71/71/71 76/76/76 78/78/78
f 78/78/78 70/70/70 71/71/71
f 70/70/70 78/78/78 79/79/79
f 79/79/79 69/69/69 70/70/70
f 69/69/69 79/79/79 80/80/80
f 80/80/80 68/68/68 69/69/69
f 81/81/81 68/68/68 80/80/80
f 67/67/67 68/68/68 81/81/81
f 81/81/81 82/82/82 67/67/67
f 67/67/67 82/82/82 83/83/23
f 83/83/23 66/66/66 67/67/67
f 66/66/66 83/83/23 23/23/23
f 23/23/23 22/22/22 66/66/66
f 84/84/83 85/85/84 86/86/85
f 86/86/85 87/87/86 84/84/83
f 87/87/86 86/86/85 88/88/87
f 88/88/87 73/73/73 87/87/86
f 73/73/73 88/88/87 78/78/78
f 78/78/78 76/76/76 73/73/73
f 80/80/80 89/89/88 81/81/81
f 89/89/88 80/80/80 90/90/89
f 91/91/90 90/90/89 80/80/80
f 90/90/89 91/91/90 92/92/91
f 92/92/91 93/93/92 90/90/89
f 93/93/92 92/92/91 94/94/93
f 94/94/93 95/95/94 93/93/92
f 94/94/93 96/96/95 95/95/94
f 85/85/84 96/96/95 94/94/93
f 94/94/93 97/97/96 85/85/84
f 86/86/85 85/85/84 97/97/96
f 97/97/96 98/98/97 86/86/85
f 88/88/87 86/86/85 98/98/97
f 98/98/97 99/99/98 88/88/87
f 78/78/78 88/88/87 99/99/98
f 99/99/98 100/100/99 78/78/78
f 79/79/79 78/78/78 100/100/99
f 100/100/99 101/101/100 79/79/79
f 80/80/80 79/79/79 101/101/100
f 80/80/80 101/101/100 91/91/90
f 90/90/89 102/102/101 89/89/88
f 102/102/101 90/90/89 93/93/92
f 93/93/92 103/103/102 102/102/101
f 103/103/102 93/93/92 95/95/94
f 95/95/94 104/104/103 103/103/102
f 105/105/104 104/104/103 95/95/94
f 95/95/94 106/106/105 105/105/104
f 106/106/105 95/95/94 96/96/95
f 96/96/95 107/107/106 106/106/105
f 107/107/106 96/96/95 85/85/84
f 85/85/84 108/108/107 107/107/106
f 108/108/107 85/85/84 84/84/83
f 84/84/83 109/109/108 108/108/107
f 110/110/109 109/109/108 84/84/83
f 84/84/83 111/111/110 110/110/109
f 111/111/110 84/84/83 87/87/86
f 87/87/86 75/75/75 111/111/110
f 75/75/75 87/87/86 73/73/73
f 112/112/111 113/113/112 114/114/113
f 115/115/114 116/116/115 113/113/112
f 113/113/112 112/112/111 115/115/114
f 117/117/116 115/115/114 112/112/111
f 118/118/117 114/114/113 119/119/118
f 114/114/113 118/118/117 112/112/111
f 120/120/119 112/112/111 118/118/117
f 112/112/111 120/120/119 117/117/116
f 121/121/120 117/117/116 120/120/119
f 120/120/119 122/122/121 121/121/120
f 123/123/122 121/121/120 122/122/121
f 122/122/121 124/124/123 123/123/122
f 125/125/124 123/123/122 124/124/123
f 124/124/123 126/126/125 125/125/124
f 126/126/125 124/124/123 127/127/126
f 127/127/126 128/128/127 126/126/125
f 128/128/127 127/127/126 129/129/128
f 129/129/128 130/130/129 128/128/127
f 130/130/129 129/129/128 131/131/130
f 131/131/130 132/132/131 130/130/129
f 133/133/132 134/134/133 135/135/130
f 135/135/130 136/136/134 133/133/132
f 137/137/135 138/138/136 139/139/137
f 139/139/137 140/140/138 137/137/135
f 141/141/139 137/137/135 140/140/138
f 140/140/138 119/119/118 141/141/139
f 119/119/118 140/140/138 118/118/117
f 142/142/140 118/118/117 140/140/138
f 118/118/117 142/142/140 120/120/119
f 122/122/121 120/120/119 142/142/140
f 142/142/140 143/143/141 122/122/121
f 124/124/123 122/122/121 143/143/141
f 143/143/141 127/127/126 124/124/123
f 127/127/126 143/143/141 144/144/142
f 144/144/142 129/129/128 127/127/126
f 129/129/128 144/144/142 145/145/143
f 145/145/143 131/131/130 129/129/128
f 136/136/134 135/135/130 146/146/143
f 146/146/143 147/147/144 136/136/134
f 148/148/145 136/136/134 147/147/144
f 149/149/146 150/150/147 151/151/148
f 151/151/148 152/152/149 149/149/146
f 152/152/149 151/151/148 153/153/150
f 153/153/150 154/154/136 152/152/149
f 150/150/147 155/155/151 156/156/152
f 156/156/152 151/151/148 150/150/147
f 151/151/148 156/156/152 157/157/153
f 157/157/153 153/153/150 151/151/148
f 153/153/150 157/157/153 158/158/154
f 158/158/154 147/147/144 153/153/150
f 154/154/136 153/153/150 147/147/144
f 147/147/144 146/146/143 154/154/136
f 138/138/136 145/145/143 144/144/142
f 144/144/142 139/139/137 138/138/136
f 139/139/137 144/144/142 143/143/141
f 143/143/141 142/142/140 139/139/137
f 140/140/138 139/139/137 142/142/140
f 147/147/144 158/158/154 148/148/145
f 159/159/155 148/148/145 158/158/154
f 158/158/154 160/160/156 159/159/155
f 160/160/156 158/158/154 157/157/153
f 157/157/153 161/161/157 160/160/156
f 161/161/157 157/157/153 156/156/152
f 156/156/152 162/162/158 161/161/157
f 162/162/158 156/156/152 155/155/151
f 155/155/151 163/163/159 162/162/158
f 164/164/160 133/133/132 136/136/134
f 136/136/134 148/148/145 164/164/160
f 165/165/161 164/164/160 148/148/145
f 148/148/145 159/159/155 165/165/161
f 166/166/162 165/165/161 159/159/155
f 159/159/155 167/167/163 166/166/162
f 167/167/163 159/159/155 160/160/156
f 160/160/156 168/168/164 167/167/163
f 168/168/164 160/160/156 161/161/157
f 161/161/157 169/169/165 168/168/164
f 169/169/165 161/161/157 162/162/158
f 162/162/158 170/170/166 169/169/165
f 170/170/166 162/162/158 163/163/159
f 163/163/159 171/171/167 170/170/166
f 172/172/168 173/173/169 174/174/170
f 175/175/171 176/176/172 177/177/173
f 177/177/173 178/178/174 175/175/171
f 179/179/175 180/180/175 181/181/175
f 181/181/175 182/182/175 179/179/175
f 183/183/176 184/184/177 185/185/178
f 185/185/178 186/186/179 183/183/176
f 187/187/180 188/188/181 189/189/182
f 189/189/182 190/190/183 187/187/180
f 191/191/184 187/187/180 190/190/183
f 190/190/183 192/192/185 191/191/184
f 191/191/184 192/192/185 193/193/186
f 194/194/187 195/195/188 196/196/189
f 196/196/189 197/197/190 194/194/187
f 197/197/190 196/196/189 198/198/191
f 198/198/191 199/199/192 197/197/190
f 199/199/192 198/198/191 200/200/193
f 200/200/193 201/201/194 199/199/192
f 201/201/194 200/200/193 202/202/195
f 202/202/195 203/203/196 201/201/194
f 204/204/197 203/203/196 202/202/195
f 202/202/195 205/205/198 204/204/197
f 206/206/199 207/207/199 208/208/199
f 208/208/199 209/209/200 206/206/199
f 210/210/201 211/211/202 212/212/203
f 212/212/203 213/213/204 210/210/201
f 214/214/205 210/210/201 213/213/204
f 213/213/204 215/215/206 214/214/205
f 216/216/207 214/214/205 215/215/206
f 215/215/206 217/217/208 216/216/207
f 218/218/209 216/216/207 217/217/208
f 213/213/204 212/212/203 219/219/210
f 219/219/210 220/220/211 213/213/204
f 215/215/206 213/213/204 220/220/211
f 220/220/211 221/221/212 215/215/206
f 217/217/208 215/215/206 221/221/212
f 221/221/212 222/222/213 217/217/208
f 223/223/214 217/217/208 222/222/213
f 217/217/208 223/223/214 218/218/209
f 224/224/215 218/218/209 223/223/214
f 218/218/209 224/224/215 225/225/216
f 225/225/216 226/226/217 218/218/209
f 216/216/207 218/218/209 226/226/217
f 226/226/217 227/227/218 216/216/207
f 214/214/205 216/216/207 227/227/218
f 227/227/218 228/228/219 214/214/205
f 210/210/201 214/214/205 228/228/219
f 228/228/219 229/229/220 210/210/201
f 211/211/202 210/210/201 229/229/220
f 229/229/220 230/230/221 211/211/202
f 223/223/214 231/231/222 224/224/215
f 231/231/222 223/223/214 232/232/223
f 222/222/213 232/232/223 223/223/214
f 232/232/223 233/233/224 231/231/222
f 234/234/225 235/235/226 236/236/227
f 237/237/228 238/238/229 239/239/229
f 239/239/229 240/240/230 237/237/228
f 241/241/231 237/237/228 240/240/230
f 240/240/230 242/242/232 241/241/231
f 241/241/231 242/242/232 243/243/233
f 244/244/227 245/245/234 246/246/235
f 247/247/236 248/248/236 249/249/236
f 249/249/236 250/250/236 247/247/236
f 251/251/237 252/252/238 253/253/239
f 253/253/239 254/254/240 251/251/237
f 255/255/241 251/251/237 254/254/240
f 254/254/240 256/256/242 255/255/241
f 257/257/243 255/255/241 256/256/242
f 256/256/242 258/258/244 257/257/243
f 259/259/245 257/257/243 258/258/244
f 254/254/240 253/253/239 260/260/246
f 260/260/246 261/261/247 254/254/240
f 256/256/242 254/254/240 261/261/247
f 261/261/247 262/262/248 256/256/242
f 258/258/244 256/256/242 262/262/248
f 262/262/248 263/263/249 258/258/244
f 264/264/250 258/258/244 263/263/249
f 258/258/244 264/264/250 259/259/245
f 265/265/251 259/259/245 264/264/250
f 259/259/245 265/265/251 266/266/252
f 266/266/252 267/267/253 259/259/245
f 257/257/243 259/259/245 267/267/253
f 267/267/253 268/268/254 257/257/243
f 255/255/241 257/257/243 268/268/254
f 268/268/254 269/269/255 255/255/241
f 251/251/237 255/255/241 269/269/255
f 269/269/255 270/270/256 251/251/237
f 252/252/238 251/251/237 270/270/256
f 270/270/256 271/271/257 252/252/238
f 264/264/250 272/272/258 265/265/251
f 272/272/258 264/264/250 273/273/259
f 263/263/249 273/273/259 264/264/250
f 273/273/259 274/274/260 272/272/258
f 275/275/261 276/276/262 277/277/263
f 278/278/264 279/279/229 280/280/265
f 280/280/265 281/281/266 278/278/264
f 282/282/231 278/278/264 281/281/266
f 281/281/266 283/283/267 282/282/231
f 282/282/231 283/283/267 284/284/268
f 285/285/269 286/286/270 287/287/271
f 288/288/236 289/289/236 290/290/236
f 290/290/236 291/291/236 288/288/236
f 292/292/237 293/293/272 294/294/239
f 294/294/239 295/295/240 292/292/237
f 296/296/241 292/292/237 295/295/240
f 295/295/240 297/297/242 296/296/241
f 298/298/243 296/296/241 297/297/242
f 297/297/242 299/299/244 298/298/243
f 300/300/245 298/298/243 299/299/244
f 295/295/240 294/294/239 301/301/246
f 301/301/246 302/302/273 295/295/240
f 297/297/242 295/295/240 302/302/273
f 302/302/273 303/303/248 297/297/242
f 299/299/244 297/297/242 303/303/248
f 303/303/248 304/304/274 299/299/244
f 305/305/250 299/299/244 304/304/274
f 299/299/244 305/305/250 300/300/245
f 306/306/251 300/300/245 305/305/250
f 300/300/245 306/306/251 307/307/252
f 307/307/252 308/308/253 300/300/245
f 298/298/243 300/300/245 308/308/253
f 308/308/253 309/309/254 298/298/243
f 296/296/241 298/298/243 309/309/254
f 309/309/254 310/310/275 296/296/241
f 292/292/237 296/296/241 310/310/275
f 310/310/275 311/311/256 292/292/237
f 293/293/272 292/292/237 311/311/256
f 311/311/256 312/312/257 293/293/272
f 305/305/250 313/313/258 306/306/251
f 313/313/258 305/305/250 314/314/259
f 304/304/274 314/314/259 305/305/250
f 314/314/259 315/315/260 313/313/258
f 316/316/276 317/317/277 318/318/278
f 319/319/279 320/320/279 321/321/279
f 321/321/279 322/322/279 319/319/279
f 323/323/280 324/324/281 325/325/282
f 325/325/282 326/326/283 323/323/280
f 327/327/284 323/323/280 326/326/283
f 326/326/283 328/328/285 327/327/284
f 329/329/286 327/327/284 328/328/285
f 328/328/285 330/330/287 329/329/286
f 331/331/288 329/329/286 330/330/287
f 326/326/283 325/325/282 332/332/289
f 332/332/289 333/333/290 326/326/283
f 328/328/285 326/326/283 333/333/290
f 333/333/290 334/334/291 328/328/285
f 330/330/287 328/328/285 334/334/291
f 334/334/291 335/335/292 330/330/287
f 336/336/293 330/330/287 335/335/292
f 330/330/287 336/336/293 331/331/288
f 337/337/294 331/331/288 336/336/293
f 331/331/288 337/337/294 338/338/295
f 338/338/295 339/339/296 331/331/288
f 329/329/286 331/331/288 339/339/296
f 339/339/296 340/340/297 329/329/286
f 327/327/284 329/329/286 340/340/297
f 340/340/297 341/341/298 327/327/284
f 323/323/280 327/327/284 341/341/298
f 341/341/298 342/342/299 323/323/280
f 324/324/281 323/323/280 342/342/299
f 342/342/299 343/343/300 324/324/281
f 336/336/293 344/344/301 337/337/294
f 344/344/301 336/336/293 345/345/296
f 335/335/292 345/345/296 336/336/293
f 345/345/296 346/346/302 344/344/301
f 347/347/278 348/348/303 349/349/304
f 350/350/305 351/351/306 352/352/307
f 350/350/305 352/352/307 353/353/308
f 353/353/308 354/354/309 350/350/305
f 354/354/309 353/353/308 355/355/310
f 355/355/310 356/356/310 354/354/309
f 357/357/311 358/358/312 359/359/313
f 360/360/314 361/361/315 362/362/315
f 362/362/315 363/363/316 360/360/314
f 364/364/317 365/365/318 366/366/319
f 366/366/319 367/367/320 364/364/317
f 367/367/320 366/366/319 368/368/321
f 368/368/321 369/369/322 367/367/320
f 369/369/322 368/368/321 370/370/323
f 370/370/323 371/371/324 369/369/322
f 371/371/324 370/370/323 372/372/325
f 372/372/325 373/373/326 371/371/324
f 371/371/324 373/373/326 374/374/327
f 371/371/324 375/375/328 376/376/329
f 376/376/329 369/369/322 371/371/324
f 369/369/322 376/376/329 377/377/330
f 377/377/330 367/367/320 369/369/322
f 367/367/320 377/377/330 378/378/331
f 378/378/331 364/364/317 367/367/320
f 364/364/317 378/378/331 379/379/332
f 379/379/332 380/380/333 364/364/317
f 365/365/318 364/364/317 380/380/333
f 380/380/333 381/381/334 365/365/318
f 381/381/334 382/382/335 383/383/336
f 383/383/336 365/365/318 381/381/334
f 365/365/318 383/383/336 384/384/337
f 384/384/337 366/366/319 365/365/318
f 366/366/319 384/384/337 385/385/329
f 385/385/329 368/368/321 366/366/319
f 368/368/321 385/385/329 386/386/328
f 386/386/328 370/370/323 368/368/321
f 370/370/323 386/386/328 387/387/338
f 387/387/338 372/372/325 370/370/323
f 372/372/325 387/387/338 388/388/339
f 388/388/339 389/389/340 372/372/325
f 373/373/326 372/372/325 389/389/340
f 389/389/340 390/390/341 373/373/326
f 374/374/327 373/373/326 390/390/341
f 391/391/342 374/374/327 390/390/341
f 374/374/327 391/391/342 375/375/328
f 375/375/328 371/371/324 374/374/327
f 390/390/341 392/392/343 391/391/342
f 393/393/344 394/394/345 395/395/346
f 396/396/347 397/397/348 398/398/349
f 396/396/347 398/398/349 399/399/350
f 399/399/350 400/400/351 396/396/347
f 400/400/351 399/399/350 401/401/352
f 401/401/352 402/402/353 400/400/351
f 403/403/354 404/404/355 405/405/356
f 406/406/357 407/407/358 408/408/357
f 408/408/357 409/409/357 406/406/357
f 410/410/359 411/411/360 412/412/361
f 412/412/361 413/413/362 410/410/359
f 413/413/362 412/412/361 414/414/363
f 414/414/363 415/415/364 413/413/362
f 415/415/364 414/414/363 416/416/365
f 416/416/365 417/417/366 415/415/364
f 417/417/366 416/416/365 418/418/367
f 418/418/367 419/419/368 417/417/366
f 419/419/368 418/418/367 420/420/369
f 420/420/369 418/418/367 421/421/370
f 421/421/370 422/422/371 420/420/369
f 423/423/372 422/422/371 421/421/370
f 421/421/370 424/424/373 423/423/372
f 424/424/373 421/421/370 425/425/374
f 425/425/374 426/426/366 424/424/373
f 426/426/366 425/425/374 427/427/375
f 427/427/375 428/428/364 426/426/366
f 428/428/364 427/427/375 429/429/376
f 429/429/376 430/430/362 428/428/364
f 430/430/362 429/429/376 431/431/377
f 431/431/377 432/432/359 430/430/362
f 411/411/360 431/431/377 429/429/376
f 429/429/376 412/412/361 411/411/360
f 412/412/361 429/429/376 427/427/375
f 427/427/375 414/414/363 412/412/361
f 414/414/363 427/427/375 425/425/374
f 425/425/374 416/416/365 414/414/363
f 416/416/365 425/425/374 421/421/370
f 421/421/370 418/418/367 416/416/365
f 420/420/369 433/433/378 419/419/368
f 434/434/379 435/435/380 436/436/381
f 434/434/379 436/436/381 437/437/382
f 437/437/382 438/438/383 434/434/379
f 438/438/383 437/437/382 439/439/384
f 439/439/384 440/440/384 438/438/383
f 441/441/385 442/442/386 443/443/387
f 444/444/388 445/445/389 446/446/388
f 446/446/388 447/447/390 444/444/388
f 448/448/391 449/449/392 450/450/393
f 450/450/393 451/451/394 448/448/391
f 451/451/394 450/450/393 452/452/395
f 452/452/395 453/453/396 451/451/394
f 453/453/396 452/452/395 454/454/397
f 454/454/397 455/455/398 453/453/396
f 455/455/398 454/454/397 456/456/399
f 456/456/399 457/457/400 455/455/398
f 457/457/400 456/456/399 458/458/401
f 458/458/401 456/456/399 459/459/402
f 459/459/402 460/460/403 458/458/401
f 461/461/404 460/460/403 459/459/402
f 459/459/402 462/462/400 461/461/404
f 462/462/400 459/459/402 463/463/405
f 463/463/405 464/464/406 462/462/400
f 464/464/406 463/463/405 465/465/407
f 465/465/407 466/466/408 464/464/406
f 466/466/408 465/465/407 467/467/409
f 467/467/409 468/468/410 466/466/408
f 468/468/410 467/467/409 469/469/411
f 469/469/411 470/470/412 468/468/410
f 449/449/392 469/469/411 467/467/409
f 467/467/409 450/450/393 449/449/392
f 450/450/393 467/467/409 465/465/407
f 465/465/407 452/452/395 450/450/393
f 452/452/395 465/465/407 463/463/405
f 463/463/405 454/454/397 452/452/395
f 454/454/397 463/463/405 459/459/402
f 459/459/402 456/456/399 454/454/397
f 458/458/401 471/471/413 457/457/400
f 472/472/379 473/473/414 474/474/415
f 472/472/379 474/474/415 475/475/382
f 475/475/382 476/476/416 472/472/379
f 476/476/416 475/475/382 477/477/384
f 477/477/384 478/478/417 476/476/416
f 479/479/418 480/480/419 481/481/420
f 482/482/388 483/483/388 484/484/388
f 484/484/388 485/485/421 482/482/388
f 486/486/422 487/487/423 488/488/424
f 488/488/424 489/489/425 486/486/422
f 489/489/425 490/490/426 491/491/427
f 491/491/427 486/486/422 489/489/425
f 486/486/422 491/491/427 492/492/428
f 492/492/428 493/493/429 486/486/422
f 493/493/429 492/492/428 494/494/430
f 494/494/430 495/495/431 493/493/429
f 495/495/431 494/494/430 496/496/432
f 496/496/432 497/497/433 495/495/431
f 493/493/429 498/498/434 499/499/423
f 499/499/423 486/486/422 493/493/429
f 495/495/431 500/500/435 501/501/434
f 501/501/434 493/493/429 495/495/431
f 502/502/436 503/503/437 504/504/438
f 504/504/438 497/497/433 502/502/436
f 502/502/436 497/497/433 496/496/432
f 496/496/432 505/505/439 502/502/436
f 506/506/440 505/505/439 496/496/432
f 496/496/432 507/507/441 506/506/440
f 507/507/441 496/496/432 494/494/430
f 494/494/430 508/508/442 507/507/441
f 508/508/442 494/494/430 492/492/428
f 492/492/428 509/509/443 508/508/442
f 509/509/443 492/492/428 491/491/427
f 491/491/427 510/510/423 509/509/443
f 510/510/423 491/491/427 490/490/426
f 490/490/426 511/511/444 510/510/423
f 512/512/420 513/513/445 514/514/446
f 515/515/447 516/516/441 517/517/448
f 517/517/448 495/495/449 515/515/447
f 518/518/450 519/519/451 520/520/452
f 518/518/450 520/520/452 521/521/453
f 521/521/453 522/522/454 518/518/450
f 522/522/454 521/521/453 523/523/455
f 523/523/455 524/524/456 522/522/454
f 525/525/457 526/526/458 527/527/234
f 528/528/459 529/529/460 530/530/459
f 530/530/459 531/531/459 528/528/459
f 532/532/461 533/533/462 534/534/463
f 532/532/461 534/534/463 535/535/464
f 534/534/463 536/536/465 535/535/464
f 537/537/466 535/535/464 538/538/467
f 535/535/464 537/537/466 532/532/461
f 539/539/468 532/532/461 537/537/466
f 533/533/462 532/532/461 539/539/468
f 539/539/468 540/540/469 533/533/462
f 541/541/470 542/542/471 543/543/465
f 544/544/472 541/541/470 543/543/465
f 545/545/473 546/546/474 542/542/471
f 542/542/471 541/541/470 545/545/473
f 547/547/475 545/545/473 541/541/470
f 541/541/470 544/544/472 547/547/475
f 547/547/475 544/544/472 548/548/476
f 548/548/476 544/544/472 543/543/465
f 543/543/465 549/549/477 548/548/476
f 550/550/478 551/551/479 552/552/480
f 551/551/479 550/550/478 553/553/481
f 553/553/481 550/550/478 554/554/482
f 555/555/483 553/553/481 554/554/482
f 554/554/482 556/556/484 555/555/483
f 557/557/485 555/555/483 556/556/484
f 557/557/485 556/556/484 536/536/465
f 536/536/465 558/558/486 557/557/485
f 558/558/486 536/536/465 534/534/463
f 559/559/487 558/558/486 534/534/463
f 534/534/463 533/533/462 559/559/487
f 560/560/488 559/559/487 533/533/462
f 533/533/462 540/540/469 560/560/488
f 561/561/489 560/560/488 540/540/469
f 540/540/469 562/562/490 561/561/489
f 562/562/490 540/540/469 539/539/468
f 539/539/468 563/563/491 562/562/490
f 563/563/491 539/539/468 564/564/492
f 557/557/485 558/558/486 559/559/487
f 559/559/487 560/560/488 565/565/493
f 565/565/493 566/566/494 559/559/487
f 559/559/487 566/566/494 557/557/485
f 555/555/483 557/557/485 566/566/494
f 567/567/495 568/568/496 569/569/497
f 570/570/498 568/568/496 567/567/495
f 567/567/495 551/551/479 570/570/498
f 553/553/481 570/570/498 551/551/479
f 571/571/499 570/570/498 553/553/481
f 553/553/481 555/555/483 571/571/499
f 566/566/494 571/571/499 555/555/483
f 572/572/500 571/571/499 566/566/494
f 566/566/494 565/565/493 572/572/500
f 573/573/501 572/572/500 565/565/493
f 565/565/493 574/574/502 573/573/501
f 574/574/502 565/565/493 560/560/488
f 560/560/488 561/561/489 574/574/502
f 573/573/501 569/569/497 568/568/496
f 568/568/496 572/572/500 573/573/501
f 572/572/500 568/568/496 570/570/498
f 570/570/498 571/571/499 572/572/500
f 567/567/495 575/575/503 576/576/504
f 569/569/497 575/575/503 567/567/495
f 577/577/505 578/578/506 579/579/507
f 580/580/508 579/579/507 578/578/506
f 578/578/506 581/581/509 580/580/508
f 581/581/509 578/578/506 582/582/510
f 582/582/510 583/583/511 581/581/509
f 583/583/511 582/582/510 584/584/512
f 584/584/512 585/585/513 583/583/511
f 586/586/514 585/585/513 584/584/512
f 584/584/512 587/587/515 586/586/514
f 588/588/516 586/586/514 587/587/515
f 587/587/515 589/589/517 588/588/516
f 590/590/518 588/588/516 589/589/517
f 589/589/517 591/591/519 590/590/518
f 576/576/504 590/590/518 591/591/519
f 591/591/519 592/592/520 576/576/504
f 576/576/504 592/592/520 567/567/495
f 567/567/495 592/592/520 552/552/480
f 552/552/480 551/551/479 567/567/495
f 593/593/521 591/591/519 589/589/517
f 592/592/520 591/591/519 593/593/521
f 593/593/521 552/552/480 592/592/520
f 550/550/478 552/552/480 593/593/521
f 594/594/522 550/550/478 593/593/521
f 594/594/522 554/554/482 550/550/478
f 595/595/523 554/554/482 594/594/522
f 595/595/523 596/596/524 554/554/482
f 597/597/525 596/596/524 595/595/523
f 596/596/524 597/597/525 577/577/505
f 578/578/506 577/577/505 597/597/525
f 597/597/525 582/582/510 578/578/506
f 582/582/510 597/597/525 598/598/526
f 598/598/526 584/584/512 582/582/510
f 587/587/515 584/584/512 598/598/526
f 598/598/526 599/599/527 587/587/515
f 589/589/517 587/587/515 599/599/527
f 599/599/527 600/600/528 589/589/517
f 589/589/517 600/600/528 593/593/521
f 593/593/521 600/600/528 594/594/522
f 600/600/528 599/599/527 594/594/522
f 595/595/523 594/594/522 599/599/527
f 599/599/527 598/598/526 595/595/523
f 595/595/523 598/598/526 597/597/525
f 577/577/505 601/601/529 596/596/524
f 601/601/529 554/554/482 596/596/524
f 602/602/530 554/554/482 601/601/529
f 603/603/531 602/602/530 601/601/529
f 604/604/531 605/605/532 606/606/533
f 607/607/534 608/608/535 609/609/536
f 610/610/537 608/608/535 607/607/534
f 607/607/534 611/611/538 610/610/537
f 612/612/539 610/610/537 611/611/538
f 611/611/538 613/613/540 612/612/539
f 614/614/541 612/612/539 613/613/540
f 613/613/540 615/615/542 614/614/541
f 616/616/543 614/614/541 615/615/542
f 615/615/542 606/606/533 616/616/543
f 617/617/544 616/616/543 606/606/533
f 606/606/533 605/605/532 617/617/544
f 618/618/545 619/619/532 620/620/546
f 620/620/546 619/619/532 603/603/531
f 603/603/531 621/621/547 620/620/546
f 601/601/529 621/621/547 603/603/531
f 622/622/548 621/621/547 601/601/529
f 577/577/505 622/622/548 601/601/529
f 579/579/507 622/622/548 577/577/505
f 579/579/507 580/580/508 623/623/549
f 623/623/549 620/620/546 579/579/507
f 622/622/548 579/579/507 620/620/546
f 620/620/546 621/621/547 622/622/548
f 620/620/546 623/623/549 618/618/545
f 624/624/550 625/625/551 626/626/552
f 625/625/551 624/624/550 627/627/553
f 627/627/553 607/607/534 625/625/551
f 611/611/538 607/607/534 627/627/553
f 628/628/554 629/629/555 630/630/556
f 629/629/555 628/628/554 631/631/557
f 632/632/558 631/631/557 628/628/554
f 628/628/554 633/633/559 632/632/558
f 626/626/552 633/633/559 628/628/554
f 628/628/554 634/634/560 626/626/552
f 626/626/552 634/634/560 624/624/550
f 630/630/556 624/624/550 634/634/560
f 630/630/556 627/627/553 624/624/550
f 635/635/561 627/627/553 630/630/556
f 627/627/553 635/635/561 611/611/538
f 613/613/540 611/611/538 635/635/561
f 635/635/561 636/636/562 613/613/540
f 615/615/542 613/613/540 636/636/562
f 636/636/562 637/637/563 615/615/542
f 606/606/533 615/615/542 637/637/563
f 637/637/563 638/638/564 606/606/533
f 606/606/533 638/638/564 604/604/531
f 630/630/556 634/634/560 628/628/554
f 639/639/565 637/637/563 636/636/562
f 637/637/563 639/639/565 640/640/566
f 640/640/566 638/638/564 637/637/563
f 604/604/531 638/638/564 640/640/566
f 640/640/566 641/641/530 604/604/531
f 641/641/530 640/640/566 642/642/567
f 640/640/566 639/639/565 642/642/567
f 639/639/565 643/643/568 642/642/567
f 643/643/568 639/639/565 636/636/562
f 636/636/562 635/635/561 643/643/568
f 630/630/556 643/643/568 635/635/561
f 630/630/556 642/642/567 643/643/568
f 630/630/556 629/629/555 642/642/567
f 629/629/555 644/644/569 642/642/567
f 631/631/557 644/644/569 629/629/555
f 548/548/476 645/645/570 547/547/475
f 645/645/570 548/548/476 646/646/571
f 549/549/477 646/646/571 548/548/476
f 646/646/571 549/549/477 642/642/567
f 642/642/567 647/647/572 646/646/571
f 642/642/567 644/644/569 647/647/572
f 648/648/573 647/647/572 644/644/569
f 644/644/569 631/631/557 648/648/573
f 649/649/574 648/648/573 631/631/557
f 631/631/557 632/632/558 649/649/574
f 649/649/574 632/632/558 650/650/575
f 650/650/575 632/632/558 633/633/559
f 633/633/559 651/651/576 650/650/575
f 651/651/576 633/633/559 626/626/552
f 626/626/552 652/652/577 651/651/576
f 652/652/577 626/626/552 625/625/551
f 625/625/551 609/609/536 652/652/577
f 609/609/536 625/625/551 607/607/534
f 649/649/574 653/653/578 654/654/579
f 650/650/575 653/653/578 649/649/574
f 655/655/580 656/656/581 657/657/582
f 657/657/582 658/658/583 655/655/580
f 659/659/584 655/655/580 658/658/583
f 658/658/583 660/660/585 659/659/584
f 661/661/586 659/659/584 660/660/585
f 660/660/585 662/662/587 661/661/586
f 663/663/588 661/661/586 662/662/587
f 662/662/587 664/664/589 663/663/588
f 665/665/590 663/663/588 664/664/589
f 664/664/589 666/666/591 665/665/590
f 654/654/579 665/665/590 666/666/591
f 666/666/591 667/667/592 654/654/579
f 654/654/579 667/667/592 649/649/574
f 648/648/573 649/649/574 667/667/592
f 667/667/592 668/668/593 648/648/573
f 647/647/572 648/648/573 668/668/593
f 668/668/593 646/646/571 647/647/572
f 646/646/571 668/668/593 645/645/570
f 645/645/570 668/668/593 667/667/592
f 667/667/592 666/666/591 645/645/570
f 547/547/475 645/645/570 666/666/591
f 666/666/591 664/664/589 547/547/475
f 545/545/473 547/547/475 664/664/589
f 664/664/589 662/662/587 545/545/473
f 545/545/473 662/662/587 660/660/585
f 660/660/585 546/546/474 545/545/473
f 669/669/594 546/546/474 660/660/585
f 542/542/471 546/546/474 669/669/594
f 670/670/595 542/542/471 669/669/594
f 542/542/471 670/670/595 543/543/465
f 670/670/595 671/671/596 543/543/465
f 672/672/597 543/543/465 671/671/596
f 673/673/598 672/672/597 671/671/596
f 672/672/597 673/673/598 674/674/599
f 674/674/599 675/675/600 672/672/597
f 672/672/597 675/675/600 543/543/465
f 671/671/596 676/676/601 673/673/598
f 677/677/602 676/676/601 671/671/596
f 671/671/596 670/670/595 677/677/602
f 678/678/603 677/677/602 670/670/595
f 669/669/594 678/678/603 670/670/595
f 678/678/603 669/669/594 658/658/583
f 660/660/585 658/658/583 669/669/594
f 658/658/583 657/657/582 678/678/603
f 677/677/602 678/678/603 657/657/582
f 657/657/582 679/679/604 677/677/602
f 676/676/601 677/677/602 679/679/604
f 680/680/605 681/681/606 682/682/607
f 683/683/608 684/684/606 685/685/609
f 685/685/609 684/684/606 686/686/610
f 686/686/610 687/687/611 685/685/609
f 688/688/612 687/687/611 686/686/610
f 688/688/612 689/689/613 687/687/611
f 689/689/613 688/688/612 675/675/600
f 675/675/600 690/690/614 689/689/613
f 674/674/599 690/690/614 675/675/600
f 690/690/614 674/674/599 691/691/615
f 691/691/615 674/674/599 673/673/598
f 673/673/598 692/692/616 691/691/615
f 692/692/616 673/673/598 676/676/601
f 676/676/601 693/693/617 692/692/616
f 679/679/604 693/693/617 676/676/601
f 693/693/617 679/679/604 694/694/618
f 656/656/581 694/694/618 679/679/604
f 679/679/604 657/657/582 656/656/581
f 695/695/619 681/681/606 680/680/605
f 680/680/605 696/696/620 695/695/619
f 697/697/621 689/689/613 690/690/614
f 689/689/613 697/697/621 685/685/609
f 685/685/609 687/687/611 689/689/613
f 685/685/609 698/698/622 683/683/608
f 698/698/622 685/685/609 697/697/621
f 697/697/621 699/699/623 698/698/622
f 699/699/623 697/697/621 700/700/624
f 690/690/614 700/700/624 697/697/621
f 691/691/615 700/700/624 690/690/614
f 701/701/625 700/700/624 691/691/615
f 691/691/615 702/702/626 701/701/625
f 702/702/626 691/691/615 692/692/616
f 692/692/616 703/703/627 702/702/626
f 703/703/627 692/692/616 693/693/617
f 693/693/617 704/704/628 703/703/627
f 694/694/618 704/704/628 693/693/617
f 700/700/624 701/701/625 699/699/623
f 675/675/600 688/688/612 543/543/465
f 688/688/612 705/705/629 543/543/465
f 686/686/610 705/705/629 688/688/612
f 706/706/630 707/707/631 695/695/619
f 695/695/619 696/696/620 706/706/630
f 696/696/620 708/708/632 706/706/630
f 708/708/632 696/696/620 680/680/605
f 680/680/605 709/709/633 708/708/632
f 710/710/634 708/708/632 709/709/633
f 709/709/633 711/711/635 710/710/634
f 710/710/634 711/711/635 712/712/636
f 712/712/636 713/713/637 710/710/634
f 714/714/638 713/713/637 712/712/636
f 713/713/637 714/714/638 715/715/639
f 716/716/640 715/715/639 714/714/638
f 715/715/639 716/716/640 536/536/465
f 538/538/467 536/536/465 716/716/640
f 535/535/464 536/536/465 538/538/467
f 706/706/630 536/536/465 707/707/631
f 717/717/641 536/536/465 706/706/630
f 715/715/639 536/536/465 717/717/641
f 715/715/639 717/717/641 713/713/637
f 717/717/641 710/710/634 713/713/637
f 708/708/632 710/710/634 717/717/641
f 717/717/641 706/706/630 708/708/632
f 537/537/466 564/564/492 539/539/468
f 564/564/492 537/537/466 718/718/642
f 538/538/467 718/718/642 537/537/466
f 718/718/642 538/538/467 719/719/643
f 719/719/643 538/538/467 716/716/640
f 716/716/640 720/720/644 719/719/643
f 714/714/638 720/720/644 716/716/640
f 720/720/644 714/714/638 721/721/645
f 712/712/636 721/721/645 714/714/638
f 718/718/642 722/722/646 564/564/492
f 722/722/646 718/718/642 719/719/643
f 719/719/643 723/723/647 722/722/646
f 723/723/647 719/719/643 720/720/644
f 720/720/644 724/724/648 723/723/647
f 721/721/645 724/724/648 720/720/644
f 564/564/492 725/725/649 563/563/491
f 725/725/649 564/564/492 722/722/646
f 722/722/646 726/726/650 725/725/649
f 726/726/650 722/722/646 723/723/647
f 723/723/647 727/727/651 726/726/650
f 727/727/651 723/723/647 724/724/648
f 724/724/648 728/728/652 727/727/651
f 729/729/653 728/728/652 724/724/648
f 724/724/648 721/721/645 729/729/653
f 730/730/654 729/729/653 721/721/645
f 721/721/645 712/712/636 730/730/654
f 731/731/655 730/730/654 712/712/636
f 712/712/636 711/711/635 731/731/655
f 732/732/656 731/731/655 711/711/635
f 711/711/635 709/709/633 732/732/656
f 733/733/657 732/732/656 709/709/633
f 709/709/633 680/680/605 733/733/657
f 682/682/607 733/733/657 680/680/605
f 734/734/234 735/735/658 736/736/659
f 737/737/660 738/738/661 739/739/662
f 739/739/662 740/740/663 737/737/660
f 741/741/664 737/737/660 740/740/663
f 740/740/663 742/742/665 741/741/664
f 743/743/666 741/741/664 742/742/665
f 742/742/665 744/744/667 743/743/666
f 745/745/668 746/746/669 747/747/670
f 747/747/670 748/748/671 745/745/668
f 749/749/672 745/745/668 748/748/671
f 748/748/671 750/750/673 749/749/672
f 751/751/674 749/749/672 750/750/673
f 750/750/673 752/752/675 751/751/674
f 753/753/676 754/754/677 755/755/678
f 755/755/678 756/756/679 753/753/676
f 756/756/679 755/755/678 751/751/674
f 751/751/674 757/757/680 756/756/679
f 751/751/674 752/752/675 757/757/680
f 757/757/680 752/752/675 758/758/681
f 758/758/681 759/759/682 757/757/680
f 759/759/682 758/758/681 760/760/683
f 760/760/683 761/761/684 759/759/682
f 761/761/684 760/760/683 762/762/685
f 762/762/685 763/763/686 761/761/684
f 763/763/686 762/762/685 764/764/687
f 764/764/687 765/765/688 763/763/686
f 765/765/688 764/764/687 747/747/670
f 747/747/670 766/766/689 765/765/688
f 747/747/670 746/746/669 766/766/689
f 766/766/689 746/746/669 767/767/690
f 768/768/691 767/767/690 746/746/669
f 769/769/692 770/770/693 759/759/682
f 759/759/682 761/761/684 769/769/692
f 771/771/694 769/769/692 761/761/684
f 761/761/684 763/763/686 771/771/694
f 772/772/695 771/771/694 763/763/686
f 763/763/686 765/765/688 772/772/695
f 773/773/696 774/774/697 775/775/698
f 756/756/679 775/775/698 774/774/697
f 775/775/698 756/756/679 757/757/680
f 757/757/680 759/759/682 775/775/698
f 776/776/699 775/775/698 759/759/682
f 759/759/682 770/770/693 776/776/699
f 777/777/700 776/776/699 770/770/693
f 770/770/693 778/778/701 777/777/700
f 779/779/702 778/778/701 770/770/693
f 770/770/693 769/769/692 779/779/702
f 780/780/703 779/779/702 769/769/692
f 769/769/692 771/771/694 780/780/703
f 781/781/704 780/780/703 771/771/694
f 771/771/694 772/772/695 781/781/704
f 782/782/705 781/781/704 772/772/695
f 772/772/695 783/783/706 782/782/705
f 784/784/707 783/783/706 772/772/695
f 772/772/695 765/765/688 784/784/707
f 785/785/708 784/784/707 765/765/688
f 765/765/688 766/766/689 785/785/708
f 767/767/690 785/785/708 766/766/689
f 776/776/699 777/777/700 786/786/709
f 787/787/710 788/788/711 789/789/712
f 790/790/713 788/788/711 787/787/710
f 787/787/710 791/791/714 790/790/713
f 792/792/715 790/790/713 791/791/714
f 791/791/714 793/793/716 792/792/715
f 786/786/709 792/792/715 793/793/716
f 793/793/716 773/773/696 786/786/709
f 786/786/709 773/773/696 776/776/699
f 775/775/698 776/776/699 773/773/696
f 794/794/717 795/795/718 796/796/719
f 796/796/719 797/797/720 794/794/717
f 798/798/721 794/794/717 797/797/720
f 797/797/720 799/799/722 798/798/721
f 800/800/723 798/798/721 799/799/722
f 799/799/722 801/801/724 800/800/723
f 802/802/725 800/800/723 801/801/724
f 801/801/724 803/803/726 802/802/725
f 789/789/712 802/802/725 803/803/726
f 803/803/726 804/804/727 789/789/712
f 789/789/712 804/804/727 787/787/710
f 805/805/728 787/787/710 804/804/727
f 791/791/714 787/787/710 805/805/728
f 805/805/728 806/806/729 791/791/714
f 793/793/716 791/791/714 806/806/729
f 806/806/729 807/807/730 793/793/716
f 773/773/696 793/793/716 807/807/730
f 807/807/730 774/774/697 773/773/696
f 808/808/731 809/809/732 799/799/722
f 799/799/722 797/797/720 808/808/731
f 774/774/697 753/753/676 756/756/679
f 810/810/733 753/753/676 774/774/697
f 774/774/697 811/811/734 810/810/733
f 811/811/734 774/774/697 807/807/730
f 807/807/730 812/812/735 811/811/734
f 812/812/735 807/807/730 806/806/729
f 806/806/729 813/813/736 812/812/735
f 813/813/736 806/806/729 805/805/728
f 805/805/728 814/814/737 813/813/736
f 801/801/724 799/799/722 809/809/732
f 809/809/732 815/815/738 801/801/724
f 803/803/726 801/801/724 815/815/738
f 815/815/738 816/816/739 803/803/726
f 804/804/727 803/803/726 816/816/739
f 816/816/739 817/817/740 804/804/727
f 804/804/727 817/817/740 805/805/728
f 818/818/741 805/805/728 817/817/740
f 814/814/737 805/805/728 818/818/741
f 818/818/741 819/819/742 814/814/737
f 820/820/743 819/819/742 818/818/741
f 821/821/744 819/819/742 820/820/743
f 820/820/743 822/822/745 821/821/744
f 823/823/746 821/821/744 822/822/745
f 822/822/745 824/824/747 823/823/746
f 810/810/733 823/823/746 824/824/747
f 824/824/747 754/754/677 810/810/733
f 810/810/733 754/754/677 753/753/676
f 820/820/743 818/818/741 825/825/748
f 817/817/740 825/825/748 818/818/741
f 826/826/749 825/825/748 817/817/740
f 817/817/740 816/816/739 826/826/749
f 825/825/748 827/827/750 820/820/743
f 828/828/751 827/827/750 825/825/748
f 825/825/748 826/826/749 828/828/751
f 829/829/752 828/828/751 826/826/749
f 829/829/752 826/826/749 816/816/739
f 816/816/739 830/830/753 829/829/752
f 830/830/753 816/816/739 815/815/738
f 815/815/738 831/831/754 830/830/753
f 831/831/754 815/815/738 809/809/732
f 809/809/732 832/832/755 831/831/754
f 832/832/755 809/809/732 808/808/731
f 808/808/731 833/833/756 832/832/755
f 833/833/756 808/808/731 834/834/757
f 834/834/757 835/835/758 833/833/756
f 836/836/759 835/835/758 834/834/757
f 837/837/760 835/835/758 836/836/759
f 836/836/759 838/838/761 837/837/760
f 839/839/762 837/837/760 838/838/761
f 838/838/761 840/840/763 839/839/762
f 829/829/752 839/839/762 840/840/763
f 840/840/763 828/828/751 829/829/752
f 828/828/751 840/840/763 841/841/764
f 841/841/764 842/842/765 828/828/751
f 827/827/750 828/828/751 842/842/765
f 842/842/765 843/843/766 827/827/750
f 827/827/750 843/843/766 844/844/767
f 845/845/768 841/841/764 840/840/763
f 840/840/763 838/838/761 845/845/768
f 846/846/769 845/845/768 838/838/761
f 838/838/761 836/836/759 846/846/769
f 847/847/770 846/846/769 836/836/759
f 836/836/759 848/848/771 847/847/770
f 848/848/771 836/836/759 834/834/757
f 834/834/757 849/849/772 848/848/771
f 849/849/772 834/834/757 808/808/731
f 808/808/731 850/850/773 849/849/772
f 850/850/773 808/808/731 797/797/720
f 797/797/720 796/796/719 850/850/773
f 746/746/669 851/851/774 768/768/691
f 852/852/775 851/851/774 746/746/669
f 746/746/669 745/745/668 852/852/775
f 853/853/776 852/852/775 745/745/668
f 745/745/668 749/749/672 853/853/776
f 854/854/777 853/853/776 749/749/672
f 749/749/672 751/751/674 854/854/777
f 855/855/778 854/854/777 751/751/674
f 751/751/674 755/755/678 855/855/778
f 855/855/778 755/755/678 754/754/677
f 754/754/677 856/856/779 855/855/778
f 857/857/780 856/856/779 754/754/677
f 754/754/677 824/824/747 857/857/780
f 858/858/780 857/857/780 824/824/747
f 824/824/747 822/822/745 858/858/780
f 844/844/767 858/858/780 822/822/745
f 822/822/745 820/820/743 844/844/767
f 844/844/767 820/820/743 827/827/750
f 859/859/781 860/860/782 861/861/783
f 861/861/783 862/862/784 859/859/781
f 863/863/785 859/859/781 862/862/784
f 862/862/784 864/864/786 863/863/785
f 865/865/787 863/863/785 864/864/786
f 864/864/786 866/866/788 865/865/787
f 867/867/789 868/868/790 869/869/791
f 869/869/791 870/870/792 867/867/789
f 871/871/793 872/872/793 873/873/794
f 873/873/794 874/874/793 871/871/793
f 875/875/795 871/871/793 874/874/793
f 874/874/793 876/876/795 875/875/795
f 877/877/793 875/875/795 876/876/795
f 876/876/795 878/878/795 877/877/793
f 879/879/795 877/877/793 878/878/795
f 878/878/795 880/880/795 879/879/795
f 881/881/796 879/879/795 880/880/795
f 880/880/795 882/882/797 881/881/796
f 883/883/798 884/884/3 885/885/799
f 885/885/799 886/886/800 883/883/798
f 887/887/798 888/888/801 889/889/802
f 889/889/802 890/890/803 887/887/798
f 891/891/804 892/892/804 893/893/804
f 894/894/805 895/895/806 896/896/806
f 896/896/806 897/897/805 894/894/805
f 898/898/807 899/899/808 900/900/809
f 900/900/809 901/901/810 898/898/807
f 902/902/811 898/898/807 901/901/810
f 901/901/810 903/903/811 902/902/811
f 904/904/812 902/902/811 903/903/811
f 903/903/811 905/905/812 904/904/812
f 906/906/811 904/904/812 905/905/812
f 905/905/812 907/907/811 906/906/811
f 908/908/811 909/909/811 910/910/812
f 910/910/812 911/911/812 908/908/811
f 911/911/812 910/910/812 912/912/812
f 912/912/812 913/913/812 911/911/812
f 913/913/812 912/912/812 914/914/813
f 914/914/813 915/915/814 913/913/812
f 915/915/814 914/914/813 916/916/815
f 916/916/815 917/917/816 915/915/814
f 918/918/817 919/919/817 920/920/817
f 921/921/818 922/922/819 923/923/820
f 923/923/820 924/924/821 921/921/818
f 921/921/818 924/924/821 925/925/822
f 925/925/822 926/926/823 921/921/818
f 926/926/823 925/925/822 927/927/824
f 927/927/824 928/928/825 926/926/823
f 928/928/825 927/927/824 929/929/824
f 929/929/824 930/930/825 928/928/825
f 930/930/825 929/929/824 931/931/824
f 931/931/824 932/932/826 930/930/825
f 932/932/826 931/931/824 933/933/827
f 933/933/827 934/934/828 932/932/826
f 935/935/829 936/936/830 937/937/831
f 937/937/831 938/938/832 935/935/829
f 939/939/833 935/935/829 938/938/832
f 938/938/832 940/940/834 939/939/833
f 941/941/835 939/939/833 940/940/834
f 940/940/834 942/942/836 941/941/835
f 943/943/835 941/941/835 942/942/836
f 942/942/836 944/944/837 943/943/835
f 945/945/838 943/943/835 944/944/837
f 944/944/837 946/946/837 945/945/838
f 947/947/839 945/945/838 946/946/837
f 946/946/837 948/948/839 947/947/839
f 949/949/834 947/947/839 948/948/839
f 948/948/839 950/950/840 949/949/834
f 951/951/834 949/949/834 950/950/840
f 950/950/840 952/952/834 951/951/834
f 922/922/819 951/951/834 952/952/834
f 952/952/834 923/923/820 922/922/819
f 953/953/303 954/954/841 955/955/271
f 956/956/842 957/957/843 958/958/844
f 958/958/844 959/959/845 956/956/842
f 960/960/846 961/961/847 962/962/848
f 962/962/848 963/963/849 960/960/846
f 964/964/850 965/965/850 966/966/851
f 966/966/851 967/967/852 964/964/850
f 968/968/853 969/969/270 970/970/854
f 971/971/855 972/972/856 973/973/857
f 973/973/857 974/974/858 971/971/855
f 975/975/859 971/971/855 974/974/858
f 974/974/858 976/976/860 975/975/859
f 977/977/861 975/975/859 976/976/860
f 976/976/860 978/978/862 977/977/861
f 979/979/863 980/980/864 981/981/865
f 981/981/865 982/982/866 979/979/863
f 983/983/867 979/979/863 982/982/866
f 982/982/866 984/984/868 983/983/867
f 985/985/869 983/983/867 984/984/868
f 984/984/868 986/986/870 985/985/869
f 987/987/871 985/985/869 986/986/870
f 986/986/870 988/988/872 987/987/871
f 989/989/873 987/987/871 988/988/872
f 988/988/872 990/990/874 989/989/873
f 991/991/875 989/989/873 990/990/874
f 990/990/874 992/992/876 991/991/875
f 993/993/877 991/991/875 992/992/876
f 992/992/876 994/994/878 993/993/877
f 980/980/864 993/993/877 994/994/878
f 994/994/878 981/981/865 980/980/864
f 995/995/879 996/996/880 997/997/881
f 997/997/881 998/998/866 995/995/879
f 999/999/882 995/995/879 998/998/866
f 998/998/866 1000/1000/883 999/999/882
f 1001/1001/884 999/999/882 1000/1000/883
f 1000/1000/883 1002/1002/885 1001/1001/884
f 1003/1003/886 1001/1001/884 1002/1002/885
f 1002/1002/885 1004/1004/887 1003/1003/886
f 1005/1005/888 1003/1003/886 1004/1004/887
f 1004/1004/887 1006/1006/889 1005/1005/888
f 1007/1007/890 1005/1005/888 1006/1006/889
f 1006/1006/889 1008/1008/891 1007/1007/890
f 1009/1009/892 1007/1007/890 1008/1008/891
f 1008/1008/891 1010/1010/893 1009/1009/892
f 996/996/880 1009/1009/892 1010/1010/893
f 1010/1010/893 997/997/881 996/996/880
f 1011/1011/894 1012/1012/895 1013/1013/896
f 1013/1013/896 1014/1014/897 1011/1011/894
f 1015/1015/898 1011/1011/894 1014/1014/897
f 1014/1014/897 1016/1016/899 1015/1015/898
f 1017/1017/900 1015/1015/898 1016/1016/899
f 1016/1016/899 1018/1018/885 1017/1017/900
f 1019/1019/886 1017/1017/900 1018/1018/885
f 1018/1018/885 1020/1020/901 1019/1019/886
f 1021/1021/902 1019/1019/886 1020/1020/901
f 1020/1020/901 1022/1022/903 1021/1021/902
f 1023/1023/904 1021/1021/902 1022/1022/903
f 1022/1022/903 1024/1024/905 1023/1023/904
f 1025/1025/906 1023/1023/904 1024/1024/905
f 1024/1024/905 1026/1026/907 1025/1025/906
f 1012/1012/895 1025/1025/906 1026/1026/907
f 1026/1026/907 1013/1013/896 1012/1012/895
f 1027/1027/908 1028/1028/909 1029/1029/910
f 1029/1029/910 1030/1030/911 1027/1027/908
f 1030/1030/911 1031/1031/912 1032/1032/913
f 1032/1032/913 1027/1027/908 1030/1030/911
f 1027/1027/908 1032/1032/913 1033/1033/914
f 1033/1033/914 1034/1034/915 1027/1027/908
f 1034/1034/915 1033/1033/914 1035/1035/916
f 1035/1035/916 1036/1036/917 1034/1034/915
f 1036/1036/917 1035/1035/916 1037/1037/918
f 1037/1037/918 1038/1038/919 1036/1036/917
f 1034/1034/915 1039/1039/920 1040/1040/909
f 1040/1040/909 1027/1027/908 1034/1034/915
f 1036/1036/917 1041/1041/921 1042/1042/920
f 1042/1042/920 1034/1034/915 1036/1036/917
f 1043/1043/922 1044/1044/923 1045/1045/924
f 1045/1045/924 1038/1038/919 1043/1043/922
f 1043/1043/922 1038/1038/919 1037/1037/918
f 1037/1037/918 1046/1046/925 1043/1043/922
f 1047/1047/926 1046/1046/925 1037/1037/918
f 1037/1037/918 1048/1048/927 1047/1047/926
f 1048/1048/927 1037/1037/918 1035/1035/916
f 1035/1035/916 1049/1049/921 1048/1048/927
f 1049/1049/921 1035/1035/916 1033/1033/914
f 1033/1033/914 1050/1050/928 1049/1049/921
f 1050/1050/928 1033/1033/914 1032/1032/913
f 1032/1032/913 1051/1051/909 1050/1050/928
f 1051/1051/909 1032/1032/913 1031/1031/912
f 1031/1031/912 1052/1052/929 1051/1051/909
f 1053/1053/930 1054/1054/354 1055/1055/931
f 1056/1056/932 1057/1057/933 1058/1058/934
f 1058/1058/934 1036/1036/935 1056/1056/932
f 1059/1059/936 1060/1060/936 1061/1061/937
f 1061/1061/937 1062/1062/936 1059/1059/936
f 1063/1063/938 1064/1064/939 1065/1065/939
f 1065/1065/939 1066/1066/939 1063/1063/938
f 1067/1067/940 1068/1068/941 1069/1069/942
f 1069/1069/942 1070/1070/940 1067/1067/940
f 1071/1071/943 1072/1072/944 1073/1073/945
f 1073/1073/945 1074/1074/943 1071/1071/943
f 1075/1075/946 1076/1076/947 1077/1077/948
f 1077/1077/948 1078/1078/948 1075/1075/946
f 1079/1079/949 1080/1080/949 1081/1081/949
f 1081/1081/949 1082/1082/949 1079/1079/949
f 1083/1083/950 1084/1084/950 1085/1085/950
f 1085/1085/950 1086/1086/951 1083/1083/950
f 1087/1087/952 1088/1088/952 1089/1089/952
f 1089/1089/952 1090/1090/952 1087/1087/952
f 1091/1091/953 1092/1092/940 1093/1093/941
f 1093/1093/941 1094/1094/941 1091/1091/953
f 1095/1095/943 1096/1096/943 1097/1097/943
f 1097/1097/943 1098/1098/943 1095/1095/943
f 1099/1099/937 1100/1100/937 1101/1101/937
f 1101/1101/937 1102/1102/937 1099/1099/937
f 1103/1103/939 1104/1104/939 1105/1105/939
f 1105/1105/939 1106/1106/939 1103/1103/939
f 1107/1107/940 1108/1108/941 1109/1109/941
f 1109/1109/941 1110/1110/940 1107/1107/940
f 1111/1111/943 1112/1112/954 1113/1113/945
f 1113/1113/945 1114/1114/955 1111/1111/943
f 1115/1115/956 1116/1116/957 1117/1117/958
f 1116/1116/957 1115/1115/956 1118/1118/959
f 1118/1118/959 1119/1119/960 1116/1116/957
f 1120/1120/961 1121/1121/962 1122/1122/963
f 1123/1123/964 1121/1121/962 1120/1120/961
f 1120/1120/961 1124/1124/965 1123/1123/964
f 1123/1123/964 1124/1124/965 1125/1125/966
f 1126/1126/967 1125/1125/966 1124/1124/965
f 1124/1124/965 1127/1127/968 1126/1126/967
f 1128/1128/969 1126/1126/967 1127/1127/968
f 1127/1127/968 1129/1129/970 1128/1128/969
f 1130/1130/971 1128/1128/969 1129/1129/970
f 1129/1129/970 1118/1118/959 1130/1130/971
f 1118/1118/959 1131/1131/972 1130/1130/971
f 1118/1118/959 1132/1132/973 1131/1131/972
f 1118/1118/959 1115/1115/956 1132/1132/973
f 1133/1133/974 1132/1132/973 1115/1115/956
f 1117/1117/958 1133/1133/974 1115/1115/956
f 1134/1134/975 1135/1135/974 1136/1136/958
f 1136/1136/958 1137/1137/976 1134/1134/975
f 1138/1138/977 1134/1134/975 1137/1137/976
f 1127/1127/968 1124/1124/965 1120/1120/961
f 1125/1125/966 1139/1139/978 1123/1123/964
f 1132/1132/973 1133/1133/974 1140/1140/979
f 1141/1141/980 1142/1142/979 1135/1135/974
f 1135/1135/974 1134/1134/975 1141/1141/980
f 1138/1138/977 1141/1141/980 1134/1134/975
f 1138/1138/977 1143/1143/981 1141/1141/980
f 1138/1138/977 1144/1144/982 1143/1143/981
f 1144/1144/982 1138/1138/977 1145/1145/983
f 1145/1145/983 1146/1146/984 1144/1144/982
f 1146/1146/984 1145/1145/983 1147/1147/985
f 1147/1147/985 1148/1148/986 1146/1146/984
f 1148/1148/986 1147/1147/985 1149/1149/987
f 1149/1149/987 1150/1150/988 1148/1148/986
f 1151/1151/989 1150/1150/988 1149/1149/987
f 1149/1149/987 1152/1152/990 1151/1151/989
f 1152/1152/990 1149/1149/987 1153/1153/991
f 1153/1153/991 1154/1154/992 1152/1152/990
f 1155/1155/993 1154/1154/992 1153/1153/991
f 1153/1153/991 1156/1156/994 1155/1155/993
f 1153/1153/991 1149/1149/987 1147/1147/985
f 1157/1157/995 1155/1155/993 1156/1156/994
f 1156/1156/994 1158/1158/996 1157/1157/995
f 1158/1158/996 1156/1156/994 1159/1159/997
f 1159/1159/997 1160/1160/998 1158/1158/996
f 1161/1161/999 1160/1160/998 1159/1159/997
f 1159/1159/997 1162/1162/1000 1161/1161/999
f 1161/1161/999 1162/1162/1000 1163/1163/1001
f 1164/1164/1002 1163/1163/1001 1162/1162/1000
f 1162/1162/1000 1165/1165/1003 1164/1164/1002
f 1138/1138/977 1164/1164/1002 1165/1165/1003
f 1165/1165/1003 1145/1145/983 1138/1138/977
f 1147/1147/985 1145/1145/983 1165/1165/1003
f 1165/1165/1003 1166/1166/1004 1147/1147/985
f 1147/1147/985 1166/1166/1004 1153/1153/991
f 1156/1156/994 1153/1153/991 1166/1166/1004
f 1166/1166/1004 1159/1159/997 1156/1156/994
f 1162/1162/1000 1159/1159/997 1166/1166/1004
f 1166/1166/1004 1165/1165/1003 1162/1162/1000
f 1163/1163/1001 1167/1167/1005 1161/1161/999
f 1137/1137/976 1168/1168/1006 1138/1138/977
f 1164/1164/1002 1138/1138/977 1168/1168/1006
f 1168/1168/1006 1169/1169/1007 1164/1164/1002
f 1163/1163/1001 1164/1164/1002 1169/1169/1007
f 1169/1169/1007 1170/1170/1008 1163/1163/1001
f 1167/1167/1005 1163/1163/1001 1170/1170/1008
f 1170/1170/1008 1171/1171/943 1167/1167/1005
f 1172/1172/931 1173/1173/1009 1174/1174/930
f 1175/1175/1010 1176/1176/1011 1177/1177/1012
f 1177/1177/1012 1178/1178/654 1175/1175/1010
f 1179/1179/1013 1175/1175/1010 1178/1178/654
f 1178/1178/654 1180/1180/655 1179/1179/1013
f 1181/1181/1014 1179/1179/1013 1180/1180/655
f 1180/1180/655 1182/1182/656 1181/1181/1014
f 1183/1183/1015 1181/1181/1014 1182/1182/656
f 1182/1182/656 1184/1184/1016 1183/1183/1015
f 1185/1185/1017 1183/1183/1015 1184/1184/1016
f 1184/1184/1016 1186/1186/1018 1185/1185/1017
f 1187/1187/1019 1188/1188/1020 1189/1189/1021
f 1189/1189/1021 1190/1190/1022 1187/1187/1019
f 1190/1190/1022 1189/1189/1021 1191/1191/623
f 1191/1191/623 1192/1192/1023 1190/1190/1022
f 1192/1192/1023 1191/1191/623 1193/1193/625
f 1193/1193/625 1194/1194/1024 1192/1192/1023
f 1194/1194/1024 1193/1193/625 1195/1195/626
f 1195/1195/626 1196/1196/1025 1194/1194/1024
f 1196/1196/1025 1195/1195/626 1197/1197/1026
f 1197/1197/1026 1198/1198/1027 1196/1196/1025
f 1199/1199/1028 1200/1200/1029 1201/1201/387
f 1202/1202/1030 1203/1203/1031 1204/1204/1032
f 1204/1204/1032 1205/1205/1033 1202/1202/1030
f 1205/1205/1033 1204/1204/1032 1206/1206/1034
f 1206/1206/1034 1207/1207/1035 1205/1205/1033
f 1207/1207/1035 1206/1206/1034 1208/1208/1036
f 1208/1208/1036 1209/1209/1037 1207/1207/1035
f 1209/1209/1037 1208/1208/1036 1210/1210/1038
f 1210/1210/1038 1211/1211/1039 1209/1209/1037
f 1212/1212/1040 1211/1211/1039 1210/1210/1038
f 1210/1210/1038 1213/1213/1041 1212/1212/1040
f 1214/1214/1042 1215/1215/1043 1216/1216/1044
f 1216/1216/1044 1217/1217/1045 1214/1214/1042
f 1217/1217/1045 1216/1216/1044 1218/1218/1045
f 1218/1218/1045 1219/1219/1045 1217/1217/1045
f 1219/1219/1045 1218/1218/1045 1220/1220/1045
f 1220/1220/1045 1221/1221/1045 1219/1219/1045
f 1221/1221/1045 1220/1220/1045 1222/1222/1045
f 1222/1222/1045 1223/1223/1046 1221/1221/1045
f 1223/1223/1046 1222/1222/1045 1224/1224/1046
f 1224/1224/1046 1225/1225/1047 1223/1223/1046
f 1226/1226/1048 1227/1227/1049 1228/1228/1050
f 1229/1229/1051 1230/1230/1052 1231/1231/1053
f 1231/1231/1053 1232/1232/1054 1229/1229/1051
f 1233/1233/1055 1229/1229/1051 1232/1232/1054
f 1232/1232/1054 1234/1234/1056 1233/1233/1055
f 1235/1235/1057 1233/1233/1055 1234/1234/1056
f 1234/1234/1056 1236/1236/1057 1235/1235/1057
f 1237/1237/1058 1235/1235/1057 1236/1236/1057
f 1236/1236/1057 1238/1238/1058 1237/1237/1058
f 1239/1239/1059 1237/1237/1058 1238/1238/1058
f 1238/1238/1058 1240/1240/1060 1239/1239/1059
f 1239/1239/1059 1240/1240/1060 1241/1241/1061
f 1241/1241/1061 1242/1242/1062 1239/1239/1059
f 1243/1243/1063 1244/1244/1064 1245/1245/1065
f 1245/1245/1065 1246/1246/1066 1243/1243/1063
f 1243/1243/1063 1246/1246/1066 1247/1247/1067
f 1247/1247/1067 1248/1248/1068 1243/1243/1063
f 1248/1248/1068 1247/1247/1067 1249/1249/1069
f 1249/1249/1069 1250/1250/1069 1248/1248/1068
f 1250/1250/1069 1249/1249/1069 1251/1251/1070
f 1251/1251/1070 1252/1252/1068 1250/1250/1069
f 1252/1252/1068 1251/1251/1070 1253/1253/1071
f 1253/1253/1071 1254/1254/1072 1252/1252/1068
f 1254/1254/1072 1253/1253/1071 1255/1255/1073
f 1255/1255/1073 1256/1256/1074 1254/1254/1072
f 1257/1257/1075 1258/1258/1075 1259/1259/1075
f 1260/1260/1076 1261/1261/1077 1262/1262/1078
f 1262/1262/1078 1263/1263/1079 1260/1260/1076
f 1264/1264/1080 1260/1260/1076 1263/1263/1079
f 1263/1263/1079 1265/1265/1079 1264/1264/1080
f 1266/1266/1081 1264/1264/1080 1265/1265/1079
f 1265/1265/1079 1267/1267/1081 1266/1266/1081
f 1268/1268/1082 1266/1266/1081 1267/1267/1081
f 1267/1267/1081 1269/1269/1083 1268/1268/1082
f 1270/1270/1084 1268/1268/1082 1269/1269/1083
f 1269/1269/1083 1271/1271/1085 1270/1270/1084
f 1270/1270/1084 1271/1271/1085 1272/1272/1086
f 1272/1272/1086 1273/1273/1087 1270/1270/1084
f 1273/1273/1087 1272/1272/1086 1274/1274/1088
f 1274/1274/1088 1275/1275/1089 1273/1273/1087
f 1275/1275/1089 1274/1274/1088 1276/1276/1090
f 1276/1276/1090 1277/1277/1090 1275/1275/1089
f 1277/1277/1090 1276/1276/1090 1278/1278/1090
f 1278/1278/1090 1279/1279/1090 1277/1277/1090
f 1279/1279/1090 1278/1278/1090 1280/1280/1089
f 1280/1280/1089 1281/1281/1091 1279/1279/1090
f 1281/1281/1091 1280/1280/1089 1282/1282/1091
f 1282/1282/1091 1283/1283/1092 1281/1281/1091
f 1283/1283/1092 1282/1282/1091 1284/1284/1089
f 1284/1284/1089 1285/1285/1092 1283/1283/1092
f 1285/1285/1092 1284/1284/1089 1286/1286/1093
f 1286/1286/1093 1287/1287/1094 1285/1285/1092
f 1287/1287/1094 1286/1286/1093 1288/1288/1095
f 1288/1288/1095 1289/1289/1096 1287/1287/1094
f 1290/1290/1097 1291/1291/1098 1292/1292/1099
f 1293/1293/1100 1294/1294/1101 1295/1295/1102
f 1295/1295/1102 1296/1296/1103 1293/1293/1100
f 1296/1296/1103 1295/1295/1102 1297/1297/1104
f 1297/1297/1104 1298/1298/1105 1296/1296/1103
f 1298/1298/1105 1297/1297/1104 1299/1299/1106
f 1299/1299/1106 1300/1300/1107 1298/1298/1105
f 1301/1301/1108 1302/1302/1109 1303/1303/1110
f 1304/1304/1111 1305/1305/1112 1306/1306/1113
f 1305/1305/1112 1304/1304/1111 1307/1307/1114
f 1307/1307/1114 1308/1308/1115 1305/1305/1112
f 1309/1309/1116 1308/1308/1115 1307/1307/1114
f 1307/1307/1114 1310/1310/1117 1309/1309/1116
f 1311/1311/1118 1309/1309/1116 1310/1310/1117
f 1310/1310/1117 1312/1312/1119 1311/1311/1118
f 1313/1313/1120 1312/1312/1119 1310/1310/1117
f 1310/1310/1117 1314/1314/1121 1313/1313/1120
f 1315/1315/1122 1314/1314/1121 1310/1310/1117
f 1310/1310/1117 1307/1307/1114 1315/1315/1122
f 1315/1315/1122 1307/1307/1114 1304/1304/1111
f 1304/1304/1111 1316/1316/1123 1315/1315/1122
f 1316/1316/1123 1304/1304/1111 1317/1317/1124
f 1317/1317/1124 1318/1318/1125 1316/1316/1123
f 1318/1318/1125 1317/1317/1124 1319/1319/1126
f 1319/1319/1126 1320/1320/939 1318/1318/1125
f 1306/1306/1113 1317/1317/1124 1304/1304/1111
f 1319/1319/1126 1317/1317/1124 1306/1306/1113
f 1321/1321/1127 1322/1322/1128 1323/1323/1129
f 1324/1324/1130 1325/1325/1131 1326/1326/1132
f 1327/1327/1133 1325/1325/1131 1324/1324/1130
f 1325/1325/1131 1327/1327/1133 1328/1328/1134
f 1329/1329/1135 1328/1328/1134 1327/1327/1133
f 1327/1327/1133 1122/1122/963 1329/1329/1135
f 1122/1122/963 1327/1327/1133 1120/1120/961
f 1324/1324/1130 1120/1120/961 1327/1327/1133
f 1120/1120/961 1324/1324/1130 1127/1127/968
f 1127/1127/968 1324/1324/1130 1330/1330/1136
f 1330/1330/1136 1129/1129/970 1127/1127/968
f 1118/1118/959 1129/1129/970 1330/1330/1136
f 1330/1330/1136 1331/1331/1137 1118/1118/959
f 1119/1119/960 1118/1118/959 1331/1331/1137
f 1331/1331/1137 1332/1332/1138 1119/1119/960
f 1332/1332/1138 1331/1331/1137 1333/1333/1139
f 1333/1333/1139 1334/1334/1140 1332/1332/1138
f 1334/1334/1140 1333/1333/1139 1335/1335/1141
f 1335/1335/1141 1336/1336/945 1334/1334/1140
f 1337/1337/1142 1335/1335/1141 1333/1333/1139
f 1326/1326/1132 1330/1330/1136 1324/1324/1130
f 1331/1331/1137 1330/1330/1136 1326/1326/1132
f 1326/1326/1132 1333/1333/1139 1331/1331/1137
f 1333/1333/1139 1326/1326/1132 1337/1337/1142
f 1337/1337/1142 1326/1326/1132 1325/1325/1131
f 1325/1325/1131 1338/1338/1143 1337/1337/1142
f 1328/1328/1134 1338/1338/1143 1325/1325/1131
f 1339/1339/1109 1340/1340/1144 1341/1341/1127
f 1342/1342/1145 1343/1343/1146 1344/1344/1147
f 1344/1344/1147 1345/1345/1148 1342/1342/1145
f 1346/1346/1149 1345/1345/1148 1344/1344/1147
f 1344/1344/1147 1347/1347/1150 1346/1346/1149
f 1348/1348/1151 1346/1346/1149 1347/1347/1150
f 1347/1347/1150 1349/1349/1152 1348/1348/1151
f 1350/1350/1153 1348/1348/1151 1349/1349/1152
f 1349/1349/1152 1351/1351/1154 1350/1350/1153
f 1352/1352/1155 1350/1350/1153 1351/1351/1154
f 1351/1351/1154 1353/1353/1156 1352/1352/1155
f 1354/1354/1157 1355/1355/1158 1356/1356/1159
f 1357/1357/1160 1358/1358/1161 1359/1359/1162
f 1360/1360/1163 1358/1358/1161 1357/1357/1160
f 1357/1357/1160 1361/1361/1164 1360/1360/1163
f 1362/1362/1165 1360/1360/1163 1361/1361/1164
f 1361/1361/1164 1363/1363/1166 1362/1362/1165
f 1364/1364/1159 1365/1365/1167 1366/1366/1168
f 1367/1367/1169 1368/1368/1170 1369/1369/1171
f 1370/1370/1172 1368/1368/1170 1367/1367/1169
f 1367/1367/1169 1371/1371/1173 1370/1370/1172
f 1372/1372/1174 1370/1370/1172 1371/1371/1173
f 1371/1371/1173 1373/1373/1175 1372/1372/1174
f 1374/1374/1176 1375/1375/1177 1376/1376/1157
f 1377/1377/1178 1378/1378/1179 1379/1379/1180
f 1380/1380/1181 1378/1378/1179 1377/1377/1178
f 1377/1377/1178 1381/1381/1182 1380/1380/1181
f 1382/1382/1183 1380/1380/1181 1381/1381/1182
f 1381/1381/1182 1383/1383/1184 1382/1382/1183
f 1384/1384/1157 1385/1385/1185 1386/1386/1176
f 1387/1387/1186 1388/1388/1187 1389/1389/1188
f 1390/1390/1189 1388/1388/1187 1387/1387/1186
f 1387/1387/1186 1391/1391/1190 1390/1390/1189
f 1392/1392/1191 1390/1390/1189 1391/1391/1190
f 1391/1391/1190 1393/1393/1192 1392/1392/1191
f 1394/1394/1193 1395/1395/1194 1396/1396/1128
f 1397/1397/1195 1398/1398/1196 1399/1399/1197
f 1400/1400/1198 1398/1398/1196 1397/1397/1195
f 1397/1397/1195 1401/1401/1199 1400/1400/1198
f 1402/1402/1200 1401/1401/1199 1397/1397/1195
f 1397/1397/1195 1403/1403/1201 1402/1402/1200
f 1403/1403/1201 1397/1397/1195 1404/1404/1202
f 1404/1404/1202 1405/1405/1203 1403/1403/1201
f 1406/1406/1204 1405/1405/1203 1404/1404/1202
f 1404/1404/1202 1407/1407/1205 1406/1406/1204
f 1408/1408/1206 1406/1406/1204 1407/1407/1205
f 1407/1407/1205 1409/1409/1207 1408/1408/1206
f 1410/1410/1208 1408/1408/1206 1409/1409/1207
f 1410/1410/1208 1409/1409/1207 1411/1411/1209
f 1411/1411/1209 1412/1412/1210 1410/1410/1208
f 1399/1399/1197 1404/1404/1202 1397/1397/1195
f 1407/1407/1205 1404/1404/1202 1399/1399/1197
f 1399/1399/1197 1413/1413/1211 1407/1407/1205
f 1409/1409/1207 1407/1407/1205 1413/1413/1211
f 1413/1413/1211 1411/1411/1209 1409/1409/1207
f 1414/1414/1212 1415/1415/1213 1416/1416/1214
f 1416/1416/1214 1417/1417/1215 1414/1414/1212
f 1417/1417/1215 1416/1416/1214 1418/1418/1216
f 1418/1418/1216 1419/1419/1217 1417/1417/1215
f 1419/1419/1217 1418/1418/1216 1420/1420/1218
f 1420/1420/1218 1421/1421/1219 1419/1419/1217
f 1422/1422/1220 1423/1423/1221 1424/1424/1222
f 1424/1424/1222 1425/1425/1223 1422/1422/1220
f 1425/1425/1223 1424/1424/1222 1426/1426/1224
f 1426/1426/1224 1427/1427/1225 1425/1425/1223
f 1427/1427/1225 1426/1426/1224 1428/1428/1226
f 1428/1428/1226 1429/1429/1227 1427/1427/1225
f 1430/1430/1228 1431/1431/1229 1432/1432/1230
f 1432/1432/1230 1433/1433/1231 1430/1430/1228
f 1434/1434/1232 1433/1433/1231 1432/1432/1230
f 1432/1432/1230 1435/1435/1233 1434/1434/1232
f 1436/1436/1234 1434/1434/1232 1435/1435/1233
f 1435/1435/1233 1437/1437/1235 1436/1436/1234
f 1438/1438/1236 1436/1436/1234 1437/1437/1235
f 1437/1437/1235 1439/1439/1237 1438/1438/1236
f 1440/1440/1238 1438/1438/1236 1439/1439/1237
f 1439/1439/1237 1441/1441/1239 1440/1440/1238
f 1442/1442/1097 1443/1443/1240 1444/1444/1241
f 1445/1445/1242 1446/1446/1243 1447/1447/1244
f 1446/1446/1243 1445/1445/1242 1448/1448/1245
f 1448/1448/1245 1449/1449/1246 1446/1446/1243
f 1449/1449/1246 1448/1448/1245 1450/1450/1247
f 1450/1450/1247 1451/1451/1248 1449/1449/1246
f 1451/1451/1248 1450/1450/1247 1452/1452/1249
f 1452/1452/1249 1453/1453/1250 1451/1451/1248
f 1453/1453/1250 1452/1452/1249 1454/1454/1251
f 1454/1454/1251 1455/1455/1252 1453/1453/1250
f 1455/1455/1252 1454/1454/1251 1456/1456/1253
f 1456/1456/1253 1457/1457/1254 1455/1455/1252
f 1457/1457/1254 1456/1456/1253 1458/1458/1255
f 1458/1458/1255 1459/1459/1256 1457/1457/1254
f 1459/1459/1256 1458/1458/1255 1460/1460/1257
f 1460/1460/1257 1447/1447/1244 1459/1459/1256
f 1447/1447/1244 1460/1460/1257 1445/1445/1242
f 1461/1461/1258 1462/1462/1259 1463/1463/1240
f 1464/1464/1260 1465/1465/1261 1466/1466/1262
f 1465/1465/1261 1464/1464/1260 1467/1467/1263
f 1467/1467/1263 1468/1468/1264 1465/1465/1261
f 1468/1468/1264 1467/1467/1263 1469/1469/1265
f 1469/1469/1265 1470/1470/1266 1468/1468/1264
f 1470/1470/1266 1469/1469/1265 1471/1471/1267
f 1471/1471/1267 1472/1472/1268 1470/1470/1266
f 1472/1472/1268 1471/1471/1267 1473/1473/1269
f 1473/1473/1269 1474/1474/1270 1472/1472/1268
f 1474/1474/1270 1473/1473/1269 1475/1475/1271
f 1475/1475/1271 1476/1476/1272 1474/1474/1270
f 1476/1476/1272 1475/1475/1271 1477/1477/1273
f 1477/1477/1273 1478/1478/1274 1476/1476/1272
f 1478/1478/1274 1477/1477/1273 1479/1479/1275
f 1479/1479/1275 1466/1466/1262 1478/1478/1274
f 1466/1466/1262 1479/1479/1275 1464/1464/1260
f 1480/1480/1240 1481/1481/1276 1482/1482/1277
f 1483/1483/1278 1484/1484/1279 1485/1485/1280
f 1484/1484/1279 1483/1483/1278 1486/1486/1281
f 1486/1486/1281 1487/1487/1282 1484/1484/1279
f 1487/1487/1282 1486/1486/1281 1488/1488/1283
f 1488/1488/1283 1489/1489/1284 1487/1487/1282
f 1489/1489/1284 1488/1488/1283 1490/1490/1285
f 1490/1490/1285 1491/1491/1286 1489/1489/1284
f 1491/1491/1286 1490/1490/1285 1492/1492/1287
f 1492/1492/1287 1493/1493/1288 1491/1491/1286
f 1493/1493/1288 1492/1492/1287 1494/1494/1289
f 1494/1494/1289 1495/1495/1290 1493/1493/1288
f 1495/1495/1290 1494/1494/1289 1496/1496/1291
f 1496/1496/1291 1497/1497/1292 1495/1495/1290
f 1497/1497/1292 1496/1496/1291 1498/1498/1293
f 1498/1498/1293 1485/1485/1280 1497/1497/1292
f 1485/1485/1280 1498/1498/1293 1483/1483/1278
f 1499/1499/1294 1500/1500/1295 1501/1501/1177
f 1502/1502/1296 1503/1503/1296 1504/1504/1296
f 1505/1505/1297 1506/1506/1176 1507/1507/1294
f 1508/1508/1298 1509/1509/1299 1510/1510/1300
f 1510/1510/1300 1511/1511/1301 1508/1508/1298
f 1511/1511/1301 1510/1510/1300 1512/1512/1302
f 1512/1512/1302 1513/1513/1303 1511/1511/1301
f 1512/1512/1302 1514/1514/1304 1513/1513/1303
f 1515/1515/1305 1516/1516/1306 1517/1517/1307
f 1518/1518/1308 1519/1519/1309 1520/1520/1310
f 1520/1520/1310 1521/1521/1311 1518/1518/1308
f 1521/1521/1311 1520/1520/1310 1522/1522/1312
f 1522/1522/1312 1523/1523/1313 1521/1521/1311
f 1522/1522/1312 1524/1524/1314 1523/1523/1313
f 1525/1525/1176 1526/1526/1193 1527/1527/1315
f 1528/1528/1316 1529/1529/1317 1530/1530/1318
f 1530/1530/1318 1531/1531/1319 1528/1528/1316
f 1531/1531/1319 1530/1530/1318 1532/1532/1320
f 1532/1532/1320 1533/1533/1321 1531/1531/1319
f 1532/1532/1320 1534/1534/1322 1533/1533/1321
f 1535/1535/1323 1536/1536/1324 1537/1537/1193
f 1538/1538/1325 1539/1539/1325 1540/1540/1325
f 1541/1541/1193 1542/1542/1297 1543/1543/1295
f 1544/1544/1326 1545/1545/1327 1546/1546/1328
f 1546/1546/1328 1547/1547/1329 1544/1544/1326
f 1547/1547/1329 1546/1546/1328 1548/1548/1330
f 1548/1548/1330 1549/1549/1331 1547/1547/1329
f 1548/1548/1330 1550/1550/1332 1549/1549/1331
f 1551/1551/1333 1552/1552/1334 1553/1553/1295
f 1554/1554/1335 1555/1555/1335 1556/1556/1336
f 1556/1556/1336 1557/1557/1337 1554/1554/1335
f 1557/1557/1337 1556/1556/1336 1558/1558/1338
f 1558/1558/1338 1559/1559/1339 1557/1557/1337
f 1558/1558/1338 1560/1560/1340 1559/1559/1339
f 1561/1561/1295 1562/1562/1306 1563/1563/1341
f 1564/1564/1342 1565/1565/1343 1566/1566/1344
f 1566/1566/1344 1567/1567/1345 1564/1564/1342
f 1567/1567/1345 1566/1566/1344 1568/1568/1346
f 1568/1568/1346 1569/1569/1347 1567/1567/1345
f 1568/1568/1346 1570/1570/1348 1569/1569/1347
f 1571/1571/1349 1572/1572/1350 1573/1573/1351
f 1574/1574/1352 1575/1575/1352 1576/1576/1352
f 1577/1577/1353 1578/1578/1354 1579/1579/1355
f 1580/1580/1326 1581/1581/1326 1582/1582/1356
f 1582/1582/1356 1583/1583/1329 1580/1580/1326
f 1583/1583/1329 1582/1582/1356 1584/1584/1330
f 1584/1584/1330 1585/1585/1331 1583/1583/1329
f 1584/1584/1330 1586/1586/1357 1585/1585/1331
f 1587/1587/1358 1588/1588/1359 1589/1589/1315
f 1590/1590/1335 1591/1591/1360 1592/1592/1336
f 1592/1592/1336 1593/1593/1337 1590/1590/1335
f 1593/1593/1337 1592/1592/1336 1594/1594/1361
f 1594/1594/1361 1595/1595/1339 1593/1593/1337
f 1594/1594/1361 1596/1596/1340 1595/1595/1339
f 1597/1597/1315 1598/1598/1362 1599/1599/1363
f 1600/1600/1342 1601/1601/1342 1602/1602/1364
f 1602/1602/1364 1603/1603/1345 1600/1600/1342
f 1603/1603/1345 1602/1602/1364 1604/1604/1346
f 1604/1604/1346 1605/1605/1347 1603/1603/1345
f 1604/1604/1346 1606/1606/1365 1605/1605/1347
f 1607/1607/1366 1608/1608/1367 1609/1609/1363
f 1610/1610/1368 1611/1611/1368 1612/1612/1368
f 1613/1613/1369 1614/1614/1370 1615/1615/1371
f 1616/1616/1372 1617/1617/1372 1618/1618/1373
f 1618/1618/1373 1619/1619/1374 1616/1616/1372
f 1619/1619/1374 1618/1618/1373 1620/1620/1375
f 1620/1620/1375 1621/1621/1376 1619/1619/1374
f 1620/1620/1375 1622/1622/1377 1621/1621/1376
f 1623/1623/1378 1624/1624/1379 1625/1625/1333
f 1626/1626/1380 1627/1627/1381 1628/1628/1382
f 1628/1628/1382 1629/1629/1383 1626/1626/1380
f 1629/1629/1383 1628/1628/1382 1630/1630/1384
f 1630/1630/1384 1631/1631/1385 1629/1629/1383
f 1630/1630/1384 1632/1632/1386 1631/1631/1385
f 1633/1633/1333 1634/1634/1387 1635/1635/1388
f 1636/1636/1389 1637/1637/1389 1638/1638/1390
f 1638/1638/1390 1639/1639/1391 1636/1636/1389
f 1639/1639/1391 1638/1638/1390 1640/1640/1392
f 1640/1640/1392 1641/1641/1393 1639/1639/1391
f 1640/1640/1392 1642/1642/1394 1641/1641/1393
f 1643/1643/1367 1644/1644/1395 1645/1645/1396
f 1646/1646/1397 1647/1647/1397 1648/1648/1397
f 1649/1649/1359 1650/1650/1363 1651/1651/1367
f 1652/1652/1398 1653/1653/1398 1654/1654/1399
f 1654/1654/1399 1655/1655/1400 1652/1652/1398
f 1655/1655/1400 1654/1654/1399 1656/1656/1401
f 1656/1656/1401 1657/1657/1402 1655/1655/1400
f 1656/1656/1401 1658/1658/1403 1657/1657/1402
f 1659/1659/1404 1660/1660/1404 1661/1661/1405
f 1662/1662/1406 1663/1663/1407 1664/1664/1408
f 1664/1664/1408 1665/1665/1409 1662/1662/1406
f 1665/1665/1409 1664/1664/1408 1666/1666/1410
f 1666/1666/1410 1667/1667/1411 1665/1665/1409
f 1666/1666/1410 1668/1668/1412 1667/1667/1411
f 1669/1669/1413 1670/1670/1414 1671/1671/1415
f 1672/1672/1416 1673/1673/1416 1674/1674/1417
f 1674/1674/1417 1675/1675/1418 1672/1672/1416
f 1675/1675/1418 1674/1674/1417 1676/1676/1419
f 1676/1676/1419 1677/1677/1420 1675/1675/1418
f 1676/1676/1419 1678/1678/1421 1677/1677/1420
f 1679/1679/1422 1680/1680/1423 1681/1681/1424
f 1682/1682/1425 1683/1683/1425 1684/1684/1425
f 1685/1685/1426 1686/1686/1427 1687/1687/1428
f 1688/1688/1429 1689/1689/1430 1690/1690/1430
f 1691/1691/1431 1692/1692/1431 1693/1693/1432
f 1694/1694/1433 1695/1695/1434 1696/1696/1435
f 1697/1697/1436 1695/1695/1434 1694/1694/1433
f 1694/1694/1433 1698/1698/1437 1697/1697/1436
f 1699/1699/1438 1697/1697/1436 1698/1698/1437
f 1698/1698/1437 1700/1700/1438 1699/1699/1438
f 1701/1701/1432 1702/1702/1439 1703/1703/1431
f 1704/1704/1440 1705/1705/1441 1706/1706/1442
f 1707/1707/1443 1705/1705/1441 1704/1704/1440
f 1704/1704/1440 1708/1708/1444 1707/1707/1443
f 1709/1709/1445 1707/1707/1443 1708/1708/1444
f 1708/1708/1444 1710/1710/1445 1709/1709/1445
f 1711/1711/1446 1712/1712/1447 1713/1713/1448
f 1714/1714/1449 1715/1715/1450 1716/1716/1451
f 1717/1717/1452 1715/1715/1450 1714/1714/1449
f 1714/1714/1449 1718/1718/1453 1717/1717/1452
f 1719/1719/1454 1717/1717/1452 1718/1718/1453
f 1718/1718/1453 1720/1720/1454 1719/1719/1454
f 1721/1721/1455 1722/1722/1456 1723/1723/1457
f 1724/1724/1458 1725/1725/1458 1726/1726/1458
f 1727/1727/1459 1728/1728/1460 1729/1729/1461
f 1730/1730/1433 1731/1731/1462 1732/1732/1435
f 1733/1733/1436 1731/1731/1462 1730/1730/1433
f 1730/1730/1433 1734/1734/1463 1733/1733/1436
f 1735/1735/1438 1733/1733/1436 1734/1734/1463
f 1734/1734/1463 1736/1736/1438 1735/1735/1438
f 1737/1737/1464 1738/1738/1465 1739/1739/1466
f 1740/1740/1467 1741/1741/1468 1742/1742/1469
f 1743/1743/1443 1741/1741/1468 1740/1740/1467
f 1740/1740/1467 1744/1744/1444 1743/1743/1443
f 1745/1745/1470 1743/1743/1443 1744/1744/1444
f 1744/1744/1444 1746/1746/1471 1745/1745/1470
f 1747/1747/1472 1748/1748/1472 1749/1749/1473
f 1750/1750/1449 1751/1751/1450 1752/1752/1474
f 1753/1753/1452 1751/1751/1450 1750/1750/1449
f 1750/1750/1449 1754/1754/1453 1753/1753/1452
f 1755/1755/1454 1753/1753/1452 1754/1754/1453
f 1754/1754/1453 1756/1756/1475 1755/1755/1454
f 1757/1757/1473 1758/1758/1476 1759/1759/1472
f 1760/1760/1477 1761/1761/1477 1762/1762/1477
f 1763/1763/1478 1764/1764/1423 1765/1765/1414
f 1766/1766/1479 1767/1767/1480 1768/1768/1481
f 1769/1769/1482 1767/1767/1480 1766/1766/1479
f 1766/1766/1479 1770/1770/1483 1769/1769/1482
f 1771/1771/1484 1769/1769/1482 1770/1770/1483
f 1770/1770/1483 1772/1772/1484 1771/1771/1484
f 1773/1773/1414 1774/1774/1413 1775/1775/1485
f 1776/1776/1486 1777/1777/1487 1778/1778/1488
f 1779/1779/1489 1777/1777/1487 1776/1776/1486
f 1776/1776/1486 1780/1780/1490 1779/1779/1489
f 1781/1781/1491 1779/1779/1489 1780/1780/1490
f 1780/1780/1490 1782/1782/1492 1781/1781/1491
f 1783/1783/1493 1784/1784/1493 1785/1785/1493
f 1786/1786/1494 1787/1787/1495 1788/1788/1496
f 1789/1789/1497 1787/1787/1495 1786/1786/1494
f 1786/1786/1494 1790/1790/1498 1789/1789/1497
f 1791/1791/1499 1789/1789/1497 1790/1790/1498
f 1790/1790/1498 1792/1792/1500 1791/1791/1499
f 1793/1793/1493 1794/1794/1493 1795/1795/1493
f 1796/1796/1501 1797/1797/1502 1798/1798/1503
f 1799/1799/1504 1800/1800/1505 1801/1801/1428
f 1802/1802/1506 1803/1803/1507 1804/1804/1508
f 1805/1805/1428 1806/1806/1509 1807/1807/1504
f 1808/1808/1510 1809/1809/1511 1810/1810/1512
f 1811/1811/1513 1812/1812/1514 1813/1813/1515
f 1814/1814/1516 1815/1815/1517 1816/1816/1517
f 1817/1817/1518 1818/1818/1519 1819/1819/1513
f 1820/1820/1520 1821/1821/1521 1822/1822/1522
f 1823/1823/1476 1824/1824/1473 1825/1825/1523
f 1826/1826/1524 1827/1827/1525 1828/1828/1526
f 1829/1829/1466 1830/1830/1527 1831/1831/1528
f 1832/1832/1529 1833/1833/1530 1834/1834/1531
f 1835/1835/1532 1836/1836/1532 1837/1837/1532
f 1838/1838/1531 1839/1839/1533 1840/1840/1529
f 1841/1841/1534 1842/1842/1535 1843/1843/1536
f 1844/1844/1537 1845/1845/1538 1846/1846/1539
f 1847/1847/1540 1848/1848/1541 1849/1849/1542
f 1850/1850/1539 1851/1851/1539 1852/1852/1537
f 1853/1853/1543 1854/1854/1534 1855/1855/1541
f 1856/1856/1544 1857/1857/1545 1858/1858/1546
f 1859/1859/1547 1860/1860/1548 1861/1861/1543
f 1862/1862/1546 1863/1863/1549 1864/1864/1550
f 1865/1865/1551 1866/1866/1552 1867/1867/1553
f 1868/1868/1554 1869/1869/1555 1870/1870/1556
f 1871/1871/1553 1872/1872/1540 1873/1873/1557
f 1874/1874/1556 1875/1875/1558 1876/1876/1554
f 1877/1877/1559 1878/1878/1560 1879/1879/1551
f 1880/1880/1561 1881/1881/1561 1882/1882/1562
f 1883/1883/1557 1884/1884/1563 1885/1885/1564
f 1886/1886/1565 1887/1887/1565 1888/1888/1565
f 1889/1889/1566 1890/1890/1567 1891/1891/1568
f 1892/1892/1569 1893/1893/1570 1894/1894/1569
f 1895/1895/1534 1896/1896/1543 1897/1897/1571
f 1898/1898/1572 1899/1899/1573 1900/1900/1574
f 1901/1901/1560 1902/1902/1571 1903/1903/1575
f 1904/1904/1565 1905/1905/1565 1906/1906/1565
f 1907/1907/1552 1908/1908/1535 1909/1909/1576
f 1910/1910/1577 1911/1911/1577 1912/1912/1577
f 1913/1913/1578 1914/1914/1579 1915/1915/1560
f 1916/1916/1580 1917/1917/1580 1918/1918/1580
f 1919/1919/1581 1920/1920/1567 1921/1921/1578
f 1922/1922/1580 1923/1923/1580 1924/1924/1580
f 1925/1925/1582 1926/1926/1583 1927/1927/1559
f 1928/1928/1584 1929/1929/1584 1930/1930/1584
f 1931/1931/1559 1932/1932/1571 1933/1933/1585
f 1934/1934/1584 1935/1935/1584 1936/1936/1584
f 1937/1937/1586 1938/1938/1585 1939/1939/1571
f 1940/1940/1587 1941/1941/1588 1942/1942/1589
f 1943/1943/1566 1944/1944/1590 1945/1945/1586
f 1946/1946/1591 1947/1947/1591 1948/1948/1591
f 1949/1949/1592 1950/1950/1593 1951/1951/1579
f 1952/1952/1591 1953/1953/1591 1954/1954/1591
f 1955/1955/1586 1956/1956/1594 1957/1957/1595
f 1958/1958/1596 1959/1959/1588 1960/1960/1587
f 1961/1961/1597 1962/1962/1592 1963/1963/1598
f 1964/1964/1599 1965/1965/1600 1966/1966/1600
f 1967/1967/1601 1968/1968/1602 1969/1969/1603
f 1970/1970/1604 1971/1971/1605 1972/1972/1604
f 1973/1973/1606 1974/1974/1607 1975/1975/1585
f 1976/1976/1604 1977/1977/1604 1978/1978/1604
f 1979/1979/1585 1980/1980/1608 1981/1981/1593
f 1982/1982/1609 1983/1983/1610 1984/1984/1611
f 1985/1985/1612 1986/1986/1613 1987/1987/1614
f 1988/1988/1615 1989/1989/1616 1990/1990/1609
f 1991/1991/1593 1992/1992/1617 1993/1993/1612
f 1994/1994/1618 1995/1995/1619 1996/1996/1620
f 1997/1997/1621 1998/1998/1622 1999/1999/1592
f 2000/2000/1620 2001/2001/1623 2002/2002/1624
f 2003/2003/1595 2004/2004/1603 2005/2005/1625
f 2006/2006/1626 2007/2007/1627 2008/2008/1628
f 2009/2009/1629 2010/2010/1630 2011/2011/1603
f 2012/2012/1628 2013/2013/1631 2014/2014/1626
f 2015/2015/1607 2016/2016/1614 2017/2017/1632
f 2018/2018/1565 2019/2019/1565 2020/2020/1565
f 2021/2021/1404 2022/2022/1404 2023/2023/1405
f 2024/2024/1577 2025/2025/1577 2026/2026/1577
f 2027/2027/1633 2028/2028/1634 2029/2029/1635
f 2030/2030/1636 2031/2031/1637 2032/2032/1638
f 2033/2033/1639 2034/2034/1423 2035/2035/1424
f 2036/2036/1640 2037/2037/1641 2038/2038/1642
f 2039/2039/1643 2040/2040/1427 2041/2041/1428
f 2042/2042/1644 2043/2043/1645 2044/2044/1640
f 2045/2045/1431 2046/2046/1646 2047/2047/1432
f 2048/2048/1647 2049/2049/1648 2050/2050/1649
f 2051/2051/1432 2052/2052/1439 2053/2053/1431
f 2054/2054/1650 2055/2055/1650 2056/2056/1647
f 2057/2057/1651 2058/2058/1652 2059/2059/1448
f 2060/2060/1653 2061/2061/1654 2062/2062/1655
f 2063/2063/1461 2064/2064/1461 2065/2065/1457
f 2066/2066/1656 2067/2067/1657 2068/2068/1658
f 2069/2069/1457 2070/2070/1460 2071/2071/1461
f 2072/2072/1659 2073/2073/1660 2074/2074/1661
f 2075/2075/1662 2076/2076/1465 2077/2077/1466
f 2078/2078/1663 2079/2079/1664 2080/2080/1665
f 2081/2081/1666 2082/2082/1666 2083/2083/1473
f 2084/2084/1667 2085/2085/1668 2086/2086/1669
f 2087/2087/1473 2088/2088/1476 2089/2089/1670
f 2090/2090/1671 2091/2091/1672 2092/2092/1673
f 2093/2093/1478 2094/2094/1423 2095/2095/1674
f 2096/2096/1675 2097/2097/1676 2098/2098/1677
f 2099/2099/1674 2100/2100/1413 2101/2101/1485
f 2102/2102/1678 2103/2103/1679 2104/2104/1680
f 2105/2105/1681 2106/2106/1493 2107/2107/1681
f 2108/2108/1682 2109/2109/1683 2110/2110/1684
f 2111/2111/1493 2112/2112/1493 2113/2113/1493
f 2114/2114/1684 2115/2115/1685 2116/2116/1686
f 2117/2117/1439 2118/2118/1505 2119/2119/1428
f 2120/2120/1687 2121/2121/1688 2122/2122/1689
f 2123/2123/1428 2124/2124/1509 2125/2125/1504
f 2126/2126/1616 2127/2127/1615 2128/2128/1690
f 2129/2129/1513 2130/2130/1514 2131/2131/1515
f 2132/2132/1691 2133/2133/1692 2134/2134/1693
f 2135/2135/1515 2136/2136/1519 2137/2137/1513
f 2138/2138/1694 2139/2139/1580 2140/2140/1695
f 2141/2141/1528 2142/2142/1696 2143/2143/1466
f 2144/2144/1697 2145/2145/1698 2146/2146/1699
f 2147/2147/1466 2148/2148/1527 2149/2149/1528
f 2150/2150/1700 2151/2151/1701 2152/2152/1628
f 2153/2153/1702 2154/2154/1702 2155/2155/1702
f 2156/2156/1703 2157/2157/1704 2158/2158/1705
f 2159/2159/1534 2160/2160/1535 2161/2161/1536
f 2162/2162/1706 2163/2163/1707 2164/2164/1708
f 2165/2165/1540 2166/2166/1547 2167/2167/1542
f 2168/2168/1709 2169/2169/1710 2170/2170/1711
f 2171/2171/1543 2172/2172/1534 2173/2173/1712
f 2174/2174/1711 2175/2175/1713 2176/2176/1709
f 2177/2177/1714 2178/2178/1548 2179/2179/1552
f 2180/2180/1715 2181/2181/1716 2182/2182/1710
f 2183/2183/1551 2184/2184/1552 2185/2185/1553
f 2186/2186/1717 2187/2187/1718 2188/2188/1719
f 2189/2189/1553 2190/2190/1720 2191/2191/1721
f 2192/2192/1722 2193/2193/1723 2194/2194/1724
f 2195/2195/1559 2196/2196/1590 2197/2197/1721
f 2198/2198/1725 2199/2199/1726 2200/2200/1727
f 2201/2201/1557 2202/2202/1563 2203/2203/1564
f 2204/2204/1728 2205/2205/1729 2206/2206/1730
f 2207/2207/1566 2208/2208/1559 2209/2209/1534
f 2210/2210/1730 2211/2211/1684 2212/2212/1683
f 2213/2213/1731 2214/2214/1543 2215/2215/1732
f 2216/2216/1733 2217/2217/1734 2218/2218/1735
f 2219/2219/1576 2220/2220/1736 2221/2221/1575
f 2222/2222/1735 2223/2223/1737 2224/2224/1733
f 2225/2225/1552 2226/2226/1551 2227/2227/1576
f 2228/2228/1738 2229/2229/1737 2230/2230/1739
f 2231/2231/1598 2232/2232/1586 2233/2233/1560
f 2234/2234/1739 2235/2235/1740 2236/2236/1741
f 2237/2237/1581 2238/2238/1742 2239/2239/1578
f 2240/2240/1743 2241/2241/1744 2242/2242/1745
f 2243/2243/1582 2244/2244/1583 2245/2245/1746
f 2246/2246/1745 2247/2247/1747 2248/2248/1748
f 2249/2249/1559 2250/2250/1571 2251/2251/1585
f 2252/2252/1688 2253/2253/1748 2254/2254/1747
f 2255/2255/1608 2256/2256/1585 2257/2257/1571
f 2258/2258/1747 2259/2259/1749 2260/2260/1688
f 2261/2261/1736 2262/2262/1590 2263/2263/1586
f 2264/2264/1750 2265/2265/1751 2266/2266/1752
f 2267/2267/1592 2268/2268/1593 2269/2269/1579
f 2270/2270/1753 2271/2271/1754 2272/2272/1755
f 2273/2273/1586 2274/2274/1756 2275/2275/1595
f 2276/2276/1611 2277/2277/1757 2278/2278/1758
f 2279/2279/1603 2280/2280/1592 2281/2281/1598
f 2282/2282/1758 2283/2283/1690 2284/2284/1611
f 2285/2285/1759 2286/2286/1585 2287/2287/1603
f 2288/2288/1760 2289/2289/1761 2290/2290/1762
f 2291/2291/1763 2292/2292/1764 2293/2293/1585
f 2294/2294/1762 2295/2295/1762 2296/2296/1760
f 2297/2297/1585 2298/2298/1608 2299/2299/1593
f 2300/2300/1765 2301/2301/1766 2302/2302/1767
f 2303/2303/1612 2304/2304/1613 2305/2305/1614
f 2306/2306/1768 2307/2307/1769 2308/2308/1770
f 2309/2309/1593 2310/2310/1595 2311/2311/1771
f 2312/2312/1772 2313/2313/1773 2314/2314/1774
f 2315/2315/1775 2316/2316/1776 2317/2317/1592
f 2318/2318/1777 2319/2319/1778 2320/2320/1779
f 2321/2321/1595 2322/2322/1603 2323/2323/1625
f 2324/2324/1780 2325/2325/1781 2326/2326/1773
f 2327/2327/1629 2328/2328/1630 2329/2329/1603
f 2330/2330/1773 2331/2331/1782 2332/2332/1780
f 2333/2333/1783 2334/2334/1614 2335/2335/1613
f 2336/2336/1784 2337/2337/1785 2338/2338/1786
f 2339/2339/1787 2340/2340/1788 2341/2341/1789
f 2342/2342/1790 2343/2343/1791 2344/2344/1784
f 2345/2345/1789 2346/2346/1792 2347/2347/1793
f 2348/2348/1794 2349/2349/1795 2350/2350/1796
f 2351/2351/1797 2352/2352/1798 2353/2353/1799
f 2354/2354/1785 2355/2355/1800 2356/2356/1794
f 2357/2357/1801 2358/2358/1802 2359/2359/1803
f 2360/2360/1804 2361/2361/1805 2362/2362/1806
f 2363/2363/1807 2364/2364/1807 2365/2365/1808
f 2366/2366/1809 2367/2367/1810 2368/2368/1811
f 2369/2369/1808 2370/2370/1812 2371/2371/1813
f 2372/2372/1814 2373/2373/1815 2374/2374/1816
f 2375/2375/1817 2376/2376/1818 2377/2377/1819
f 2378/2378/1820 2379/2379/1821 2380/2380/1814
f 2381/2381/1822 2382/2382/1823 2383/2383/1824
f 2384/2384/1825 2385/2385/1826 2386/2386/1827
f 2387/2387/1824 2388/2388/1828 2389/2389/1829
f 2390/2390/1830 2391/2391/1831 2392/2392/1533
f 2393/2393/1832 2394/2394/1833 2395/2395/1834
f 2396/2396/1835 2397/2397/1836 2398/2398/1837
f 2399/2399/1838 2400/2400/1838 2401/2401/1839
f 2402/2402/1837 2403/2403/1840 2404/2404/1841
f 2405/2405/1839 2406/2406/1842 2407/2407/1843
f 2408/2408/1844 2409/2409/1845 2410/2410/1846
f 2411/2411/1847 2412/2412/1848 2413/2413/1849
f 2414/2414/1846 2415/2415/1850 2416/2416/1851
f 2417/2417/1849 2418/2418/1852 2419/2419/1853
f 2420/2420/1854 2421/2421/1855 2422/2422/1856
f 2423/2423/1857 2424/2424/1857 2425/2425/1857
f 2426/2426/1858 2427/2427/1859 2428/2428/1854
f 2429/2429/1857 2430/2430/1857 2431/2431/1857
f 2432/2432/1570 2433/2433/1860 2434/2434/1859
f 2435/2435/1861 2436/2436/1862 2437/2437/1863
f 2438/2438/1864 2439/2439/1572 2440/2440/1570
f 2441/2441/1865 2442/2442/1802 2443/2443/1861
f 2444/2444/1866 2445/2445/1867 2446/2446/1868
f 2447/2447/1869 2448/2448/1870 2449/2449/1871
f 2450/2450/1872 2451/2451/1873 2452/2452/1874
f 2453/2453/1875 2454/2454/1876 2455/2455/1869
f 2456/2456/1877 2457/2457/1878 2458/2458/1879
f 2459/2459/1842 2460/2460/1880 2461/2461/1881
f 2462/2462/1882 2463/2463/1572 2464/2464/1573
f 2465/2465/1881 2466/2466/1833 2467/2467/1842
f 2468/2468/1883 2469/2469/1884 2470/2470/1885
f 2471/2471/1886 2472/2472/1886 2473/2473/1886
f 2474/2474/1885 2475/2475/1887 2476/2476/1883
f 2477/2477/1888 2478/2478/1889 2479/2479/1890
f 2480/2480/1891 2481/2481/1892 2482/2482/1887
f 2483/2483/1893 2484/2484/1894 2485/2485/1888
f 2486/2486/1895 2487/2487/1615 2488/2488/1610
f 2489/2489/1896 2490/2490/1897 2491/2491/1898
f 2492/2492/1747 2493/2493/1899 2494/2494/1900
f 2495/2495/1894 2496/2496/1901 2497/2497/1896
f 2498/2498/1902 2499/2499/1903 2500/2500/1904
f 2501/2501/1905 2502/2502/1896 2503/2503/1906
f 2504/2504/1749 2505/2505/1747 2506/2506/1903
f 2507/2507/1906 2508/2508/1907 2509/2509/1908
f 2510/2510/1909 2511/2511/1910 2512/2512/1616
f 2513/2513/1911 2514/2514/1912 2515/2515/1889
f 2516/2516/1913 2517/2517/1914 2518/2518/1915
f 2519/2519/1908 2520/2520/1897 2521/2521/1916
f 2522/2522/1917 2523/2523/1918 2524/2524/1919
f 2525/2525/1920 2526/2526/1921 2527/2527/1897
f 2528/2528/1918 2529/2529/1922 2530/2530/1923
f 2531/2531/1924 2532/2532/1896 2533/2533/1925
f 2534/2534/1926 2535/2535/1927 2536/2536/1928
f 2537/2537/1929 2538/2538/1930 2539/2539/1931
f 2540/2540/1932 2541/2541/1933 2542/2542/1934
f 2543/2543/1896 2544/2544/1935 2545/2545/1936
f 2546/2546/1937 2547/2547/1938 2548/2548/1939
f 2549/2549/1940 2550/2550/1941 2551/2551/1929
f 2552/2552/1942 2553/2553/1939 2554/2554/1943
f 2555/2555/1929 2556/2556/1911 2557/2557/1940
f 2558/2558/1944 2559/2559/1945 2560/2560/1942
f 2561/2561/1946 2562/2562/1947 2563/2563/1921
f 2564/2564/1948 2565/2565/1949 2566/2566/1950
f 2567/2567/1921 2568/2568/1920 2569/2569/1951
f 2570/2570/1950 2571/2571/1952 2572/2572/1953
f 2573/2573/1954 2574/2574/1955 2575/2575/1925
f 2576/2576/1565 2577/2577/1565 2578/2578/1565
f 2579/2579/1920 2580/2580/1929 2581/2581/1941
f 2582/2582/1561 2583/2583/1561 2584/2584/1561
f 2585/2585/1956 2586/2586/1957 2587/2587/1941
f 2588/2588/1958 2589/2589/1959 2590/2590/1960
f 2591/2591/1941 2592/2592/1961 2593/2593/1962
f 2594/2594/1960 2595/2595/1963 2596/2596/1964
f 2597/2597/1965 2598/2598/1956 2599/2599/1947
f 2600/2600/1565 2601/2601/1966 2602/2602/1967
f 2603/2603/1961 2604/2604/1951 2605/2605/1965
f 2606/2606/1967 2607/2607/1561 2608/2608/1561
f 2609/2609/1968 2610/2610/1969 2611/2611/1951
f 2612/2612/1796 2613/2613/1970 2614/2614/1971
f 2615/2615/1955 2616/2616/1972 2617/2617/1957
f 2618/2618/1973 2619/2619/1790 2620/2620/1974
f 2621/2621/1975 2622/2622/1976 2623/2623/1977
f 2624/2624/1978 2625/2625/1979 2626/2626/1980
f 2627/2627/1957 2628/2628/1981 2629/2629/1975
f 2630/2630/1982 2631/2631/1983 2632/2632/1978
f 2633/2633/1984 2634/2634/1985 2635/2635/1962
f 2636/2636/1791 2637/2637/1986 2638/2638/1983
f 2639/2639/1956 2640/2640/1965 2641/2641/1987
f 2642/2642/1988 2643/2643/1800 2644/2644/1989
f 2645/2645/1990 2646/2646/1991 2647/2647/1965
f 2648/2648/1992 2649/2649/1619 2650/2650/1915
f 2651/2651/1993 2652/2652/1977 2653/2653/1976
f 2654/2654/1915 2655/2655/1785 2656/2656/1992
f 2657/2657/1994 2658/2658/1995 2659/2659/1996
f 2660/2660/1983 2661/2661/1982 2662/2662/1997
f 2663/2663/1996 2664/2664/1994 2665/2665/1994
f 2666/2666/1997 2667/2667/1948 2668/2668/1998
f 2669/2669/1999 2670/2670/2000 2671/2671/2001
f 2672/2672/1800 2673/2673/1983 2674/2674/1948
f 2675/2675/2002 2676/2676/2003 2677/2677/2004
f 2678/2678/1948 2679/2679/2005 2680/2680/1800
f 2681/2681/2006 2682/2682/2007 2683/2683/2008
f 2684/2684/2009 2685/2685/2010 2686/2686/2011
f 2687/2687/2008 2688/2688/2006 2689/2689/2006
f 2690/2690/2012 2691/2691/2013 2692/2692/2014
f 2693/2693/2015 2694/2694/2016 2695/2695/2017
f 2696/2696/2018 2697/2697/2009 2698/2698/2013
f 2699/2699/2019 2700/2700/2020 2701/2701/2021
f 2702/2702/2013 2703/2703/1806 2704/2704/1805
f 2705/2705/2021 2706/2706/2019 2707/2707/2022
f 2708/2708/2023 2709/2709/2024 2710/2710/1932
f 2711/2711/2025 2712/2712/2026 2713/2713/2027
f 2714/2714/1932 2715/2715/1811 2716/2716/2023
f 2717/2717/2028 2718/2718/2029 2719/2719/2030
f 2720/2720/2031 2721/2721/1950 2722/2722/2010
f 2723/2723/2030 2724/2724/2032 2725/2725/2032
f 2726/2726/2033 2727/2727/2034 2728/2728/2031
f 2729/2729/2035 2730/2730/2036 2731/2731/1995
f 2732/2732/2037 2733/2733/2038 2734/2734/2039
f 2735/2735/1995 2736/2736/1999 2737/2737/2040
f 2738/2738/2039 2739/2739/2041 2740/2740/1844
f 2741/2741/2042 2742/2742/2043 2743/2743/2042
f 2744/2744/1845 2745/2745/2037 2746/2746/2041
f 2747/2747/2044 2748/2748/2044 2749/2749/2044
f 2750/2750/2045 2751/2751/2046 2752/2752/1845
f 2753/2753/2047 2754/2754/2048 2755/2755/2049
f 2756/2756/2050 2757/2757/2051 2758/2758/2052
f 2759/2759/2004 2760/2760/2053 2761/2761/2054
f 2762/2762/2055 2763/2763/1529 2764/2764/2056
f 2765/2765/2020 2766/2766/2015 2767/2767/2017
f 2768/2768/2057 2769/2769/2058 2770/2770/2059
f 2771/2771/2017 2772/2772/2060 2773/2773/2020
f 2774/2774/2061 2775/2775/2062 2776/2776/2063
f 2777/2777/2029 2778/2778/2025 2779/2779/2027
f 2780/2780/2064 2781/2781/2065 2782/2782/1584
f 2783/2783/2027 2784/2784/2066 2785/2785/2029
f 2786/2786/2067 2787/2787/2067 2788/2788/2062
f 2789/2789/2068 2790/2790/2068 2791/2791/2069
f 2792/2792/2070 2793/2793/2070 2794/2794/2070
f 2795/2795/2071 2796/2796/2072 2797/2797/2073
f 2798/2798/1584 2799/2799/1584 2800/2800/1584
f 2801/2801/2074 2802/2802/2075 2803/2803/2076
f 2804/2804/2077 2805/2805/2078 2806/2806/2079
f 2807/2807/2080 2808/2808/2081 2809/2809/2082
f 2810/2810/2083 2811/2811/2084 2812/2812/2085
f 2813/2813/2086 2814/2814/2087 2815/2815/2088
f 2816/2816/1815 2817/2817/2089 2818/2818/2084
f 2819/2819/2090 2820/2820/2091 2821/2821/2092
f 2822/2822/2084 2823/2823/2093 2824/2824/1827
f 2825/2825/2094 2826/2826/2073 2827/2827/2095
f 2828/2828/2096 2829/2829/2097 2830/2830/2098
f 2831/2831/2099 2832/2832/2092 2833/2833/2094
f 2834/2834/2098 2835/2835/1831 2836/2836/1821
f 2837/2837/2100 2838/2838/2101 2839/2839/2102
f 2840/2840/2103 2841/2841/2039 2842/2842/2104
f 2843/2843/2105 2844/2844/2106 2845/2845/2100
f 2846/2846/2078 2847/2847/2077 2848/2848/2103
f 2849/2849/2082 2850/2850/2071 2851/2851/2100
f 2852/2852/2046 2853/2853/2107 2854/2854/2085
f 2855/2855/2108 2856/2856/2109 2857/2857/2082
f 2858/2858/2077 2859/2859/1827 2860/2860/1531
f 2861/2861/2110 2862/2862/2100 2863/2863/2108
f 2864/2864/1831 2865/2865/2098 2866/2866/2111
f 2867/2867/2106 2868/2868/2112 2869/2869/2092
f 2870/2870/2113 2871/2871/1533 2872/2872/1831
f 2873/2873/2086 2874/2874/2114 2875/2875/2106
f 2876/2876/2115 2877/2877/2116 2878/2878/2117
f 2879/2879/2118 2880/2880/2119 2881/2881/2106
f 2882/2882/2120 2883/2883/2121 2884/2884/2122
f 2885/2885/2106 2886/2886/2123 2887/2887/2118
f 2888/2888/1846 2889/2889/2115 2890/2890/2121
f 2891/2891/2124 2892/2892/2125 2893/2893/2100
f 2894/2894/2126 2895/2895/2127 2896/2896/2128
f 2897/2897/2100 2898/2898/2129 2899/2899/2130
f 2900/2900/1840 2901/2901/2131 2902/2902/2132
f 2903/2903/2133 2904/2904/2134 2905/2905/2108
f 2906/2906/2132 2907/2907/1835 2908/2908/1840
f 2909/2909/2135 2910/2910/2130 2911/2911/2123
f 2912/2912/1529 2913/2913/2055 2914/2914/2136
f 2915/2915/2137 2916/2916/2138 2917/2917/2123
f 2918/2918/2136 2919/2919/2115 2920/2920/1529
f 2921/2921/2139 2922/2922/2140 2923/2923/2141
f 2924/2924/1845 2925/2925/1529 2926/2926/2115
f 2927/2927/2142 2928/2928/2124 2929/2929/2143
f 2930/2930/2115 2931/2931/1846 2932/2932/1845
f 2933/2933/2129 2934/2934/2141 2935/2935/2142
f 2936/2936/1841 2937/2937/2144 2938/2938/2145
f 2939/2939/2146 2940/2940/2123 2941/2941/2130
f 2942/2942/2038 2943/2943/2037 2944/2944/1850
f 2945/2945/2147 2946/2946/2148 2947/2947/2149
f 2948/2948/1502 2949/2949/2150 2950/2950/2151
f 2951/2951/2152 2952/2952/2141 2953/2953/2153
f 2954/2954/2154 2955/2955/1506 2956/2956/1502
f 2957/2957/2146 2958/2958/2155 2959/2959/2156
f 2960/2960/2157 2961/2961/2158 2962/2962/2159
f 2963/2963/2160 2964/2964/2142 2965/2965/2141
f 2966/2966/2161 2967/2967/1508 2968/2968/2162
f 2969/2969/2163 2970/2970/2164 2971/2971/2165
f 2972/2972/1565 2973/2973/1626 2974/2974/2166
f 2975/2975/2167 2976/2976/2149 2977/2977/2148
f 2978/2978/2166 2979/2979/1561 2980/2980/1561
f 2981/2981/2168 2982/2982/2160 2983/2983/2167
f 2984/2984/1565 2985/2985/1577 2986/2986/1565
f 2987/2987/2169 2988/2988/2170 2989/2989/2155
f 2990/2990/1565 2991/2991/1577 2992/2992/1565
f 2993/2993/2155 2994/2994/2171 2995/2995/2169
f 2996/2996/1767 2997/2997/2172 2998/2998/2173
f 2999/2999/2174 3000/3000/2175 3001/3001/2152
f 3002/3002/1937 3003/3003/1762 3004/3004/1767
f 3005/3005/2170 3006/3006/2176 3007/3007/2177
f 3008/3008/2178 3009/3009/2179 3010/3010/2180
f 3011/3011/2181 3012/3012/2167 3013/3013/2182
f 3014/3014/2183 3015/3015/2184 3016/3016/1762
f 3017/3017/2182 3018/3018/2185 3019/3019/2171
f 3020/3020/2186 3021/3021/1945 3022/3022/2187
f 3023/3023/2188 3024/3024/2189 3025/3025/2190
f 3026/3026/1769 3027/3027/1883 3028/3028/2191
f 3029/3029/2190 3030/3030/2192 3031/3031/2192
f 3032/3032/2193 3033/3033/1765 3034/3034/1769
f 3035/3035/2194 3036/3036/2195 3037/3037/2196
f 3038/3038/2197 3039/3039/1909 3040/3040/2198
f 3041/3041/2199 3042/3042/2200 3043/3043/2201
f 3044/3044/1902 3045/3045/1774 3046/3046/2202
f 3047/3047/2203 3048/3048/2204 3049/3049/2205
f 3050/3050/2206 3051/3051/2207 3052/3052/1928
f 3053/3053/2205 3054/3054/2208 3055/3055/2209
f 3056/3056/1928 3057/3057/1782 3058/3058/2206
f 3059/3059/2210 3060/3060/2211 3061/3061/2212
f 3062/3062/2213 3063/3063/2214 3064/3064/1909
f 3065/3065/2215 3066/3066/2216 3067/3067/2217
f 3068/3068/1903 3069/3069/2218 3070/3070/2219
f 3071/3071/2217 3072/3072/2220 3073/3073/2220
f 3074/3074/1782 3075/3075/1928 3076/3076/2221
f 3077/3077/2222 3078/3078/2223 3079/3079/2224
f 3080/3080/1927 3081/3081/1780 3082/3082/1782
f 3083/3083/2225 3084/3084/2226 3085/3085/2227
f 3086/3086/2228 3087/3087/1549 3088/3088/2229
f 3089/3089/2227 3090/3090/2230 3091/3091/2230
f 3092/3092/2231 3093/3093/2232 3094/3094/2233
f 3095/3095/2234 3096/3096/2235 3097/3097/2189
f 3098/3098/2236 3099/3099/2233 3100/3100/2233
f 3101/3101/2189 3102/3102/2194 3103/3103/2234
f 3104/3104/1512 3105/3105/1512 3106/3106/1512
f 3107/3107/2237 3108/3108/2237 3109/3109/2237
f 3110/3110/2238 3111/3111/2239 3112/3112/2239
f 3113/3113/2237 3114/3114/2240 3115/3115/2237
f 3116/3116/2241 3117/3117/2242 3118/3118/2241
f 3119/3119/2243 3120/3120/2244 3121/3121/2201
f 3122/3122/2245 3123/3123/2246 3124/3124/2245
f 3125/3125/2201 3126/3126/2205 3127/3127/2247
f 3128/3128/2248 3129/3129/1517 3130/3130/2249
f 3131/3131/2250 3132/3132/2251 3133/3133/2212
f 3134/3134/2252 3135/3135/2253 3136/3136/2254
f 3137/3137/2212 3138/3138/2217 3139/3139/2250
f 3140/3140/2255 3141/3141/2256 3142/3142/2252
f 3143/3143/2257 3144/3144/2222 3145/3145/2258
f 3146/3146/2259 3147/3147/2260 3148/3148/2261
f 3149/3149/2262 3150/3150/2227 3151/3151/2226
f 3152/3152/1524 3153/3153/2263 3154/3154/2252
f 3155/3155/2264 3156/3156/2264 3157/3157/2264
f 3158/3158/2265 3159/3159/2266 3160/3160/2267
f 3161/3161/2268 3162/3162/2269 3163/3163/2270
f 3164/3164/2267 3165/3165/939 3166/3166/2271
f 3167/3167/2272 3168/3168/2273 3169/3169/2268
f 3170/3170/2274 3171/3171/2275 3172/3172/2276
f 3173/3173/2277 3174/3174/2278 3175/3175/2269
f 3176/3176/2276 3177/3177/2265 3178/3178/1521
f 3179/3179/2269 3180/3180/2268 3181/3181/2279
f 3182/3182/2280 3183/3183/2281 3184/3184/2280
f 3185/3185/2282 3186/3186/2283 3187/3187/2284
f 3188/3188/2285 3189/3189/1604 3190/3190/2285
f 3191/3191/2286 3192/3192/2287 3193/3193/2282
f 3194/3194/2288 3195/3195/2289 3196/3196/2288
f 3197/3197/2290 3198/3198/2291 3199/3199/2286
f 3200/3200/1605 3201/3201/1604 3202/3202/1605
f 3203/3203/2284 3204/3204/2292 3205/3205/2293
f 3206/3206/2294 3207/3207/2294 3208/3208/2295
f 3209/3209/2296 3210/3210/2279 3211/3211/2297
f 3212/3212/2295 3213/3213/1604 3214/3214/2295
f 3215/3215/2298 3216/3216/2293 3217/3217/2299
f 3218/3218/2300 3219/3219/2295 3220/3220/1604
f 3221/3221/2277 3222/3222/2296 3223/3223/2301
f 3224/3224/1604 3225/3225/1604 3226/3226/2302
f 3227/3227/2301 3228/3228/2273 3229/3229/2283
f 3230/3230/2303 3231/3231/2304 3232/3232/2305
f 3233/3233/2306 3234/3234/2290 3235/3235/2307
f 3236/3236/2308 3237/3237/1638 3238/3238/1637
f 3239/3239/2292 3240/3240/2309 3241/3241/2310
f 3242/3242/2303 3243/3243/1636 3244/3244/2311
f 3245/3245/2312 3246/3246/2313 3247/3247/2293
f 3248/3248/2314 3249/3249/2315 3250/3250/2316
f 3251/3251/2293 3252/3252/2317 3253/3253/2312
f 3254/3254/2316 3255/3255/2318 3256/3256/2314
f 3257/3257/2313 3258/3258/2319 3259/3259/2309
f 3260/3260/2314 3261/3261/2320 3262/3262/2321
f 3263/3263/2309 3264/3264/2307 3265/3265/2313
f 3266/3266/2322 3267/3267/2323 3268/3268/2314
f 3269/3269/2324 3270/3270/2325 3271/3271/2309
f 3272/3272/2326 3273/3273/2327 3274/3274/2328
f 3275/3275/2329 3276/3276/2330 3277/3277/2324
f 3278/3278/2331 3279/3279/2332 3280/3280/2326
f 3281/3281/2333 3282/3282/2312 3283/3283/2317
f 3284/3284/1678 3285/3285/2326 3286/3286/2332
f 3287/3287/2334 3288/3288/2335 3289/3289/2333
f 3290/3290/2336 3291/3291/2337 3292/3292/2338
f 3293/3293/2319 3294/3294/2339 3295/3295/2340
f 3296/3296/2341 3297/3297/2342 3298/3298/2343
f 3299/3299/2340 3300/3300/2344 3301/3301/2319
f 3302/3302/2345 3303/3303/2346 3304/3304/2341
f 3305/3305/2347 3306/3306/2348 3307/3307/2330
f 3308/3308/1675 3309/3309/2349 3310/3310/2350
f 3311/3311/2351 3312/3312/2352 3313/3313/2347
f 3314/3314/2353 3315/3315/2354 3316/3316/1675
f 3317/3317/2355 3318/3318/2333 3319/3319/2356
f 3320/3320/2320 3321/3321/2357 3322/3322/1668
f 3323/3323/2348 3324/3324/2358 3325/3325/2355
f 3326/3326/1668 3327/3327/2321 3328/3328/2320
f 3329/3329/2359 3330/3330/2352 3331/3331/2330
f 3332/3332/2360 3333/3333/2361 3334/3334/2362
f 3335/3335/2340 3336/3336/2339 3337/3337/2363
f 3338/3338/2362 3339/3339/2364 3340/3340/2365
f 3341/3341/2366 3342/3342/2367 3343/3343/2368
f 3344/3344/2369 3345/3345/2360 3346/3346/2364
f 3347/3347/2368 3348/3348/2366 3349/3349/2366
f 3350/3350/2370 3351/3351/2371 3352/3352/2372
f 3353/3353/2373 3354/3354/2374 3355/3355/2375
f 3356/3356/1653 3357/3357/2376 3358/3358/2377
f 3359/3359/2378 3360/3360/2379 3361/3361/2380
f 3362/3362/2381 3363/3363/1654 3364/3364/1653
f 3365/3365/2382 3366/3366/2383 3367/3367/2384
f 3368/3368/2385 3369/3369/2369 3370/3370/2371
f 3371/3371/2384 3372/3372/2386 3373/3373/2382
f 3374/3374/2371 3375/3375/2387 3376/3376/2388
f 3377/3377/2389 3378/3378/2390 3379/3379/2391
f 3380/3380/1525 3381/3381/2392 3382/3382/2393
f 3383/3383/2394 3384/3384/2395 3385/3385/2396
f 3386/3386/2393 3387/3387/2275 3388/3388/1525
f 3389/3389/2396 3390/3390/2397 3391/3391/2397
f 3392/3392/2398 3393/3393/2399 3394/3394/2400
f 3395/3395/2401 3396/3396/2402 3397/3397/2403
f 3398/3398/2252 3399/3399/2256 3400/3400/2404
f 3401/3401/2405 3402/3402/2406 3403/3403/2407
f 3404/3404/2399 3405/3405/2408 3406/3406/1525
f 3407/3407/2407 3408/3408/2405 3409/3409/2405
f 3410/3410/2260 3411/3411/2409 3412/3412/2399
f 3413/3413/2410 3414/3414/2411 3415/3415/2367
f 3416/3416/2276 3417/3417/2412 3418/3418/2413
f 3419/3419/2367 3420/3420/2414 3421/3421/2375
f 3422/3422/2415 3423/3423/2416 3424/3424/2417
f 3425/3425/2418 3426/3426/2419 3427/3427/2420
f 3428/3428/2421 3429/3429/2276 3430/3430/2422
f 3431/3431/2423 3432/3432/2424 3433/3433/2423
f 3434/3434/2425 3435/3435/2426 3436/3436/1672
f 3437/3437/2427 3438/3438/2428 3439/3439/2429
f 3440/3440/1638 3441/3441/2430 3442/3442/1636
f 3443/3443/2429 3444/3444/2384 3445/3445/2427
f 3446/3446/2431 3447/3447/2432 3448/3448/2433
f 3449/3449/2434 3450/3450/2435 3451/3451/2436
f 3452/3452/2437 3453/3453/1650 3454/3454/1648
f 3455/3455/2436 3456/3456/2396 3457/3457/2438
f 3458/3458/2439 3459/3459/2440 3460/3460/2441
f 3461/3461/2442 3462/3462/2401 3463/3463/2403
f 3464/3464/2443 3465/3465/1647 3466/3466/2439
f 3467/3467/2444 3468/3468/2407 3469/3469/2445
f 3470/3470/1664 3471/3471/2446 3472/3472/2432
f 3473/3473/2447 3474/3474/2447 3475/3475/2448
f 3476/3476/2432 3477/3477/1665 3478/3478/1664
f 3479/3479/2449 3480/3480/2450 3481/3481/2451
f 3482/3482/2354 3483/3483/2452 3484/3484/2453
f 3485/3485/2454 3486/3486/2455 3487/3487/2449
f 3488/3488/2453 3489/3489/1677 3490/3490/2456
f 3491/3491/2457 3492/3492/2458 3493/3493/2450
f 3494/3494/2459 3495/3495/2357 3496/3496/2460
f 3497/3497/2461 3498/3498/2449 3499/3499/2457
f 3500/3500/2462 3501/3501/1675 3502/3502/2337
f 3503/3503/2463 3504/3504/2464 3505/3505/2465
f 3506/3506/1672 3507/3507/2466 3508/3508/2467
f 3509/3509/2468 3510/3510/2454 3511/3511/2463
f 3512/3512/2467 3513/3513/1637 3514/3514/2469
f 3515/3515/2470 3516/3516/2471 3517/3517/2472
f 3518/3518/2473 3519/3519/2474 3520/3520/2469
f 3521/3521/2475 3522/3522/2476 3523/3523/2477
f 3524/3524/2478 3525/3525/941 3526/3526/2327
f 3527/3527/2479 3528/3528/2457 3529/3529/2449
f 3530/3530/2480 3531/3531/2326 3532/3532/2481
f 3533/3533/2482 3534/3534/2483 3535/3535/2484
f 3536/3536/2485 3537/3537/1672 3538/3538/2336
f 3539/3539/2486 3540/3540/2479 3541/3541/2487
f 3542/3542/2332 3543/3543/2488 3544/3544/2485
f 3545/3545/2489 3546/3546/2472 3547/3547/2490
f 3548/3548/2491 3549/3549/2481 3550/3550/2326
f 3551/3551/2492 3552/3552/2483 3553/3553/2476
f 3554/3554/2493 3555/3555/2494 3556/3556/2495
f 3557/3557/2496 3558/3558/2497 3559/3559/2498
f 3560/3560/1672 3561/3561/1671 3562/3562/1679
f 3563/3563/2499 3564/3564/2500 3565/3565/2483
f 3566/3566/2501 3567/3567/2332 3568/3568/1672
f 3569/3569/2483 3570/3570/2502 3571/3571/2503
f 3572/3572/2504 3573/3573/2505 3574/3574/2318
f 3575/3575/2500 3576/3576/2499 3577/3577/2497
f 3578/3578/2318 3579/3579/2342 3580/3580/2341
f 3581/3581/2497 3582/3582/2476 3583/3583/2484
f 3584/3584/2506 3585/3585/2507 3586/3586/2508
f 3587/3587/2509 3588/3588/2492 3589/3589/2497
f 3590/3590/2346 3591/3591/2510 3592/3592/2506
f 3593/3593/2497 3594/3594/2511 3595/3595/2509
f 3596/3596/2460 3597/3597/2314 3598/3598/2349
f 3599/3599/2512 3600/3600/2513 3601/3601/2514
f 3602/3602/2349 3603/3603/1675 3604/3604/2460
f 3605/3605/2515 3606/3606/2516 3607/3607/2512
f 3608/3608/2507 3609/3609/2517 3610/3610/2354
f 3611/3611/2503 3612/3612/2518 3613/3613/2519
f 3614/3614/2354 3615/3615/2350 3616/3616/2520
f 3617/3617/2511 3618/3618/2521 3619/3619/2522
f 3620/3620/2523 3621/3621/1694 3622/3622/2523
f 3623/3623/2524 3624/3624/2509 3625/3625/2525
f 3626/3626/2526 3627/3627/2526 3628/3628/2526
f 3629/3629/2519 3630/3630/2527 3631/3631/2528
f 3632/3632/1701 3633/3633/2529 3634/3634/2526
f 3635/3635/2530 3636/3636/2531 3637/3637/2532
f 3638/3638/2533 3639/3639/2533 3640/3640/1701
f 3641/3641/2509 3642/3642/2534 3643/3643/2535
f 3644/3644/2536 3645/3645/1758 3646/3646/2537
f 3647/3647/2535 3648/3648/2527 3649/3649/2538
f 3650/3650/1751 3651/3651/2539 3652/3652/2536
f 3653/3653/2540 3654/3654/2512 3655/3655/2535
f 3656/3656/2541 3657/3657/1723 3658/3658/2542
f 3659/3659/2543 3660/3660/2367 3661/3661/2368
f 3662/3662/1727 3663/3663/2544 3664/3664/2545
f 3665/3665/2368 3666/3666/2366 3667/3667/2366
f 3668/3668/1717 3669/3669/1735 3670/3670/1734
f 3671/3671/2373 3672/3672/2546 3673/3673/2375
f 3674/3674/2547 3675/3675/2548 3676/3676/1710
f 3677/3677/2378 3678/3678/2549 3679/3679/2550
f 3680/3680/1713 3681/3681/2551 3682/3682/2552
f 3683/3683/2382 3684/3684/2383 3685/3685/2384
f 3686/3686/1748 3687/3687/2553 3688/3688/2554
f 3689/3689/2384 3690/3690/2555 3691/3691/2382
f 3692/3692/2556 3693/3693/1682 3694/3694/1735
f 3695/3695/2389 3696/3696/2557 3697/3697/2391
f 3698/3698/1735 3699/3699/1710 3700/3700/1716
f 3701/3701/2394 3702/3702/2395 3703/3703/2396
f 3704/3704/1709 3705/3705/2558 3706/3706/1688
f 3707/3707/2396 3708/3708/2394 3709/3709/2394
f 3710/3710/2559 3711/3711/1719 3712/3712/2560
f 3713/3713/2561 3714/3714/2562 3715/3715/2403
f 3716/3716/2191 3717/3717/1610 3718/3718/1910
f 3719/3719/2563 3720/3720/2406 3721/3721/2407
f 3722/3722/2564 3723/3723/2565 3724/3724/2191
f 3725/3725/2407 3726/3726/2405 3727/3727/2405
f 3728/3728/2566 3729/3729/1618 3730/3730/2567
f 3731/3731/2410 3732/3732/2411 3733/3733/2367
f 3734/3734/1623 3735/3735/2186 3736/3736/2566
f 3737/3737/2367 3738/3738/2568 3739/3739/2410
f 3740/3740/2569 3741/3741/2570 3742/3742/1618
f 3743/3743/2571 3744/3744/2572 3745/3745/2571
f 3746/3746/1927 3747/3747/2573 3748/3748/2574
f 3749/3749/2575 3750/3750/2575 3751/3751/2575
f 3752/3752/2576 3753/3753/1781 3754/3754/1780
f 3755/3755/2427 3756/3756/2378 3757/3757/2429
f 3758/3758/2577 3759/3759/2578 3760/3760/2576
f 3761/3761/2429 3762/3762/2384 3763/3763/2427
f 3764/3764/2579 3765/3765/1609 3766/3766/1781
f 3767/3767/2434 3768/3768/2389 3769/3769/2436
f 3770/3770/1781 3771/3771/2580 3772/3772/2565
f 3773/3773/2436 3774/3774/2396 3775/3775/2438
f 3776/3776/2581 3777/3777/1610 3778/3778/2582
f 3779/3779/2583 3780/3780/2401 3781/3781/2403
f 3782/3782/2584 3783/3783/2585 3784/3784/2187
f 3785/3785/2444 3786/3786/2407 3787/3787/2445
f 3788/3788/2187 3789/3789/1767 3790/3790/1766
f 3791/3791/2586 3792/3792/2586 3793/3793/2586
f 3794/3794/2587 3795/3795/2588 3796/3796/2589
f 3797/3797/2590 3798/3798/2591 3799/3799/2592
f 3800/3800/2593 3801/3801/2594 3802/3802/2587
f 3803/3803/2595 3804/3804/2596 3805/3805/2590
f 3806/3806/2597 3807/3807/2598 3808/3808/2599
f 3809/3809/2600 3810/3810/2601 3811/3811/2602
f 3812/3812/2599 3813/3813/2603 3814/3814/2604
f 3815/3815/2591 3816/3816/2605 3817/3817/2606
f 3818/3818/2607 3819/3819/2608 3820/3820/2609
f 3821/3821/2601 3822/3822/2610 3823/3823/2596
f 3824/3824/2609 3825/3825/2597 3826/3826/2607
f 3827/3827/2596 3828/3828/2611 3829/3829/2601
f 3830/3830/2612 3831/3831/2613 3832/3832/2614
f 3833/3833/2615 3834/3834/2616 3835/3835/2617
f 3836/3836/2614 3837/3837/2618 3838/3838/2619
f 3839/3839/2620 3840/3840/2621 3841/3841/2615
f 3842/3842/2622 3843/3843/2623 3844/3844/2613
f 3845/3845/2624 3846/3846/2606 3847/3847/2625
f 3848/3848/2613 3849/3849/2612 3850/3850/2622
f 3851/3851/2626 3852/3852/2615 3853/3853/2627
f 3854/3854/2628 3855/3855/2629 3856/3856/2630
f 3857/3857/2631 3858/3858/2632 3859/3859/2633
f 3860/3860/2623 3861/3861/2634 3862/3862/2635
f 3863/3863/2621 3864/3864/2596 3865/3865/2606
f 3866/3866/2636 3867/3867/2637 3868/3868/2629
f 3869/3869/2638 3870/3870/2639 3871/3871/2621
f 3872/3872/2629 3873/3873/2640 3874/3874/2641
f 3875/3875/2633 3876/3876/2642 3877/3877/2638
f 3878/3878/2643 3879/3879/2644 3880/3880/2637
f 3881/3881/2645 3882/3882/2632 3883/3883/2646
f 3884/3884/2647 3885/3885/2636 3886/3886/2594
f 3887/3887/2639 3888/3888/2648 3889/3889/2649
f 3890/3890/2650 3891/3891/2651 3892/3892/2652
f 3893/3893/2632 3894/3894/2653 3895/3895/2654
f 3896/3896/2655 3897/3897/2656 3898/3898/2657
f 3899/3899/2658 3900/3900/2659 3901/3901/2624
f 3902/3902/2660 3903/3903/2661 3904/3904/2536
f 3905/3905/2662 3906/3906/2648 3907/3907/2654
f 3908/3908/2536 3909/3909/1708 3910/3910/2663
f 3911/3911/2664 3912/3912/2665 3913/3913/2666
f 3914/3914/2667 3915/3915/2668 3916/3916/2669
f 3917/3917/2670 3918/3918/2671 3919/3919/2638
f 3920/3920/2669 3921/3921/2655 3922/3922/2672
f 3923/3923/2638 3924/3924/2673 3925/3925/2670
f 3926/3926/2674 3927/3927/2675 3928/3928/2676
f 3929/3929/2653 3930/3930/2677 3931/3931/2678
f 3932/3932/2679 3933/3933/2657 3934/3934/2680
f 3935/3935/2681 3936/3936/2664 3937/3937/2653
f 3938/3938/2682 3939/3939/1690 3940/3940/1758
f 3941/3941/2683 3942/3942/2666 3943/3943/2684
f 3944/3944/1703 3945/3945/1727 3946/3946/2685
f 3947/3947/2686 3948/3948/2687 3949/3949/2688
f 3950/3950/2685 3951/3951/2689 3952/3952/1708
f 3953/3953/2690 3954/3954/2691 3955/3955/2666
f 3956/3956/2692 3957/3957/1683 3958/3958/1740
f 3959/3959/2673 3960/3960/2693 3961/3961/2690
f 3962/3962/1682 3963/3963/2694 3964/3964/2685
f 3965/3965/2690 3966/3966/2695 3967/3967/2681
f 3968/3968/2696 3969/3969/1688 3970/3970/1690
f 3971/3971/2681 3972/3972/2670 3973/3973/2697
f 3974/3974/1690 3975/3975/2698 3976/3976/2696
f 3977/3977/2699 3978/3978/2700 3979/3979/2701
f 3980/3980/2702 3981/3981/1719 3982/3982/1688
f 3983/3983/2701 3984/3984/2703 3985/3985/2703
f 3986/3986/1688 3987/3987/2696 3988/3988/2702
f 3989/3989/2704 3990/3990/2705 3991/3991/2706
f 3992/3992/2707 3993/3993/1716 3994/3994/1715
f 3995/3995/2708 3996/3996/2709 3997/3997/2710
f 3998/3998/1715 3999/3999/2711 4000/4000/2707
f 4001/4001/2712 4002/4002/2713 4003/4003/2714
f 4004/4004/2715 4005/4005/1682 4006/4006/2716
f 4007/4007/2714 4008/4008/2717 4009/4009/2717
f 4010/4010/2716 4011/4011/2707 4012/4012/2694
f 4013/4013/2718 4014/4014/2719 4015/4015/2720
f 4016/4016/2721 4017/4017/2722 4018/4018/2685
f 4019/4019/2723 4020/4020/2724 4021/4021/2725
f 4022/4022/2726 4023/4023/2698 4024/4024/1758
f 4025/4025/2725 4026/4026/2727 4027/4027/2727
f 4028/4028/1758 4029/4029/2728 4030/4030/2726
f 4031/4031/2729 4032/4032/2730 4033/4033/2731
f 4034/4034/2732 4035/4035/2733 4036/4036/2734
f 4037/4037/2735 4038/4038/2736 4039/4039/2737
f 4040/4040/2734 4041/4041/2643 4042/4042/2738
f 4043/4043/2737 4044/4044/2739 4045/4045/2739
f 4046/4046/2740 4047/4047/2741 4048/4048/2742
f 4049/4049/2743 4050/4050/2744 4051/4051/2745
f 4052/4052/2733 4053/4053/2738 4054/4054/2746
f 4055/4055/2745 4056/4056/2747 4057/4057/2743
f 4058/4058/2748 4059/4059/2749 4060/4060/2750
f 4061/4061/2751 4062/4062/2751 4063/4063/2751
f 4064/4064/2752 4065/4065/2753 4066/4066/2748
f 4067/4067/2751 4068/4068/2751 4069/4069/2751
f 4070/4070/2754 4071/4071/2755 4072/4072/2608
f 4073/4073/2756 4074/4074/2757 4075/4075/2758
f 4076/4076/2749 4077/4077/2748 4078/4078/2754
f 4079/4079/2758 4080/4080/2759 4081/4081/2756
f 4082/4082/2760 4083/4083/2623 4084/4084/2755
f 4085/4085/2761 4086/4086/2762 4087/4087/2720
f 4088/4088/2755 4089/4089/2763 4090/4090/2764
f 4091/4091/2720 4092/4092/2765 4093/4093/2761
f 4094/4094/2628 4095/4095/2766 4096/4096/2767
f 4097/4097/2768 4098/4098/2769 4099/4099/2731
f 4100/4100/2623 4101/4101/2770 4102/4102/2635
f 4103/4103/2731 4104/4104/2771 4105/4105/2768
f 4106/4106/2772 4107/4107/2773 4108/4108/2774
f 4109/4109/2775 4110/4110/2775 4111/4111/2775
f 4112/4112/2766 4113/4113/2640 4114/4114/2776
f 4115/4115/2777 4116/4116/2778 4117/4117/2779
f 4118/4118/2643 4119/4119/2780 4120/4120/2773
f 4121/4121/2781 4122/4122/2782 4123/4123/2777
f 4124/4124/2637 4125/4125/2783 4126/4126/2594
f 4127/4127/2784 4128/4128/2785 4129/4129/2786
f 4130/4130/2787 4131/4131/2788 4132/4132/2789
f 4133/4133/2790 4134/4134/2777 4135/4135/2791
f 4136/4136/2789 4137/4137/2792 4138/4138/2793
f 4139/4139/2785 4140/4140/2784 4141/4141/2794
f 4142/4142/2795 4143/4143/2796 4144/4144/2797
f 4145/4145/2794 4146/4146/2798 4147/4147/2785
f 4148/4148/2797 4149/4149/2799 4150/4150/2800
f 4151/4151/2801 4152/4152/2802 4153/4153/2794
f 4154/4154/2788 4155/4155/2803 4156/4156/2804
f 4157/4157/2805 4158/4158/2806 4159/4159/2801
f 4160/4160/2807 4161/4161/2808 4162/4162/2788
f 4163/4163/2809 4164/4164/2784 4165/4165/2810
f 4166/4166/2811 4167/4167/2812 4168/4168/2813
f 4169/4169/2814 4170/4170/2801 4171/4171/2809
f 4172/4172/2815 4173/4173/2787 4174/4174/2816
f 4175/4175/2784 4176/4176/2817 4177/4177/2806
f 4178/4178/2818 4179/4179/2819 4180/4180/2034
f 4181/4181/2806 4182/4182/2794 4183/4183/2820
f 4184/4184/2799 4185/4185/2821 4186/4186/2822
f 4187/4187/2823 4188/4188/2824 4189/4189/2806
f 4190/4190/2822 4191/4191/2795 4192/4192/1804
f 4193/4193/2806 4194/4194/2825 4195/4195/2826
f 4196/4196/2822 4197/4197/1620 4198/4198/1619
f 4199/4199/2827 4200/4200/2828 4201/4201/2829
f 4202/4202/1923 4203/4203/2830 4204/4204/2822
f 4205/4205/2801 4206/4206/2831 4207/4207/2832
f 4208/4208/2833 4209/4209/1948 4210/4210/2031
f 4211/4211/2817 4212/4212/2832 4213/4213/2834
f 4214/4214/2031 4215/4215/2818 4216/4216/2835
f 4217/4217/2836 4218/4218/2806 4219/4219/2837
f 4220/4220/2838 4221/4221/2839 4222/4222/2840
f 4223/4223/2841 4224/4224/2831 4225/4225/2825
f 4226/4226/1948 4227/4227/2842 4228/4228/2838
f 4229/4229/2843 4230/4230/2844 4231/4231/2845
f 4232/4232/2846 4233/4233/1992 4234/4234/2005
f 4235/4235/2847 4236/4236/2832 4237/4237/2831
f 4238/4238/1794 4239/4239/2848 4240/4240/2846
f 4241/4241/2831 4242/4242/2849 4243/4243/2847
f 4244/4244/2850 4245/4245/1619 4246/4246/1992
f 4247/4247/2832 4248/4248/2851 4249/4249/2852
f 4250/4250/1992 4251/4251/2853 4252/4252/2854
f 4253/4253/2852 4254/4254/2855 4255/4255/2832
f 4256/4256/2821 4257/4257/1620 4258/4258/2822
f 4259/4259/2856 4260/4260/2841 4261/4261/2857
f 4262/4262/2858 4263/4263/2859 4264/4264/2014
f 4265/4265/2852 4266/4266/2860 4267/4267/2861
f 4268/4268/2034 4269/4269/2797 4270/4270/2858
f 4271/4271/2862 4272/4272/2863 4273/4273/2849
f 4274/4274/2864 4275/4275/2865 4276/4276/2866
f 4277/4277/2867 4278/4278/2868 4279/4279/2869
f 4280/4280/2870 4281/4281/2643 4282/4282/2871
f 4283/4283/2869 4284/4284/2872 4285/4285/2852
f 4286/4286/2873 4287/4287/2874 4288/4288/2875
f 4289/4289/2852 4290/4290/2847 4291/4291/2876
f 4292/4292/2865 4293/4293/2877 4294/4294/2873
f 4295/4295/938 4296/4296/2878 4297/4297/938
f 4298/4298/2879 4299/4299/2880 4300/4300/2881
f 4301/4301/939 4302/4302/939 4303/4303/939
f 4304/4304/2882 4305/4305/2873 4306/4306/2879
f 4307/4307/936 4308/4308/936 4309/4309/936
f 4310/4310/2883 4311/4311/2884 4312/4312/2885
f 4313/4313/936 4314/4314/936 4315/4315/936
f 4316/4316/2880 4317/4317/2886 4318/4318/2887
f 4319/4319/945 4320/4320/945 4321/4321/945
f 4322/4322/2888 4323/4323/2630 4324/4324/2889
f 4325/4325/943 4326/4326/945 4327/4327/943
f 4328/4328/2884 4329/4329/2883 4330/4330/2890
f 4331/4331/940 4332/4332/940 4333/4333/941
f 4334/4334/2891 4335/4335/2892 4336/4336/2893
f 4337/4337/2894 4338/4338/942 4339/4339/2895
f 4340/4340/2630 4341/4341/2888 4342/4342/2891
f 4343/4343/2896 4344/4344/2896 4345/4345/2896
f 4346/4346/2897 4347/4347/2898 4348/4348/2899
f 4349/4349/950 4350/4350/950 4351/4351/950
f 4352/4352/2892 4353/4353/2628 4354/4354/2897
f 4355/4355/952 4356/4356/952 4357/4357/952
f 4358/4358/2643 4359/4359/2870 4360/4360/2647
f 4361/4361/952 4362/4362/952 4363/4363/952
f 4364/4364/2898 4365/4365/2900 4366/4366/2643
f 4367/4367/2901 4368/4368/2901 4369/4369/2901
f 4370/4370/2902 4371/4371/2903 4372/4372/2904
f 4373/4373/948 4374/4374/947 4375/4375/948
f 4376/4376/2904 4377/4377/2905 4378/4378/2906
f 4379/4379/949 4380/4380/949 4381/4381/949
f 4382/4382/2907 4383/4383/2908 4384/4384/2909
f 4385/4385/949 4386/4386/949 4387/4387/936
f 4388/4388/2910 4389/4389/2911 4390/4390/2912
f 4391/4391/943 4392/4392/943 4393/4393/943
f 4394/4394/2913 4395/4395/2914 4396/4396/2915
f 4397/4397/943 4398/4398/943 4399/4399/943
f 4400/4400/2916 4401/4401/2917 4402/4402/2918
f 4403/4403/953 4404/4404/940 4405/4405/941
f 4406/4406/2919 4407/4407/2920 4408/4408/2921
f 4409/4409/941 4410/4410/941 4411/4411/941
f 4412/4412/2922 4413/4413/2923 4414/4414/2924
f 4415/4415/2878 4416/4416/2878 4417/4417/2878
f 4418/4418/2913 4419/4419/2925 4420/4420/2926
f 4421/4421/2878 4422/4422/2878 4423/4423/2878
f 4424/4424/2926 4425/4425/2927 4426/4426/2928
f 4427/4427/936 4428/4428/936 4429/4429/936
f 4430/4430/2929 4431/4431/2930 4432/4432/2931
f 4433/4433/936 4434/4434/936 4435/4435/936
f 4436/4436/2932 4437/4437/2933 4438/4438/2934
f 4439/4439/943 4440/4440/954 4441/4441/943
f 4442/4442/2935 4443/4443/2936 4444/4444/2937
f 4445/4445/945 4446/4446/943 4447/4447/954
f 4448/4448/2937 4449/4449/2938 4450/4450/2939
f 4451/4451/2895 4452/4452/2940 4453/4453/2894
f 4454/4454/2941 4455/4455/2904 4456/4456/2942
f 4457/4457/940 4458/4458/940 4459/4459/940
f 4460/4460/2943 4461/4461/2903 4462/4462/2906
f 4463/4463/2944 4464/4464/2945 4465/4465/2946
f 4466/4466/2906 4467/4467/2947 4468/4468/2948
f 4469/4469/2949 4470/4470/2950 4471/4471/2951
f 4472/4472/2952 4473/4473/2908 4474/4474/2953
f 4475/4475/2954 4476/4476/2955 4477/4477/2949
f 4478/4478/2956 4479/4479/2912 4480/4480/2957
f 4481/4481/2958 4482/4482/2959 4483/4483/2960
f 4484/4484/2911 4485/4485/2961 4486/4486/2962
f 4487/4487/2963 4488/4488/2964 4489/4489/2965
f 4490/4490/2966 4491/4491/2967 4492/4492/2916
f 4493/4493/2964 4494/4494/2968 4495/4495/2969
f 4496/4496/2916 4497/4497/2970 4498/4498/2971
f 4499/4499/2972 4500/4500/2973 4501/4501/2974
f 4502/4502/2975 4503/4503/2976 4504/4504/2920
f 4505/4505/2977 4506/4506/2978 4507/4507/2979
f 4508/4508/2980 4509/4509/2981 4510/4510/2975
f 4511/4511/2950 4512/4512/2982 4513/4513/2983
f 4514/4514/2984 4515/4515/2919 4516/4516/2985
f 4517/4517/2969 4518/4518/2944 4519/4519/2973
f 4520/4520/2986 4521/4521/2987 4522/4522/2988
f 4523/4523/2978 4524/4524/2983 4525/4525/2989
f 4526/4526/2990 4527/4527/2991 4528/4528/2992
f 4529/4529/2993 4530/4530/2994 4531/4531/2995
f 4532/4532/2923 4533/4533/2996 4534/4534/2997
f 4535/4535/2998 4536/4536/2999 4537/4537/3000
f 4538/4538/2925 4539/4539/3001 4540/4540/3002
f 4541/4541/3003 4542/4542/3004 4543/4543/3005
f 4544/4544/3006 4545/4545/2926 4546/4546/2925
f 4547/4547/3007 4548/4548/3008 4549/4549/3009
f 4550/4550/3010 4551/4551/3011 4552/4552/2913
f 4553/4553/3009 4554/4554/3012 4555/4555/3013
f 4556/4556/3014 4557/4557/3015 4558/4558/3016
f 4559/4559/3017 4560/4560/3018 4561/4561/3019
f 4562/4562/3020 4563/4563/3021 4564/4564/3014
f 4565/4565/3022 4566/4566/3005 4567/4567/3017
f 4568/4568/2932 4569/4569/3023 4570/4570/2985
f 4571/4571/3024 4572/4572/3025 4573/4573/3026
f 4574/4574/3027 4575/4575/3028 4576/4576/3029
f 4577/4577/3026 4578/4578/3030 4579/4579/3031
f 4580/4580/2937 4581/4581/3032 4582/4582/3033
f 4583/4583/3034 4584/4584/3035 4585/4585/3036
f 4586/4586/3037 4587/4587/3038 4588/4588/3039
f 4589/4589/3040 4590/4590/3041 4591/4591/3042
f 4592/4592/3043 4593/4593/3044 4594/4594/3045
f 4595/4595/3046 4596/4596/3047 4597/4597/3048
f 4598/4598/3049 4599/4599/3050 4600/4600/3051
f 4601/4601/3048 4602/4602/3052 4603/4603/3046
f 4604/4604/3051 4605/4605/3053 4606/4606/2953
f 4607/4607/3054 4608/4608/3055 4609/4609/3056
f 4610/4610/3044 4611/4611/3039 4612/4612/3057
f 4613/4613/3058 4614/4614/3059 4615/4615/3060
f 4616/4616/2952 4617/4617/2953 4618/4618/3061
f 4619/4619/3055 4620/4620/3062 4621/4621/3063
f 4622/4622/3064 4623/4623/3051 4624/4624/3050
f 4625/4625/3063 4626/4626/3056 4627/4627/3055
f 4628/4628/3065 4629/4629/3066 4630/4630/3067
f 4631/4631/3068 4632/4632/3069 4633/4633/3070
f 4634/4634/3038 4635/4635/3071 4636/4636/3072
f 4637/4637/3070 4638/4638/3073 4639/4639/3074
f 4640/4640/3075 4641/4641/3076 4642/4642/3077
f 4643/4643/3078 4644/4644/3079 4645/4645/3069
f 4646/4646/3080 4647/4647/3081 4648/4648/3082
f 4649/4649/3083 4650/4650/3084 4651/4651/3085
f 4652/4652/2908 4653/4653/3086 4654/4654/3080
f 4655/4655/3087 4656/4656/3088 4657/4657/3089
f 4658/4658/3090 4659/4659/3091 4660/4660/3092
f 4661/4661/3089 4662/4662/3093 4663/4663/3094
f 4664/4664/3095 4665/4665/2909 4666/4666/3096
f 4667/4667/3097 4668/4668/3098 4669/4669/3099
f 4670/4670/3100 4671/4671/3092 4672/4672/2930
f 4673/4673/3101 4674/4674/3093 4675/4675/3102
f 4676/4676/3091 4677/4677/3021 4678/4678/3100
f 4679/4679/3103 4680/4680/3104 4681/4681/3105
f 4682/4682/3065 4683/4683/3106 4684/4684/3107
f 4685/4685/2950 4686/4686/3108 4687/4687/3109
f 4688/4688/3110 4689/4689/3066 4690/4690/3050
f 4691/4691/2959 4692/4692/3111 4693/4693/3112
f 4694/4694/2914 4695/4695/3039 4696/4696/3038
f 4697/4697/3112 4698/4698/2960 4699/4699/3113
f 4700/4700/3077 4701/4701/2916 4702/4702/2914
f 4703/4703/3114 4704/4704/3115 4705/4705/3116
f 4706/4706/3117 4707/4707/3118 4708/4708/2913
f 4709/4709/3116 4710/4710/3031 4711/4711/3114
f 4712/4712/2967 4713/4713/3119 4714/4714/3120
f 4715/4715/3035 4716/4716/3103 4717/4717/3121
f 4718/4718/3076 4719/4719/3122 4720/4720/2916
f 4721/4721/3123 4722/4722/3040 4723/4723/3124
f 4724/4724/2916 4725/4725/3077 4726/4726/3125
f 4727/4727/3126 4728/4728/3000 4729/4729/3127
f 4730/4730/2925 4731/4731/3128 4732/4732/3129
f 4733/4733/3130 4734/4734/3032 4735/4735/3131
f 4736/4736/3132 4737/4737/3133 4738/4738/3134
f 4739/4739/3135 4740/4740/3136 4741/4741/3008
f 4742/4742/3137 4743/4743/2967 4744/4744/3138
f 4745/4745/3008 4746/4746/3139 4747/4747/3135
f 4748/4748/3140 4749/4749/3141 4750/4750/3117
f 4751/4751/3142 4752/4752/3143 4753/4753/3144
f 4754/4754/2986 4755/4755/3043 4756/4756/2914
f 4757/4757/3145 4758/4758/3146 4759/4759/3147
f 4760/4760/2986 4761/4761/3148 4762/4762/2913
f 4763/4763/3047 4764/4764/3060 4765/4765/3149
f 4766/4766/3150 4767/4767/2988 4768/4768/3151
f 4769/4769/3059 4770/4770/3048 4771/4771/3152
f 4772/4772/3153 4773/4773/2991 4774/4774/3150
f 4775/4775/3154 4776/4776/3009 4777/4777/3155
f 4778/4778/3156 4779/4779/2991 4780/4780/3157
f 4781/4781/3018 4782/4782/3017 4783/4783/3012
f 4784/4784/2987 4785/4785/3158 4786/4786/2923
f 4787/4787/3159 4788/4788/3070 4789/4789/3088
f 4790/4790/3010 4791/4791/2926 4792/4792/3160
f 4793/4793/3161 4794/4794/3087 4795/4795/3162
f 4796/4796/2922 4797/4797/3163 4798/4798/3010
f 4799/4799/3164 4800/4800/2965 4801/4801/2974
f 4802/4802/3165 4803/4803/2922 4804/4804/3166
f 4805/4805/3167 4806/4806/3168 4807/4807/3169
f 4808/4808/3170 4809/4809/3006 4810/4810/3165
f 4811/4811/3026 4812/4812/3042 4813/4813/3171
f 4814/4814/2996 4815/4815/3156 4816/4816/3160
f 4817/4817/3172 4818/4818/3030 4819/4819/3173
f 4820/4820/3174 4821/4821/3175 4822/4822/2996
f 4823/4823/3176 4824/4824/2952 4825/4825/3177
f 4826/4826/3178 4827/4827/3179 4828/4828/3180
f 4829/4829/3181 4830/4830/2952 4831/4831/3182
f 4832/4832/3183 4833/4833/3052 4834/4834/3178
f 4835/4835/3131 4836/4836/3184 4837/4837/3185
f 4838/4838/3011 4839/4839/3010 4840/4840/3158
f 4841/4841/3186 4842/4842/2998 4843/4843/3126
f 4844/4844/3057 4845/4845/2924 4846/4846/2987
f 4847/4847/3012 4848/4848/3187 4849/4849/3188
f 4850/4850/2952 4851/4851/3090 4852/4852/2910
f 4853/4853/3189 4854/4854/3013 4855/4855/3012
f 4856/4856/2903 4857/4857/3190 4858/4858/3191
f 4859/4859/3192 4860/4860/3017 4861/4861/3193
f 4862/4862/3044 4863/4863/3194 4864/4864/2903
f 4865/4865/3195 4866/4866/3186 4867/4867/3192
f 4868/4868/3196 4869/4869/3061 4870/4870/3051
f 4871/4871/3197 4872/4872/3185 4873/4873/3198
f 4874/4874/3051 4875/4875/2906 4876/4876/2941
f 4877/4877/3199 4878/4878/3177 4879/4879/3200
f 4880/4880/2904 4881/4881/3191 4882/4882/2986
f 4883/4883/3201 4884/4884/3202 4885/4885/3199
f 4886/4886/2986 4887/4887/3203 4888/4888/3204
f 4889/4889/3177 4890/4890/3205 4891/4891/3186
f 4892/4892/2952 4893/4893/3061 4894/4894/3196
f 4895/4895/3185 4896/4896/3176 4897/4897/3206
f 4898/4898/3207 4899/4899/3203 4900/4900/2952
f 4901/4901/3208 4902/4902/3209 4903/4903/3210
f 4904/4904/2947 4905/4905/2906 4906/4906/3051
f 4907/4907/3211 4908/4908/3212 4909/4909/3030
f 4910/4910/3051 4911/4911/3067 4912/4912/3213
f 4913/4913/3214 4914/4914/3215 4915/4915/3216
f 4916/4916/3037 4917/4917/3217 4918/4918/3218
f 4919/4919/3219 4920/4920/3040 4921/4921/3220
f 4922/4922/2948 4923/4923/3221 4924/4924/3222
f 4925/4925/3223 4926/4926/3224 4927/4927/2952
f 4928/4928/3225 4929/4929/3226 4930/4930/3227
f 4931/4931/3023 4932/4932/2942 4933/4933/3228
f 4934/4934/3229 4935/4935/3230 4936/4936/2919
f 4937/4937/3231 4938/4938/2942 4939/4939/3232
f 4940/4940/2921 4941/4941/3233 4942/4942/3234
f 4943/4943/3011 4944/4944/3235 4945/4945/3231
f 4946/4946/2985 4947/4947/2919 4948/4948/3236
f 4949/4949/3237 4950/4950/3215 4951/4951/3238
f 4952/4952/3239 4953/4953/3227 4954/4954/3226
f 4955/4955/3238 4956/4956/3240 4957/4957/3228
f 4958/4958/3241 4959/4959/2981 4960/4960/2980
f 4961/4961/3209 4962/4962/3231 4963/4963/3235
f 4964/4964/2980 4965/4965/3242 4966/4966/3243
f 4967/4967/3244 4968/4968/3210 4969/4969/3209
f 4970/4970/3245 4971/4971/2921 4972/4972/3246
f 4973/4973/2989 4974/4974/3023 4975/4975/2994
f 4976/4976/2975 4977/4977/3247 4978/4978/3245
f 4979/4979/3248 4980/4980/2952 4981/4981/3249
f 4982/4982/3227 4983/4983/3250 4984/4984/3033
f 4985/4985/3251 4986/4986/3232 4987/4987/3252
f 4988/4988/3027 4989/4989/3253 4990/4990/3229
f 4991/4991/3254 4992/4992/3255 4993/4993/3256
f 4994/4994/2952 4995/4995/3257 4996/4996/3226
f 4997/4997/3256 4998/4998/3052 4999/4999/3048
f 5000/5000/2952 5001/5001/3226 5002/5002/2919
f 5003/5003/3258 5004/5004/3259 5005/5005/3059
f 5006/5006/2947 5007/5007/3260 5008/5008/3261
f 5009/5009/3059 5010/5010/3262 5011/5011/3258
f 5012/5012/3261 5013/5013/2948 5014/5014/3263
f 5015/5015/3264 5016/5016/3265 5017/5017/3056
f 5018/5018/3266 5019/5019/3267 5020/5020/3268
f 5021/5021/3058 5022/5022/3269 5023/5023/3264
f 5024/5024/3270 5025/5025/3271 5026/5026/3272
f 5027/5027/3265 5028/5028/3264 5029/5029/3251
f 5030/5030/3273 5031/5031/3274 5032/5032/3275
f 5033/5033/3276 5034/5034/3277 5035/5035/3265
f 5036/5036/3275 5037/5037/3278 5038/5038/3279
f 5039/5039/3252 5040/5040/3255 5041/5041/3280
f 5042/5042/1648 5043/5043/1647 5044/5044/3246
f 5045/5045/3150 5046/5046/3255 5047/5047/3281
f 5048/5048/3246 5049/5049/2981 5050/5050/1648
f 5051/5051/3277 5052/5052/3282 5053/5053/3283
f 5054/5054/2996 5055/5055/3284 5056/5056/3285
f 5057/5057/3286 5058/5058/2986 5059/5059/3287
f 5060/5060/3288 5061/5061/2990 5062/5062/2996
f 5063/5063/3289 5064/5064/3290 5065/5065/3291
f 5066/5066/3292 5067/5067/3293 5068/5068/1554
f 5069/5069/3294 5070/5070/3295 5071/5071/3289
f 5072/5072/3296 5073/5073/3297 5074/5074/3292
f 5075/5075/3084 5076/5076/3291 5077/5077/3298
f 5078/5078/3299 5079/5079/3300 5080/5080/3021
f 5081/5081/3301 5082/5082/3302 5083/5083/3074
f 5084/5084/3021 5085/5085/3020 5086/5086/3303
f 5087/5087/3304 5088/5088/3094 5089/5089/3305
f 5090/5090/3130 5091/5091/1665 5092/5092/3027
f 5093/5093/3093 5094/5094/3306 5095/5095/3304
f 5096/5096/3033 5097/5097/3032 5098/5098/3127
f 5099/5099/3306 5100/5100/3093 5101/5101/3114
f 5102/5102/3066 5103/5103/3307 5104/5104/3308
f 5105/5105/3114 5106/5106/3309 5107/5107/3310
f 5108/5108/3308 5109/5109/3311 5110/5110/3312
f 5111/5111/3313 5112/5112/3291 5113/5113/3314
f 5114/5114/3072 5115/5115/3315 5116/5116/3316
f 5117/5117/3291 5118/5118/3317 5119/5119/3318
f 5120/5120/3319 5121/5121/3076 5122/5122/3072
f 5123/5123/3318 5124/5124/3320 5125/5125/3291
f 5126/5126/3321 5127/5127/1640 5128/5128/3322
f 5129/5129/3304 5130/5130/3306 5131/5131/3323
f 5132/5132/3324 5133/5133/3325 5134/5134/3021
f 5135/5135/3326 5136/5136/3327 5137/5137/3328
f 5138/5138/3329 5139/5139/3330 5140/5140/3307
f 5141/5141/2950 5142/5142/2995 5143/5143/3331
f 5144/5144/3332 5145/5145/3066 5146/5146/3110
f 5147/5147/3331 5148/5148/3108 5149/5149/2950
f 5150/5150/3316 5151/5151/3333 5152/5152/3334
f 5153/5153/3335 5154/5154/3336 5155/5155/2963
f 5156/5156/3334 5157/5157/3337 5158/5158/3338
f 5159/5159/2963 5160/5160/3339 5161/5161/3340
f 5162/5162/3341 5163/5163/1555 5164/5164/3342
f 5165/5165/3336 5166/5166/3340 5167/5167/3343
f 5168/5168/3292 5169/5169/3129 5170/5170/3344
f 5171/5171/3345 5172/5172/3346 5173/5173/2969
f 5174/5174/3274 5175/5175/3341 5176/5176/3347
f 5177/5177/2994 5178/5178/3348 5179/5179/2995
f 5180/5180/3132 5181/5181/3349 5182/5182/3350
f 5183/5183/3114 5184/5184/3031 5185/5185/3351
f 5186/5186/3352 5187/5187/3353 5188/5188/3354
f 5189/5189/3210 5190/5190/3327 5191/5191/3114
f 5192/5192/3354 5193/5193/3355 5194/5194/3352
f 5195/5195/3348 5196/5196/3220 5197/5197/3040
f 5198/5198/3165 5199/5199/3354 5200/5200/3356
f 5201/5201/3036 5202/5202/3108 5203/5203/3331
f 5204/5204/3284 5205/5205/2996 5206/5206/3165
f 5207/5207/3357 5208/5208/2952 5209/5209/3358
f 5210/5210/2990 5211/5211/3285 5212/5212/3046
f 5213/5213/3232 5214/5214/3359 5215/5215/3360
f 5216/5216/3046 5217/5217/3052 5218/5218/2990
f 5219/5219/3238 5220/5220/3348 5221/5221/2994
f 5222/5222/3067 5223/5223/3361 5224/5224/3362
f 5225/5225/2994 5226/5226/3240 5227/5227/3238
f 5228/5228/3363 5229/5229/3364 5230/5230/3067
f 5231/5231/3327 5232/5232/3210 5233/5233/3244
f 5234/5234/3261 5235/5235/3315 5236/5236/3221
f 5237/5237/3244 5238/5238/3365 5239/5239/3327
f 5240/5240/3072 5241/5241/2948 5242/5242/3261
f 5243/5243/3029 5244/5244/3184 5245/5245/3126
f 5246/5246/3366 5247/5247/3367 5248/5248/3368
f 5249/5249/3131 5250/5250/3032 5251/5251/3369
f 5252/5252/2981 5253/5253/3243 5254/5254/2432
f 5255/5255/2952 5256/5256/3343 5257/5257/3200
f 5258/5258/1647 5259/5259/1641 5260/5260/3016
f 5261/5261/3013 5262/5262/3202 5263/5263/3335
f 5264/5264/3016 5265/5265/3246 5266/5266/3370
f 5267/5267/3340 5268/5268/3339 5269/5269/3013
f 5270/5270/1665 5271/5271/3371 5272/5272/3243
f 5273/5273/3011 5274/5274/3276 5275/5275/3372
f 5276/5276/3243 5277/5277/3373 5278/5278/3374
f 5279/5279/3375 5280/5280/3145 5281/5281/3320
f 5282/5282/2912 5283/5283/3086 5284/5284/3082
f 5285/5285/3376 5286/5286/3377 5287/5287/3378
f 5288/5288/3379 5289/5289/3380 5290/5290/2957
f 5291/5291/3280 5292/5292/3255 5293/5293/3048
f 5294/5294/3107 5295/5295/3086 5296/5296/3381
f 5297/5297/3382 5298/5298/3059 5299/5299/3383
f 5300/5300/3384 5301/5301/2962 5302/5302/3385
f 5303/5303/3252 5304/5304/2986 5305/5305/2988
f 5306/5306/3380 5307/5307/3386 5308/5308/3266
f 5309/5309/3177 5310/5310/3023 5311/5311/3201
f 5312/5312/3266 5313/5313/2957 5314/5314/3380
f 5315/5315/3205 5316/5316/3199 5317/5317/3154
f 5318/5318/3387 5319/5319/3322 5320/5320/3388
f 5321/5321/3012 5322/5322/3017 5323/5323/3192
f 5324/5324/3389 5325/5325/3266 5326/5326/3100
f 5327/5327/3390 5328/5328/3011 5329/5329/3372
f 5330/5330/3391 5331/5331/3110 5332/5332/2962
f 5333/5333/3304 5334/5334/3290 5335/5335/3392
f 5336/5336/2962 5337/5337/3393 5338/5338/3394
f 5339/5339/3392 5340/5340/3087 5341/5341/3304
f 5342/5342/2952 5343/5343/2909 5344/5344/3082
f 5345/5345/3395 5346/5346/3396 5347/5347/2949
f 5348/5348/3397 5349/5349/3398 5350/5350/3399
f 5351/5351/2949 5352/5352/3400 5353/5353/2973
f 5354/5354/3401 5355/5355/3402 5356/5356/3403
f 5357/5357/3215 5358/5358/3209 5359/5359/3404
f 5360/5360/3405 5361/5361/3406 5362/5362/3407
f 5363/5363/3208 5364/5364/3408 5365/5365/3215
f 5366/5366/3409 5367/5367/3409 5368/5368/3409
f 5369/5369/3410 5370/5370/3411 5371/5371/3412
f 5372/5372/3413 5373/5373/3414 5374/5374/3415
f 5375/5375/3197 5376/5376/3198 5377/5377/3416
f 5378/5378/3417 5379/5379/3418 5380/5380/3419
f 5381/5381/2937 5382/5382/3420 5383/5383/3176
f 5384/5384/3421 5385/5385/3422 5386/5386/3423
f 5387/5387/3345 5388/5388/3424 5389/5389/3202
f 5390/5390/3423 5391/5391/3425 5392/5392/3426
f 5393/5393/3188 5394/5394/3200 5395/5395/3248
f 5396/5396/3427 5397/5397/3428 5398/5398/3429
f 5399/5399/3430 5400/5400/3431 5401/5401/3264
f 5402/5402/3432 5403/5403/3433 5404/5404/3434
f 5405/5405/3264 5406/5406/3376 5407/5407/3435
f 5408/5408/3436 5409/5409/3437 5410/5410/1544
f 5411/5411/3277 5412/5412/3280 5413/5413/3438
f 5414/5414/1550 5415/5415/3439 5416/5416/3436
f 5417/5417/3199 5418/5418/3205 5419/5419/3206
f 5420/5420/3142 5421/5421/3440 5422/5422/3441
f 5423/5423/3390 5424/5424/3442 5425/5425/3304
f 5426/5426/3443 5427/5427/3079 5428/5428/3444
f 5429/5429/3304 5430/5430/3445 5431/5431/3287
f 5432/5432/3446 5433/5433/3447 5434/5434/3447
f 5435/5435/2977 5436/5436/2973 5437/5437/2944
f 5438/5438/3446 5439/5439/3447 5440/5440/3447
f 5441/5441/2944 5442/5442/3448 5443/5443/2983
f 5444/5444/3449 5445/5445/3450 5446/5446/3449
f 5447/5447/3215 5448/5448/3228 5449/5449/3411
f 5450/5450/3451 5451/5451/3452 5452/5452/3453
f 5453/5453/3231 5454/5454/3209 5455/5455/3215
f 5456/5456/3454 5457/5457/3455 5458/5458/3455
f 5459/5459/3456 5460/5460/3457 5461/5461/3458
f 5462/5462/3446 5463/5463/3446 5464/5464/3446
f 5465/5465/3458 5466/5466/3459 5467/5467/3456
f 5468/5468/3460 5469/5469/3461 5470/5470/3460
f 5471/5471/3462 5472/5472/3456 5473/5473/3459
f 5474/5474/3463 5475/5475/3460 5476/5476/3463
f 5477/5477/3464 5478/5478/3465 5479/5479/3466
f 5480/5480/2067 5481/5481/2067 5482/5482/2067
f 5483/5483/3467 5484/5484/3468 5485/5485/3469
f 5486/5486/2070 5487/5487/2070 5488/5488/2070
f 5489/5489/3469 5490/5490/3470 5491/5491/3471
f 5492/5492/3472 5493/5493/3473 5494/5494/3474
f 5495/5495/3475 5496/5496/3467 5497/5497/3470
f 5498/5498/3476 5499/5499/3476 5500/5500/3476
f 5501/5501/3477 5502/5502/3478 5503/5503/3479
f 5504/5504/3480 5505/5505/3480 5506/5506/3480
f 5507/5507/3481 5508/5508/3479 5509/5509/3482
f 5510/5510/3483 5511/5511/3472 5512/5512/3484
f 5513/5513/3482 5514/5514/3485 5515/5515/3486
f 5516/5516/3487 5517/5517/3487 5518/5518/3488
f 5519/5519/3489 5520/5520/3481 5521/5521/3485
f 5522/5522/3490 5523/5523/3490 5524/5524/3490
f 5525/5525/3491 5526/5526/3492 5527/5527/3493
f 5528/5528/3494 5529/5529/3494 5530/5530/3494
f 5531/5531/3495 5532/5532/3489 5533/5533/3492
f 5534/5534/3496 5535/5535/3497 5536/5536/3498
f 5537/5537/3499 5538/5538/3500 5539/5539/3495
f 5540/5540/3501 5541/5541/3502 5542/5542/3503
f 5543/5543/3457 5544/5544/3495 5545/5545/3504
f 5546/5546/3505 5547/5547/3506 5548/5548/3507
f 5549/5549/3504 5550/5550/3458 5551/5551/3508
f 5552/5552/3509 5553/5553/3510 5554/5554/3505
f 5555/5555/3511 5556/5556/3512 5557/5557/3513
f 5558/5558/3514 5559/5559/3515 5560/5560/3516
f 5561/5561/3517 5562/5562/3518 5563/5563/3519
f 5564/5564/3516 5565/5565/3520 5566/5566/3514
f 5567/5567/3521 5568/5568/3522 5569/5569/3523
f 5570/5570/3524 5571/5571/3524 5572/5572/3525
f 5573/5573/3526 5574/5574/3527 5575/5575/3528
f 5576/5576/3525 5577/5577/3529 5578/5578/3530
f 5579/5579/3531 5580/5580/3532 5581/5581/3526
f 5582/5582/3533 5583/5583/3534 5584/5584/3535
f 5585/5585/3536 5586/5586/3537 5587/5587/3538
f 5588/5588/3111 5589/5589/3539 5590/5590/3540
f 5591/5591/3538 5592/5592/3541 5593/5593/3536
f 5594/5594/3540 5595/5595/3542 5596/5596/3111
f 5597/5597/3543 5598/5598/3536 5599/5599/3541
f 5600/5600/3009 5601/5601/3544 5602/5602/3545
f 5603/5603/3541 5604/5604/3546 5605/5605/3547
f 5606/5606/3548 5607/5607/3018 5608/5608/3009
f 5609/5609/3549 5610/5610/3547 5611/5611/3550
f 5612/5612/3551 5613/5613/3552 5614/5614/3553
f 5615/5615/3554 5616/5616/3555 5617/5617/3556
f 5618/5618/3557 5619/5619/3558 5620/5620/3559
f 5621/5621/3527 5622/5622/3560 5623/5623/3561
f 5624/5624/3000 5625/5625/3562 5626/5626/1663
f 5627/5627/3523 5628/5628/3563 5629/5629/3527
f 5630/5630/3564 5631/5631/3565 5632/5632/3000
f 5633/5633/3566 5634/5634/3522 5635/5635/3567
f 5636/5636/3568 5637/5637/3569 5638/5638/3570
f 5639/5639/3571 5640/5640/3572 5641/5641/3561
f 5642/5642/3573 5643/5643/3574 5644/5644/3575
f 5645/5645/3549 5646/5646/3555 5647/5647/3576
f 5648/5648/3577 5649/5649/3578 5650/5650/3579
f 5651/5651/3580 5652/5652/3581 5653/5653/3582
f 5654/5654/3579 5655/5655/3583 5656/5656/3584
f 5657/5657/3585 5658/5658/3586 5659/5659/3587
f 5660/5660/3588 5661/5661/3589 5662/5662/3590
f 5663/5663/3591 5664/5664/3592 5665/5665/3593
f 5666/5666/3594 5667/5667/3595 5668/5668/3596
f 5669/5669/3597 5670/5670/3598 5671/5671/3599
f 5672/5672/3600 5673/5673/3498 5674/5674/3497
f 5675/5675/3601 5676/5676/3517 5677/5677/3572
f 5678/5678/3602 5679/5679/3603 5680/5680/3604
f 5681/5681/3605 5682/5682/3606 5683/5683/3518
f 5684/5684/3607 5685/5685/3608 5686/5686/3609
f 5687/5687/3610 5688/5688/3597 5689/5689/3586
f 5690/5690/3611 5691/5691/3612 5692/5692/3613
f 5693/5693/3614 5694/5694/3585 5695/5695/3610
f 5696/5696/3516 5697/5697/3615 5698/5698/3616
f 5699/5699/3617 5700/5700/3618 5701/5701/3458
f 5702/5702/3616 5703/5703/3520 5704/5704/3619
f 5705/5705/3620 5706/5706/3621 5707/5707/3622
f 5708/5708/3623 5709/5709/3624 5710/5710/3625
f 5711/5711/3626 5712/5712/3622 5713/5713/3627
f 5714/5714/3628 5715/5715/3629 5716/5716/3630
f 5717/5717/3621 5718/5718/3631 5719/5719/3632
f 5720/5720/3633 5721/5721/3634 5722/5722/3635
f 5723/5723/3471 5724/5724/3632 5725/5725/3636
f 5726/5726/3635 5727/5727/3637 5728/5728/3638
f 5729/5729/3631 5730/5730/3639 5731/5731/3640
f 5732/5732/3641 5733/5733/3642 5734/5734/3643
f 5735/5735/3644 5736/5736/3640 5737/5737/3645
f 5738/5738/3643 5739/5739/3646 5740/5740/3647
f 5741/5741/3648 5742/5742/3649 5743/5743/3650
f 5744/5744/3651 5745/5745/3652 5746/5746/3653
f 5747/5747/3654 5748/5748/3655 5749/5749/3656
f 5750/5750/3653 5751/5751/3657 5752/5752/3658
f 5753/5753/3659 5754/5754/3660 5755/5755/3661
f 5756/5756/3662 5757/5757/3590 5758/5758/3663
f 5759/5759/3664 5760/5760/3654 5761/5761/3660
f 5762/5762/3665 5763/5763/3666 5764/5764/3667
f 5765/5765/3660 5766/5766/3668 5767/5767/3669
f 5768/5768/3670 5769/5769/3671 5770/5770/3672
f 5771/5771/3673 5772/5772/3669 5773/5773/3674
f 5774/5774/3675 5775/5775/3676 5776/5776/3677
f 5777/5777/3674 5778/5778/3678 5779/5779/3679
f 5780/5780/3680 5781/5781/3681 5782/5782/3682
f 5783/5783/3683 5784/5784/3679 5785/5785/3684
f 5786/5786/3672 5787/5787/3671 5788/5788/3589
f 5789/5789/3678 5790/5790/3458 5791/5791/3685
f 5792/5792/3686 5793/5793/3687 5794/5794/3688
f 5795/5795/3689 5796/5796/3690 5797/5797/3691
f 5798/5798/3688 5799/5799/3692 5800/5800/3693
f 5801/5801/3691 5802/5802/3629 5803/5803/3694
f 5804/5804/3695 5805/5805/3497 5806/5806/3687
f 5807/5807/3696 5808/5808/3697 5809/5809/3698
f 5810/5810/3687 5811/5811/3686 5812/5812/3603
f 5813/5813/3699 5814/5814/3681 5815/5815/3700
f 5816/5816/3701 5817/5817/3702 5818/5818/3703
f 5819/5819/3704 5820/5820/3705 5821/5821/3706
f 5822/5822/3689 5823/5823/3707 5824/5824/3708
f 5825/5825/3647 5826/5826/3709 5827/5827/3710
f 5828/5828/3501 5829/5829/3600 5830/5830/3694
f 5831/5831/3705 5832/5832/3711 5833/5833/3647
f 5834/5834/3694 5835/5835/3702 5836/5836/3501
f 5837/5837/3603 5838/5838/3641 5839/5839/3712
f 5840/5840/3713 5841/5841/3714 5842/5842/3714
f 5843/5843/3712 5844/5844/3715 5845/5845/3603
f 5846/5846/3714 5847/5847/3716 5848/5848/3713
f 5849/5849/3600 5850/5850/3603 5851/5851/3717
f 5852/5852/3718 5853/5853/3713 5854/5854/3716
f 5855/5855/3719 5856/5856/3690 5857/5857/3600
f 5858/5858/3720 5859/5859/3721 5860/5860/3718
f 5861/5861/3722 5862/5862/3595 5863/5863/3698
f 5864/5864/3723 5865/5865/3724 5866/5866/3725
f 5867/5867/3726 5868/5868/3704 5869/5869/3596
f 5870/5870/3725 5871/5871/3727 5872/5872/3728
f 5873/5873/3729 5874/5874/3666 5875/5875/3630
f 5876/5876/3730 5877/5877/3723 5878/5878/3727
f 5879/5879/3731 5880/5880/3732 5881/5881/3698
f 5882/5882/3727 5883/5883/3733 5884/5884/3734
f 5885/5885/3600 5886/5886/3690 5887/5887/3689
f 5888/5888/3735 5889/5889/3736 5890/5890/3737
f 5891/5891/3738 5892/5892/3739 5893/5893/3740
f 5894/5894/3741 5895/5895/3742 5896/5896/3743
f 5897/5897/3744 5898/5898/3745 5899/5899/3746
f 5900/5900/3747 5901/5901/3743 5902/5902/3742
f 5903/5903/3748 5904/5904/3749 5905/5905/3750
f 5906/5906/3742 5907/5907/3526 5908/5908/3536
f 5909/5909/3750 5910/5910/3751 5911/5911/3748
f 5912/5912/3571 5913/5913/3752 5914/5914/3753
f 5915/5915/3629 5916/5916/3754 5917/5917/3755
f 5918/5918/3756 5919/5919/3757 5920/5920/3606
f 5921/5921/3732 5922/5922/3731 5923/5923/3629
f 5924/5924/3758 5925/5925/3759 5926/5926/3760
f 5927/5927/3761 5928/5928/3762 5929/5929/3745
f 5930/5930/3763 5931/5931/3764 5932/5932/3758
f 5933/5933/3765 5934/5934/3766 5935/5935/3751
f 5936/5936/3767 5937/5937/3758 5938/5938/3768
f 5939/5939/3769 5940/5940/3770 5941/5941/3771
f 5942/5942/3764 5943/5943/3772 5944/5944/3422
f 5945/5945/3773 5946/5946/3774 5947/5947/3775
f 5948/5948/3776 5949/5949/3777 5950/5950/3778
f 5951/5951/3779 5952/5952/3780 5953/5953/3781
f 5954/5954/3782 5955/5955/3783 5956/5956/3776
f 5957/5957/3781 5958/5958/3784 5959/5959/3785
f 5960/5960/3786 5961/5961/3787 5962/5962/3788
f 5963/5963/3789 5964/5964/3790 5965/5965/3791
f 5966/5966/3788 5967/5967/3792 5968/5968/3786
f 5969/5969/3784 5970/5970/3793 5971/5971/3789
f 5972/5972/3794 5973/5973/3795 5974/5974/3796
f 5975/5975/3797 5976/5976/3789 5977/5977/3793
f 5978/5978/3798 5979/5979/3799 5980/5980/3794
f 5981/5981/3793 5982/5982/3800 5983/5983/3801
f 5984/5984/3452 5985/5985/3802 5986/5986/3795
f 5987/5987/3803 5988/5988/3804 5989/5989/3805
f 5990/5990/3795 5991/5991/3806 5992/5992/3452
f 5993/5993/3807 5994/5994/3808 5995/5995/3803
f 5996/5996/3809 5997/5997/3810 5998/5998/3811
f 5999/5999/3812 6000/6000/3813 6001/6001/3808
f 6002/6002/3814 6003/6003/3815 6004/6004/3816
f 6005/6005/3817 6006/6006/3818 6007/6007/3819
f 6008/6008/3450 6009/6009/3820 6010/6010/3821
f 6011/6011/3822 6012/6012/3819 6013/6013/3818
f 6014/6014/3821 6015/6015/3823 6016/6016/3450
f 6017/6017/3824 6018/6018/3825 6019/6019/3826
f 6020/6020/3827 6021/6021/3828 6022/6022/3829
f 6023/6023/3770 6024/6024/3826 6025/6025/3830
f 6026/6026/3831 6027/6027/3832 6028/6028/3827
f 6029/6029/3825 6030/6030/3833 6031/6031/3770
f 6032/6032/3502 6033/6033/3498 6034/6034/3702
f 6035/6035/3834 6036/6036/3835 6037/6037/3836
f 6038/6038/3702 6039/6039/3827 6040/6040/3502
f 6041/6041/3836 6042/6042/3716 6043/6043/3834
f 6044/6044/3837 6045/6045/3838 6046/6046/3839
f 6047/6047/3502 6048/6048/3840 6049/6049/3841
f 6050/6050/3842 6051/6051/3843 6052/6052/3687
f 6053/6053/3844 6054/6054/3845 6055/6055/3846
f 6056/6056/3497 6057/6057/3496 6058/6058/3847
f 6059/6059/3848 6060/6060/3849 6061/6061/3733
f 6062/6062/3838 6063/6063/3687 6064/6064/3497
f 6065/6065/3730 6066/6066/3733 6067/6067/3849
f 6068/6068/3850 6069/6069/3851 6070/6070/3852
f 6071/6071/3853 6072/6072/3854 6073/6073/3855
f 6074/6074/3856 6075/6075/3857 6076/6076/3858
f 6077/6077/3859 6078/6078/3855 6079/6079/3854
f 6080/6080/3510 6081/6081/3509 6082/6082/3860
f 6083/6083/3861 6084/6084/3862 6085/6085/3863
f 6086/6086/3860 6087/6087/3858 6088/6088/3859
f 6089/6089/3505 6090/6090/3859 6091/6091/3864
f 6092/6092/3865 6093/6093/3834 6094/6094/3866
f 6095/6095/3867 6096/6096/3835 6097/6097/3868
f 6098/6098/3866 6099/6099/3869 6100/6100/3865
f 6101/6101/3496 6102/6102/3870 6103/6103/3841
f 6104/6104/3871 6105/6105/3505 6106/6106/3872
f 6107/6107/3841 6108/6108/3848 6109/6109/3503
f 6110/6110/3834 6111/6111/3865 6112/6112/3506
f 6113/6113/3603 6114/6114/3693 6115/6115/3638
f 6116/6116/3521 6117/6117/3873 6118/6118/3874
f 6119/6119/3642 6120/6120/3641 6121/6121/3875
f 6122/6122/3876 6123/6123/3506 6124/6124/3877
f 6125/6125/3672 6126/6126/3681 6127/6127/3699
f 6128/6128/3878 6129/6129/3556 6130/6130/3879
f 6131/6131/3880 6132/6132/3881 6133/6133/3682
f 6134/6134/3882 6135/6135/3883 6136/6136/3547
f 6137/6137/3686 6138/6138/3884 6139/6139/3885
f 6140/6140/3886 6141/6141/3887 6142/6142/3888
f 6143/6143/3885 6144/6144/3642 6145/6145/3686
f 6146/6146/3889 6147/6147/3890 6148/6148/3891
f 6149/6149/3892 6150/6150/3682 6151/6151/3893
f 6152/6152/3894 6153/6153/3895 6154/6154/3895
f 6155/6155/3881 6156/6156/3896 6157/6157/3897
f 6158/6158/3898 6159/6159/3895 6160/6160/3898
f 6161/6161/3899 6162/6162/3900 6163/6163/3901
f 6164/6164/3902 6165/6165/3903 6166/6166/3904
f 6167/6167/3905 6168/6168/3731 6169/6169/3666
f 6170/6170/3906 6171/6171/3907 6172/6172/3908
f 6173/6173/3909 6174/6174/3910 6175/6175/3629
f 6176/6176/3447 6177/6177/3446 6178/6178/3903
f 6179/6179/3911 6180/6180/3912 6181/6181/3913
f 6182/6182/3903 6183/6183/3914 6184/6184/3446
f 6185/6185/3915 6186/6186/3916 6187/6187/3615
f 6188/6188/3917 6189/6189/3918 6190/6190/3856
f 6191/6191/3615 6192/6192/3919 6193/6193/3461
f 6194/6194/3920 6195/6195/3851 6196/6196/3921
f 6197/6197/3461 6198/6198/3609 6199/6199/3461
f 6200/6200/3922 6201/6201/3737 6202/6202/3923
f 6203/6203/3460 6204/6204/3460 6205/6205/3460
f 6206/6206/3918 6207/6207/3924 6208/6208/3925
f 6209/6209/3583 6210/6210/3926 6211/6211/3927
f 6212/6212/3928 6213/6213/3929 6214/6214/3930
f 6215/6215/3931 6216/6216/3932 6217/6217/3583
f 6218/6218/3933 6219/6219/3934 6220/6220/3935
f 6221/6221/3936 6222/6222/3937 6223/6223/3938
f 6224/6224/3939 6225/6225/3743 6226/6226/3940
f 6227/6227/3941 6228/6228/3942 6229/6229/3936
f 6230/6230/3943 6231/6231/3944 6232/6232/3945
f 6233/6233/3946 6234/6234/3947 6235/6235/3948
f 6236/6236/3949 6237/6237/3917 6238/6238/3851
f 6239/6239/3950 6240/6240/3951 6241/6241/3952
f 6242/6242/3851 6243/6243/3876 6244/6244/3953
f 6245/6245/3954 6246/6246/3955 6247/6247/3956
f 6248/6248/3526 6249/6249/3742 6250/6250/3921
f 6251/6251/3957 6252/6252/3958 6253/6253/3959
f 6254/6254/3917 6255/6255/3949 6256/6256/3960
f 6257/6257/3578 6258/6258/3961 6259/6259/3962
f 6260/6260/3943 6261/6261/3547 6262/6262/3883
f 6263/6263/3569 6264/6264/3963 6265/6265/3964
f 6266/6266/3883 6267/6267/3933 6268/6268/3943
f 6269/6269/3965 6270/6270/3966 6271/6271/3967
f 6272/6272/3743 6273/6273/3536 6274/6274/3547
f 6275/6275/3968 6276/6276/3969 6277/6277/3970
f 6278/6278/3547 6279/6279/3929 6280/6280/3743
f 6281/6281/3971 6282/6282/3569 6283/6283/3972
f 6284/6284/3511 6285/6285/3973 6286/6286/3974
f 6287/6287/3972 6288/6288/3975 6289/6289/3971
f 6290/6290/3976 6291/6291/3977 6292/6292/3978
f 6293/6293/3979 6294/6294/941 6295/6295/3980
f 6296/6296/3757 6297/6297/3756 6298/6298/3981
f 6299/6299/3982 6300/6300/3965 6301/6301/3979
f 6302/6302/3973 6303/6303/3511 6304/6304/3757
f 6305/6305/3983 6306/6306/3984 6307/6307/3569
f 6308/6308/3985 6309/6309/3522 6310/6310/3986
f 6311/6311/3987 6312/6312/3988 6313/6313/3569
f 6314/6314/3986 6315/6315/3989 6316/6316/3990
f 6317/6317/3569 6318/6318/3991 6319/6319/3992
f 6320/6320/3752 6321/6321/3571 6322/6322/3993
f 6323/6323/3938 6324/6324/3573 6325/6325/3964
f 6326/6326/3522 6327/6327/3990 6328/6328/3994
f 6329/6329/3995 6330/6330/3942 6331/6331/3996
f 6332/6332/3549 6333/6333/3519 6334/6334/3997
f 6335/6335/3998 6336/6336/3999 6337/6337/3583
f 6338/6338/3977 6339/6339/3882 6340/6340/4000
f 6341/6341/4001 6342/6342/4002 6343/6343/3998
f 6344/6344/3522 6345/6345/3521 6346/6346/3871
f 6347/6347/3022 6348/6348/4003 6349/6349/4004
f 6350/6350/3871 6351/6351/3865 6352/6352/3522
f 6353/6353/4005 6354/6354/4006 6355/6355/2999
f 6356/6356/4007 6357/6357/4008 6358/6358/2039
f 6359/6359/4009 6360/6360/3540 6361/6361/3544
f 6362/6362/4010 6363/6363/2145 6364/6364/4011
f 6365/6365/4012 6366/6366/3009 6367/6367/4009
f 6368/6368/3792 6369/6369/4013 6370/6370/4014
f 6371/6371/4015 6372/6372/4016 6373/6373/3018
f 6374/6374/4008 6375/6375/3786 6376/6376/3792
f 6377/6377/3018 6378/6378/3545 6379/6379/4015
f 6380/6380/4017 6381/6381/3421 6382/6382/4018
f 6383/6383/2430 6384/6384/1638 6385/6385/3534
f 6386/6386/4018 6387/6387/4019 6388/6388/3422
f 6389/6389/4020 6390/6390/3534 6391/6391/3569
f 6392/6392/4021 6393/6393/4022 6394/6394/4023
f 6395/6395/4024 6396/6396/4025 6397/6397/3417
f 6398/6398/4026 6399/6399/4027 6400/6400/4028
f 6401/6401/4029 6402/6402/4030 6403/6403/4024
f 6404/6404/4031 6405/6405/1584 6406/6406/1584
f 6407/6407/4032 6408/6408/4033 6409/6409/4034
f 6410/6410/2070 6411/6411/4035 6412/6412/4031
f 6413/6413/3418 6414/6414/4036 6415/6415/4037
f 6416/6416/4038 6417/6417/4038 6418/6418/4038
f 6419/6419/4037 6420/6420/4039 6421/6421/4040
f 6422/6422/2070 6423/6423/2070 6424/6424/2070
f 6425/6425/4041 6426/6426/4037 6427/6427/4042
f 6428/6428/4043 6429/6429/4044 6430/6430/2079
f 6431/6431/4045 6432/6432/4046 6433/6433/4039
f 6434/6434/2083 6435/6435/2078 6436/6436/4047
f 6437/6437/4048 6438/6438/4049 6439/6439/3418
f 6440/6440/3768 6441/6441/4050 6442/6442/4051
f 6443/6443/3418 6444/6444/3415 6445/6445/4025
f 6446/6446/4052 6447/6447/4053 6448/6448/3764
f 6449/6449/4054 6450/6450/4055 6451/6451/4056
f 6452/6452/4057 6453/6453/3758 6454/6454/4058
f 6455/6455/4059 6456/6456/4060 6457/6457/4061
f 6458/6458/4058 6459/6459/4062 6460/6460/4063
f 6461/6461/4064 6462/6462/4065 6463/6463/3559
f 6464/6464/4014 6465/6465/4047 6466/6466/2078
f 6467/6467/3559 6468/6468/4066 6469/6469/4064
f 6470/6470/2104 6471/6471/2039 6472/6472/4014
f 6473/6473/4067 6474/6474/4068 6475/6475/4055
f 6476/6476/3423 6477/6477/3768 6478/6478/4047
f 6479/6479/4055 6480/6480/4054 6481/6481/4069
f 6482/6482/4053 6483/6483/4014 6484/6484/4013
f 6485/6485/4070 6486/6486/4071 6487/6487/4072
f 6488/6488/3758 6489/6489/3422 6490/6490/4073
f 6491/6491/4074 6492/6492/4067 6493/6493/4070
f 6494/6494/4073 6495/6495/4058 6496/6496/3758
f 6497/6497/3938 6498/6498/4075 6499/6499/4076
f 6500/6500/4077 6501/6501/4078 6502/6502/4079
f 6503/6503/3574 6504/6504/3961 6505/6505/4080
f 6506/6506/4079 6507/6507/4081 6508/6508/4082
f 6509/6509/3952 6510/6510/4083 6511/6511/4084
f 6512/6512/4085 6513/6513/4086 6514/6514/4078
f 6515/6515/3584 6516/6516/3583 6517/6517/3952
f 6518/6518/4087 6519/6519/4088 6520/6520/3788
f 6521/6521/4089 6522/6522/4090 6523/6523/4091
f 6524/6524/4092 6525/6525/3776 6526/6526/2132
f 6527/6527/4093 6528/6528/3952 6529/6529/4089
f 6530/6530/4094 6531/6531/4095 6532/6532/4092
f 6533/6533/3971 6534/6534/3970 6535/6535/3579
f 6536/6536/3421 6537/6537/4088 6538/6538/4096
f 6539/6539/3579 6540/6540/4097 6541/6541/3971
f 6542/6542/4081 6543/6543/4018 6544/6544/3426
f 6545/6545/3975 6546/6546/4098 6547/6547/3965
f 6548/6548/3792 6549/6549/3788 6550/6550/4077
f 6551/6551/3965 6552/6552/4099 6553/6553/3975
f 6554/6554/4088 6555/6555/3421 6556/6556/3792
f 6557/6557/3955 6558/6558/4100 6559/6559/4075
f 6560/6560/3776 6561/6561/3786 6562/6562/2038
f 6563/6563/4075 6564/6564/4080 6565/6565/3937
f 6566/6566/2145 6567/6567/2144 6568/6568/3776
f 6569/6569/3959 6570/6570/4101 6571/6571/4100
f 6572/6572/4102 6573/6573/3399 6574/6574/4103
f 6575/6575/4104 6576/6576/3937 6577/6577/4105
f 6578/6578/4103 6579/6579/4106 6580/6580/4102
f 6581/6581/3534 6582/6582/3533 6583/6583/4107
f 6584/6584/4108 6585/6585/3397 6586/6586/4109
f 6587/6587/2305 6588/6588/3987 6589/6589/3533
f 6590/6590/4110 6591/6591/4111 6592/6592/4112
f 6593/6593/4113 6594/6594/3535 6595/6595/2308
f 6596/6596/3446 6597/6597/3446 6598/6598/4114
f 6599/6599/3494 6600/6600/4115 6601/6601/3494
f 6602/6602/4114 6603/6603/3514 6604/6604/3446
f 6605/6605/4116 6606/6606/4117 6607/6607/3494
f 6608/6608/4118 6609/6609/4119 6610/6610/3894
f 6611/6611/4115 6612/6612/4120 6613/6613/4120
f 6614/6614/3894 6615/6615/3894 6616/6616/4121
f 6617/6617/4115 6618/6618/3494 6619/6619/4115
f 6620/6620/4122 6621/6621/3714 6622/6622/4123
f 6623/6623/3490 6624/6624/4124 6625/6625/3490
f 6626/6626/4123 6627/6627/3834 6628/6628/3716
f 6629/6629/3490 6630/6630/3494 6631/6631/3490
f 6632/6632/3714 6633/6633/3713 6634/6634/4125
f 6635/6635/4126 6636/6636/4126 6637/6637/4126
f 6638/6638/4125 6639/6639/3832 6640/6640/3714
f 6641/6641/4127 6642/6642/4127 6643/6643/4127
f 6644/6644/3505 6645/6645/4128 6646/6646/4129
f 6647/6647/3414 6648/6648/4130 6649/6649/4033
f 6650/6650/4131 6651/6651/4132 6652/6652/4133
f 6653/6653/4033 6654/6654/3415 6655/6655/4134
f 6656/6656/4135 6657/6657/3840 6658/6658/4136
f 6659/6659/4130 6660/6660/1210 6661/6661/4137
f 6662/6662/3727 6663/6663/4138 6664/6664/3839
f 6665/6665/4139 6666/6666/4140 6667/6667/4141
f 6668/6668/3839 6669/6669/3838 6670/6670/3727
f 6671/6671/4039 6672/6672/4142 6673/6673/3419
f 6674/6674/4143 6675/6675/3723 6676/6676/3858
f 6677/6677/4144 6678/6678/3418 6679/6679/4145
f 6680/6680/3858 6681/6681/4146 6682/6682/4143
f 6683/6683/4147 6684/6684/4046 6685/6685/4148
f 6686/6686/4149 6687/6687/4150 6688/6688/3847
f 6689/6689/4151 6690/6690/4152 6691/6691/4039
f 6692/6692/4153 6693/6693/3503 6694/6694/4154
f 6695/6695/4155 6696/6696/4156 6697/6697/4157
f 6698/6698/3728 6699/6699/3730 6700/6700/3859
f 6701/6701/3406 6702/6702/4158 6703/6703/3406
f 6704/6704/4159 6705/6705/4160 6706/6706/3728
f 6707/6707/4161 6708/6708/4161 6709/6709/4161
f 6710/6710/4162 6711/6711/4163 6712/6712/3436
f 6713/6713/4164 6714/6714/4165 6715/6715/4166
f 6716/6716/3436 6717/6717/3439 6718/6718/4167
f 6719/6719/4163 6720/6720/4168 6721/6721/4163
f 6722/6722/3409 6723/6723/3409 6724/6724/3409
