diff --git a/Config/DefaultInput.ini b/Config/DefaultInput.ini
index e6f1d2e..d606ed6 100644
--- a/Config/DefaultInput.ini
+++ b/Config/DefaultInput.ini
@@ -70,6 +70,13 @@
 ; #26 QA: P — мгновенно убить ИГРОКА штатным летальным уроном (тест экрана смерти). Учитывает
 ; god-mode (J): при god не убивает. P свободна (заняты Q/I/Tab/E/R/M/T/Y/G/H/K/J/U/B/O/N/V/C/X/Z/F1-F12).
 +ActionMappings=(ActionName="QAKillPlayer",bShift=False,bCtrl=False,bAlt=False,bCmd=False,Key=P)
+; Build 1.2.1 (ТЗ В2): F — «реклама доступна сейчас»: добивает накопитель игрового времени до
+; порога AdMinPlaytimeSeconds (360 с) и сразу пишет его в сейв (тест rewarded-кнопок без
+; 6 минут ожидания). Биндится в APlayerCharacter::SetupPlayerInputComponent. F — последняя
+; свободная буква: заняты Q/I/Tab/E/R/M/T/Y/G/H/K/J/U/B/O/N/V/C/X/Z/P/L + WASD (движение);
+; F1-F4/F6/F7/F9/F10/F12 заняты, F5/F8/F11 движковые. Действует в игровом режиме ввода —
+; жать ДО смерти/открытия магазина (на экране смерти ввод переключён в UI).
++ActionMappings=(ActionName="QAUnlockAds",bShift=False,bCtrl=False,bAlt=False,bCmd=False,Key=F)
 ; Фаза 5 — слайдер количества купли-продажи в магазине (STALKER 2-стиль). ±количество:
 ; стрелки Left/Right и колесо мыши = ±1; с Shift = ±10 (детект Shift в обработчике).
 ; Действуют только при открытом магазине с активным слайдером (gate bShopOpen+IsShopSliderActive);
diff --git a/Source/ContrarySurvivor/Actors/Pickup.cpp b/Source/ContrarySurvivor/Actors/Pickup.cpp
index 7fd7c10..0a0f0eb 100644
--- a/Source/ContrarySurvivor/Actors/Pickup.cpp
+++ b/Source/ContrarySurvivor/Actors/Pickup.cpp
@@ -5,6 +5,7 @@
 #include "Components/StaticMeshComponent.h"
 #include "Engine/World.h"
 #include "Engine/StaticMesh.h"
+#include "Materials/MaterialInstanceDynamic.h" // Build 1.2.1 (ТЗ А4): MID свечения
 #include "UObject/ConstructorHelpers.h"
 #include "ContrarySurvivor/Characters/PlayerCharacter.h"
 #include "ContrarySurvivor/Components/StatsComponent.h"
@@ -16,7 +17,11 @@
 
 APickup::APickup()
 {
-	PrimaryActorTick.bCanEverTick = false;
+	// Build 1.2.1 (ТЗ А4): тик разрешён, но по умолчанию ВЫКЛЮЧЕН — включает его только
+	// BeginPlay при включённом свечении с пульсацией (bCanEverTick=false нельзя включить
+	// в рантайме, поэтому разрешение здесь, а гейт — bStartWithTickEnabled).
+	PrimaryActorTick.bCanEverTick = true;
+	PrimaryActorTick.bStartWithTickEnabled = false;
 
 	// Корень-сфера (маркер позиции лута). Подбор теперь по клавише E (контроллер ищет
 	// ближайший пикап и зовёт Collect), а не по overlap — поэтому коллизию/оверлапы гасим.
@@ -26,15 +31,28 @@ APickup::APickup()
 	PickupTrigger->SetCollisionEnabled(ECollisionEnabled::NoCollision);
 	PickupTrigger->SetGenerateOverlapEvents(false);
 
-	// Плейсхолдер-визуал (без коллизии). Меш мелкий, чтобы читался как «лут на земле».
+	// Визуал (без коллизии). Build 1.2.1 (ТЗ А3): уменьшающий масштаб 0.3 старого
+	// шара-заглушки УБРАН — его наследовали BP_Pickup/BP_PickupWolf, и реальные меши
+	// модельера выходили «микроскопическими» (сами меши уже в игровом масштабе:
+	// свёрток 45 см, мешок 39 см — паспорта ассетов). Дефолтный меш теперь мешок
+	// SM_LootSack, а не движковый шар: фолбэк-пути спавна (базовый APickup без BP)
+	// тоже перестают показывать «серый шар». Меша нет на диске — прежний шар 0.3.
 	MeshComponent = CreateDefaultSubobject<UStaticMeshComponent>(TEXT("Mesh"));
 	MeshComponent->SetupAttachment(PickupTrigger);
 	MeshComponent->SetCollisionEnabled(ECollisionEnabled::NoCollision);
-	MeshComponent->SetRelativeScale3D(FVector(0.3f, 0.3f, 0.3f));
-	static ConstructorHelpers::FObjectFinder<UStaticMesh> SphereMesh(TEXT("/Engine/BasicShapes/Sphere.Sphere"));
-	if (SphereMesh.Succeeded())
+	static ConstructorHelpers::FObjectFinder<UStaticMesh> SackMesh(TEXT("/Game/Environment/Props/SM_LootSack.SM_LootSack"));
+	if (SackMesh.Succeeded())
 	{
-		MeshComponent->SetStaticMesh(SphereMesh.Object);
+		MeshComponent->SetStaticMesh(SackMesh.Object);
+	}
+	else
+	{
+		static ConstructorHelpers::FObjectFinder<UStaticMesh> SphereMesh(TEXT("/Engine/BasicShapes/Sphere.Sphere"));
+		if (SphereMesh.Succeeded())
+		{
+			MeshComponent->SetStaticMesh(SphereMesh.Object);
+		}
+		MeshComponent->SetRelativeScale3D(FVector(0.3f, 0.3f, 0.3f));
 	}
 }
 
@@ -48,9 +66,65 @@ void APickup::BeginPlay()
 	if (World && World->IsGameWorld())
 	{
 		SpawnPlacedLoot();
+		SetupGlow(); // Build 1.2.1 (ТЗ А4): свечение, если включено на экземпляре/BP
 	}
 }
 
+void APickup::SetupGlow()
+{
+	if (!bGlowEnabled || !MeshComponent)
+	{
+		return;
+	}
+
+	// MID от материала слота 0 (после починки А2 это M_VColor с параметрами свечения).
+	GlowMID = MeshComponent->CreateDynamicMaterialInstance(0);
+	if (!GlowMID)
+	{
+		UE_LOG(LogTemp, Warning,
+			TEXT("Pickup '%s': свечение включено, но MID слота 0 не создался — свечения не будет."),
+			*GetName());
+		return;
+	}
+
+	// Материал без параметров свечения — громко в лог: значит на меше не M_VColor
+	// (или М_VColor без -pickupfix), и Set*ParameterValue уйдёт в пустоту.
+	float ProbeValue = 0.0f;
+	if (!GlowMID->GetScalarParameterValue(FHashedMaterialParameterInfo(TEXT("GlowIntensity")), ProbeValue))
+	{
+		UE_LOG(LogTemp, Warning,
+			TEXT("Pickup '%s': у материала '%s' нет параметра GlowIntensity — свечение работать не будет."),
+			*GetName(), *GetNameSafe(GlowMID->Parent));
+	}
+
+	GlowMID->SetVectorParameterValue(TEXT("GlowColor"), GlowColor);
+	GlowMID->SetScalarParameterValue(TEXT("GlowIntensity"), FMath::Max(0.0f, GlowStrength));
+
+	// Пульсация — единственная причина тикать; ровное свечение выставлено и забыто.
+	if (GlowPulsePeriod > KINDA_SMALL_NUMBER)
+	{
+		SetActorTickEnabled(true);
+	}
+}
+
+void APickup::Tick(float DeltaTime)
+{
+	Super::Tick(DeltaTime);
+
+	if (!GlowMID || GlowPulsePeriod <= KINDA_SMALL_NUMBER)
+	{
+		SetActorTickEnabled(false);
+		return;
+	}
+
+	// Синус полного цикла за GlowPulsePeriod; сила ходит 25%..100% от заданной, чтобы
+	// пикап не «гас» целиком в нижней точке пульса.
+	GlowTime += DeltaTime;
+	const float Phase = FMath::Sin(2.0f * PI * GlowTime / GlowPulsePeriod);
+	const float Pulse = 0.625f + 0.375f * Phase;
+	GlowMID->SetScalarParameterValue(TEXT("GlowIntensity"), FMath::Max(0.0f, GlowStrength) * Pulse);
+}
+
 void APickup::SpawnPlacedLoot()
 {
 	UWorld* World = GetWorld();
diff --git a/Source/ContrarySurvivor/Actors/Pickup.h b/Source/ContrarySurvivor/Actors/Pickup.h
index bf1861b..0fcc48c 100644
--- a/Source/ContrarySurvivor/Actors/Pickup.h
+++ b/Source/ContrarySurvivor/Actors/Pickup.h
@@ -9,6 +9,7 @@
 
 class USphereComponent;
 class UStaticMeshComponent;
+class UMaterialInstanceDynamic;
 class AMasterInventoryItem;
 class APlayerCharacter;
 
@@ -67,6 +68,10 @@ protected:
 	virtual void BeginPlay() override;
 	virtual void EndPlay(const EEndPlayReason::Type EndPlayReason) override;
 
+	// Build 1.2.1 (ТЗ А4): тик нужен ТОЛЬКО пульсации свечения — включается в BeginPlay
+	// при включённом свечении с периодом > 0, иначе актор не тикает (как раньше).
+	virtual void Tick(float DeltaTime) override;
+
 	// Триггер подбора: overlap по Pawn (как у костра-сейва).
 	UPROPERTY(VisibleAnywhere, BlueprintReadOnly, Category = "Pickup")
 	USphereComponent* PickupTrigger;
@@ -109,6 +114,24 @@ protected:
 	UPROPERTY(EditAnywhere, BlueprintReadWrite, Category = "Pickup", meta = (ClampMin = "0", DisplayPriority = "5"))
 	int32 PlacedAmmoAmount = 0;
 
+	// --- Build 1.2.1 (ТЗ А4, Ринат: «хочу добавить ему свечение») ---
+	// Свечение мешка/свёртка: MID от материала меша (M_VColor несёт параметры
+	// GlowColor/GlowIntensity с нулевыми дефолтами — остальные пользователи материала
+	// не затронуты). Настройка на экземпляре/BP, дефолт ВЫКЛ (решение Рината).
+
+	UPROPERTY(EditAnywhere, BlueprintReadWrite, Category = "Pickup", meta = (DisplayName = "Свечение включено", DisplayPriority = "6"))
+	bool bGlowEnabled = false;
+
+	UPROPERTY(EditAnywhere, BlueprintReadWrite, Category = "Pickup", meta = (DisplayName = "Цвет свечения", DisplayPriority = "7", EditCondition = "bGlowEnabled"))
+	FLinearColor GlowColor = FLinearColor(1.0f, 0.78f, 0.25f, 1.0f); // тёплый янтарный, в тон шнуру мешка
+
+	UPROPERTY(EditAnywhere, BlueprintReadWrite, Category = "Pickup", meta = (ClampMin = "0.0", DisplayName = "Сила свечения", DisplayPriority = "8", EditCondition = "bGlowEnabled"))
+	float GlowStrength = 3.0f;
+
+	// Период полного цикла пульсации, сек. 0 = ровное свечение без пульса (и без тика).
+	UPROPERTY(EditAnywhere, BlueprintReadWrite, Category = "Pickup", meta = (ClampMin = "0.0", DisplayName = "Период пульсации (сек, 0 = ровное)", DisplayPriority = "9", EditCondition = "bGlowEnabled"))
+	float GlowPulsePeriod = 2.0f;
+
 	// Предмет, который пикап отдаёт в рюкзак при подборе (nullptr = только деньги).
 	UPROPERTY()
 	AMasterInventoryItem* CarriedItem = nullptr;
@@ -123,6 +146,16 @@ private:
 	// в CarriedItems. Зовётся из BeginPlay только в игровом мире.
 	void SpawnPlacedLoot();
 
+	// Build 1.2.1 (ТЗ А4): создаёт MID слота 0 и включает свечение (+тик при пульсации).
+	void SetupGlow();
+
+	// MID свечения (создан из материала меша). UPROPERTY — защита от GC.
+	UPROPERTY()
+	UMaterialInstanceDynamic* GlowMID = nullptr;
+
+	// Накопленное время пульса (фаза синуса).
+	float GlowTime = 0.0f;
+
 	// true, если лут уже подобран игроком (чтобы EndPlay не уничтожил отданный предмет).
 	bool bCollected = false;
 };
diff --git a/Source/ContrarySurvivor/Ads/AdGatingLogic.h b/Source/ContrarySurvivor/Ads/AdGatingLogic.h
index 9ed9ade..2eaeb8a 100644
--- a/Source/ContrarySurvivor/Ads/AdGatingLogic.h
+++ b/Source/ContrarySurvivor/Ads/AdGatingLogic.h
@@ -15,8 +15,12 @@
  */
 namespace AdGating
 {
-	// 15 минут (ТЗ раздел 0 п.2). Единая константа всех трёх точек.
-	inline constexpr double MinPlaytimeSeconds = 15.0 * 60.0;
+	// Build 1.2.1 (ТЗ В1, Ринат утвердил ровно 360 с): порог больше НЕ жёсткая константа
+	// трёх точек — живое значение настраивается EditAnywhere на игроке
+	// (APlayerCharacter::AdMinPlaytimeSeconds), все три точки показа передают его сюда
+	// вторым аргументом. Эта константа осталась дефолтом поля и дефолт-аргументом чистой
+	// функции (headless-тесты гоняют её без UObject). Было: 15 минут (ТЗ раздел 0 п.2).
+	inline constexpr double MinPlaytimeSeconds = 360.0;
 
 	// Пройден ли глобальный порог игрового времени.
 	CONTRARYSURVIVOR_API bool IsPlaytimeGatePassed(double TotalPlaySeconds,
diff --git a/Source/ContrarySurvivor/Ads/DeathLossLogic.cpp b/Source/ContrarySurvivor/Ads/DeathLossLogic.cpp
index c1848be..81e5d6e 100644
--- a/Source/ContrarySurvivor/Ads/DeathLossLogic.cpp
+++ b/Source/ContrarySurvivor/Ads/DeathLossLogic.cpp
@@ -23,4 +23,28 @@ namespace DeathLoss
 		Plan.DroppedMoney = Plan.LostMoney * Drop;
 		return Plan;
 	}
+
+	TArray<FStackLoss> SplitLossAcrossStacks(const TArray<int32>& StackSizes,
+		int32 LostPieces, int32 DroppedPieces)
+	{
+		// Штуки снимаются с ПЕРВЫХ стаков по порядку (как раньше терялись первые акторы);
+		// внутри потерянного сначала идёт «мешочная» часть, затем уничтожаемая — мешок
+		// собирает первые DroppedPieces штук, ровно как FPlan обещает игроку в превью.
+		TArray<FStackLoss> Result;
+		Result.SetNum(StackSizes.Num());
+
+		int32 LostLeft = FMath::Max(0, LostPieces);
+		int32 DropLeft = FMath::Clamp(DroppedPieces, 0, LostLeft);
+		for (int32 Index = 0; Index < StackSizes.Num() && LostLeft > 0; ++Index)
+		{
+			const int32 Size = FMath::Max(0, StackSizes[Index]);
+			const int32 Loss = FMath::Min(Size, LostLeft);
+			const int32 Dropped = FMath::Min(Loss, DropLeft);
+			Result[Index].DroppedPieces = Dropped;
+			Result[Index].DestroyedPieces = Loss - Dropped;
+			LostLeft -= Loss;
+			DropLeft -= Dropped;
+		}
+		return Result;
+	}
 }
diff --git a/Source/ContrarySurvivor/Ads/DeathLossLogic.h b/Source/ContrarySurvivor/Ads/DeathLossLogic.h
index 956704f..d2f79aa 100644
--- a/Source/ContrarySurvivor/Ads/DeathLossLogic.h
+++ b/Source/ContrarySurvivor/Ads/DeathLossLogic.h
@@ -19,10 +19,15 @@ namespace DeathLoss
 {
 	struct FPlan
 	{
-		// Сколько расходников теряется (снимаются из рюкзака).
+		// Build 1.2.1 (блок Г, стаки): счёт идёт ШТУКАМИ, не акторами — «70% расходников»
+		// означает 70% суммы штук во всех стаках; стак теряет штуки уменьшением счётчика,
+		// а не исчезает целиком. Раскладку штук по конкретным стакам даёт
+		// SplitLossAcrossStacks (та же функция у превью экрана смерти и применения).
+
+		// Сколько ШТУК расходников теряется (списываются со стаков рюкзака).
 		int32 LostItems = 0;
 
-		// Из потерянных — сколько падает мешком на месте гибели (первые по списку);
+		// Из потерянных штук — сколько падает мешком на месте гибели (первые по списку);
 		// остальные (LostItems - DroppedItems) уничтожаются.
 		int32 DroppedItems = 0;
 
@@ -33,9 +38,25 @@ namespace DeathLoss
 		float DroppedMoney = 0.0f;
 	};
 
-	// ItemCount — расходников в рюкзаке (неэкипированных); Money — денег на момент смерти;
-	// ItemLossFrac/MoneyLossFrac — доли потери [0..1]; DropFrac — доля потерянного,
-	// падающая мешком [0..1]. Все доли клампятся, отрицательные входы дают нулевой план.
+	// ItemCount — сумма ШТУК неэкипированных расходников рюкзака (по стакам); Money —
+	// денег на момент смерти; ItemLossFrac/MoneyLossFrac — доли потери [0..1]; DropFrac —
+	// доля потерянного, падающая мешком [0..1]. Доли клампятся, отрицательные входы дают
+	// нулевой план.
 	CONTRARYSURVIVOR_API FPlan Compute(int32 ItemCount, float Money,
 		float ItemLossFrac, float MoneyLossFrac, float DropFrac);
+
+	// Потеря одного стака в раскладке SplitLossAcrossStacks: сколько штук из него падает
+	// мешком и сколько уничтожается (остальное остаётся в стаке).
+	struct FStackLoss
+	{
+		int32 DroppedPieces = 0;
+		int32 DestroyedPieces = 0;
+	};
+
+	// Build 1.2.1: раскладка потери ШТУК по стакам в порядке инвентаря. StackSizes —
+	// размеры стаков кандидатов; теряются первые LostPieces штук, из них первые
+	// DroppedPieces падают мешком. DroppedPieces клампится в [0..LostPieces]; мусорные
+	// размеры (<0) читаются как 0. Результат — на каждый вход по элементу.
+	CONTRARYSURVIVOR_API TArray<FStackLoss> SplitLossAcrossStacks(
+		const TArray<int32>& StackSizes, int32 LostPieces, int32 DroppedPieces);
 }
diff --git a/Source/ContrarySurvivor/Characters/EnemyCharacter.cpp b/Source/ContrarySurvivor/Characters/EnemyCharacter.cpp
index 27ae90d..90d1e2c 100644
--- a/Source/ContrarySurvivor/Characters/EnemyCharacter.cpp
+++ b/Source/ContrarySurvivor/Characters/EnemyCharacter.cpp
@@ -2,6 +2,7 @@
 
 #include "EnemyCharacter.h"
 #include "ContrarySurvivor/Components/StatsComponent.h"
+#include "ContrarySurvivor/Components/CorpseLootComponent.h" // Build 1.2.1 (А1): лут в трупе
 #include "ContrarySurvivor/Components/QuestComponent.h" // Фаза 5: засчёт убийства бандита в квест
 #include "ContrarySurvivor/Characters/PlayerCharacter.h" // #26: счётчик киллов игрока
 #include "ContrarySurvivor/Actors/Pickup.h"
@@ -19,6 +20,10 @@ AEnemyCharacter::AEnemyCharacter()
 {
 	Stats = CreateDefaultSubobject<UStatsComponent>(TEXT("StatsComponent"));
 
+	// Build 1.2.1 (ТЗ А1): контейнер лута трупа в МАСТЕР-классе — BP-наследники получают
+	// обыск автоматически. Наполняется в DropLoot (из HandleDeath).
+	CorpseLoot = CreateDefaultSubobject<UCorpseLootComponent>(TEXT("CorpseLoot"));
+
 	// Лут по умолчанию (editor-независимо): пикап без BP + таблица расходников Консервы/
 	// Вода/Бинт с равновероятным выбором (Ринат 07-17). Имена — из единого источника
 	// AConsumableItem::GetDefaultDisplayName (задел под FText-локализацию, ADR-041).
@@ -311,21 +316,17 @@ void AEnemyCharacter::DropLoot()
 		}
 	}
 
-	// Один пикап несёт деньги + «мешок» предметов (InitLootBag/ADR-027) — подбор клавишей E
-	// отдаёт всё разом, как у дропа расходников при смерти игрока.
-	UClass* SpawnClass = PickupClass ? *PickupClass : APickup::StaticClass();
-	APickup* Pickup = World->SpawnActor<APickup>(SpawnClass, Loc, FRotator::ZeroRotator, Sp);
-	if (Pickup)
+	// Build 1.2.1 (ТЗ А1): мешок-пикап с трупов УБРАН — деньги и предметы остаются В ТРУПЕ
+	// (CorpseLoot), игрок забирает их через окно обыска («Обыскать [E]», частичный обыск
+	// штатен). Не забранное исчезает вместе с трупом (CorpseLifeSpan).
+	if (CorpseLoot)
 	{
-		Pickup->InitLoot(Money, nullptr);
-		if (Items.Num() > 0)
-		{
-			Pickup->InitLootBag(Items);
-		}
+		CorpseLoot->InitLoot(Money, Items);
 	}
 	else
 	{
-		// Пикап не заспавнился — прибираем висящие скрытые предметы, чтобы не утекли в мир.
+		// Контейнера нет (не должно случаться: создаётся в конструкторе) — не оставляем
+		// висящие скрытые предметы в мире.
 		for (AMasterInventoryItem* It : Items)
 		{
 			if (IsValid(It)) { It->Destroy(); }
@@ -333,9 +334,9 @@ void AEnemyCharacter::DropLoot()
 		Items.Reset();
 	}
 
-	// QA-инструментирование (формат в духе APickup::DropLoot): что дропнулось при смерти бандита.
+	// QA-инструментирование: что легло в труп при смерти бандита (формат DROPLOOT сохранён).
 	FQADebug::QA(World, FString::Printf(
-		TEXT("QA: DROPLOOT money=%.0f chance=%.2f roll=%.2f hit=%s items=%d [%s]"),
+		TEXT("QA: DROPLOOT money=%.0f chance=%.2f roll=%.2f hit=%s items=%d [%s] -> corpse"),
 		Money, EffectiveChance, Roll, bChanceHit ? TEXT("YES") : TEXT("no"),
 		Items.Num(), *ItemNamesLog), /*bScreen=*/true);
 }
diff --git a/Source/ContrarySurvivor/Characters/EnemyCharacter.h b/Source/ContrarySurvivor/Characters/EnemyCharacter.h
index 20a9631..ef8b3af 100644
--- a/Source/ContrarySurvivor/Characters/EnemyCharacter.h
+++ b/Source/ContrarySurvivor/Characters/EnemyCharacter.h
@@ -8,6 +8,7 @@
 #include "EnemyCharacter.generated.h"
 
 class UStatsComponent;
+class UCorpseLootComponent;
 class AMasterInventoryItem;
 class APickup;
 
@@ -91,9 +92,17 @@ protected:
 	UPROPERTY(EditDefaultsOnly, BlueprintReadOnly, Category = "Movement", meta = (DisplayPriority = "2"))
 	float BanditWalkSpeed = 650.0f;
 
-	// Через сколько секунд после смерти Destroy тела (даём отыграть рэгдолл).
-	UPROPERTY(EditDefaultsOnly, BlueprintReadOnly, Category = "Death", meta = (DisplayPriority = "3"))
-	float CorpseLifeSpan = 5.0f;
+	// Через сколько секунд после смерти Destroy тела. Build 1.2.1 (ТЗ А1): труп теперь
+	// ОБЫСКИВАЕТСЯ (лут внутри), поэтому лежит дольше — дефолт 60 с (был 5); EditAnywhere —
+	// тюнинг на размещённом экземпляре/BP. Не обысканный остаток исчезает вместе с трупом.
+	UPROPERTY(EditAnywhere, BlueprintReadWrite, Category = "Death", meta = (ClampMin = "1.0", DisplayPriority = "3"))
+	float CorpseLifeSpan = 60.0f;
+
+	// Контейнер лута трупа (Build 1.2.1, ТЗ А1): смерть складывает деньги/расходники СЮДА
+	// (мешок-пикап с трупов убран), игрок забирает через окно обыска «Обыскать [E]».
+	// Живёт в мастер-классе — BP-наследники получают механизм автоматически.
+	UPROPERTY(VisibleAnywhere, BlueprintReadOnly, Category = "Loot")
+	UCorpseLootComponent* CorpseLoot;
 
 	// --- Лут при смерти (GDD §7.8: «враги дают деньги, изношенное оружие») ---
 	// Деньги: случайно в [LootMoneyMin..Max]. Бандит DRAFT 10-30 (GDD §7.6 экономика).
@@ -121,12 +130,13 @@ protected:
 	UPROPERTY(EditAnywhere, BlueprintReadWrite, Category = "Loot", meta = (DisplayPriority = "8"))
 	TArray<FBanditLootEntry> LootTable;
 
-	// Класс пикапа-лута (по умолчанию APickup, без BP/редактора).
+	// Класс пикапа-лута. С Build 1.2.1 в ДРОПЕ НЕ используется (лут уходит в труп,
+	// см. CorpseLoot); поле оставлено, чтобы не терять настройку BP-наследников.
 	UPROPERTY(EditAnywhere, BlueprintReadOnly, Category = "Loot")
 	TSubclassOf<APickup> PickupClass;
 
-	// Спавнит лут (деньги + шанс 1-2 расходников из LootTable) в позиции трупа.
-	// Вызывается из HandleDeath.
+	// Кладёт лут (деньги + шанс 1-2 расходников из LootTable) В ТРУП (CorpseLoot) —
+	// Build 1.2.1, ТЗ А1: мешок-пикап с трупов убран. Вызывается из HandleDeath.
 	void DropLoot();
 
 	// Реакция на смерть из делегата UStatsComponent::OnDeath.
diff --git a/Source/ContrarySurvivor/Characters/PlayerCharacter.cpp b/Source/ContrarySurvivor/Characters/PlayerCharacter.cpp
index 7b35a6e..548ca14 100644
--- a/Source/ContrarySurvivor/Characters/PlayerCharacter.cpp
+++ b/Source/ContrarySurvivor/Characters/PlayerCharacter.cpp
@@ -29,6 +29,7 @@
 #include "APantsArmor.h"
 #include "AArmorTiers.h" // тест-комплект Т3 для QA-клавиши F3 (ADR-042)
 #include "Engine/SkeletalMesh.h" // загрузка мешей одежды Т0 (ApplyStartClothing)
+#include "Components/SkeletalMeshComponent.h" // Build 1.2.1 (ТЗ Е): возврат AnimBP после анимации смерти
 #include "AConsumableItem.h"
 #include "AAmmoItem.h" // патроны как стак-предмет рюкзака (Фаза 5)
 #include "ARangedWeapon.h"
@@ -1359,24 +1360,26 @@ void APlayerCharacter::Shop_SellItemQty(AMasterInventoryItem* Item, float UnitSe
         return;
     }
 
-    // Стак патронов: продаём Qty патронов из пачки за UnitSellPrice/патрон.
-    if (AAmmoItem* Ammo = Cast<AAmmoItem>(Item))
+    // Build 1.2.1 (блок Г, патч cpp): ЛЮБОЙ стак-предмет (патроны, шкуры, тушёнка,
+    // аптечки — поля стака в базе AMasterInventoryItem с a4252ba) продаётся по Qty штук
+    // за UnitSellPrice/штуку. Поведение патронов не изменилось — тот же путь.
+    if (Item->IsStackable())
     {
-        const int32 SellCount = FMath::Clamp(Qty, 1, Ammo->StackCount);
+        const int32 SellCount = FMath::Clamp(Qty, 1, Item->StackCount);
         if (SellCount <= 0)
         {
             return;
         }
         const float Gain = UnitSellPrice * static_cast<float>(SellCount);
-        Ammo->StackCount -= SellCount;
+        Item->StackCount -= SellCount;
         Stats->AddMoney(Gain);
-        if (Ammo->StackCount <= 0)
+        if (Item->StackCount <= 0)
         {
-            Inventory->RemoveItem(Ammo);
-            Ammo->Destroy();
+            Inventory->RemoveItem(Item);
+            Item->Destroy();
         }
-        UE_LOG(LogQA, Display, TEXT("QA: SELL %d ammo for %.0f, balance %.0f (backpack left %d)"),
-            SellCount, Gain, Stats->GetMoney(), GetReserveAmmoInInventory());
+        UE_LOG(LogQA, Display, TEXT("QA: SELL %d x '%s' for %.0f, balance %.0f"),
+            SellCount, *Item->ItemName, Gain, Stats->GetMoney());
         // Build 1.2 (ТЗ №2 п.6): shop_sell_completed для ВСЕХ продаж (value = сумма).
         if (UAnalyticsSubsystem* Analytics = UAnalyticsSubsystem::Get(this))
         {
@@ -1669,7 +1672,18 @@ DeathLoss::FPlan APlayerCharacter::ComputeDeathLossPlan(bool bBackpackRescued) c
 {
     const float ItemFrac = bBackpackRescued ? DeathRescuedLossFraction : DeathConsumableLossFraction;
     const float MoneyFrac = bBackpackRescued ? DeathRescuedLossFraction : DeathMoneyLossFraction;
-    return DeathLoss::Compute(GetDeathLossCandidates().Num(), MoneyAtDeath,
+
+    // Build 1.2.1 (блок Г, стаки): база плана — сумма ШТУК по стакам, а не число акторов,
+    // иначе «70% расходников» превратилось бы в «70% стаков» и стак терялся бы целиком.
+    int32 TotalPieces = 0;
+    for (const AMasterInventoryItem* Item : GetDeathLossCandidates())
+    {
+        if (IsValid(Item))
+        {
+            TotalPieces += FMath::Max(1, Item->GetStackCount());
+        }
+    }
+    return DeathLoss::Compute(TotalPieces, MoneyAtDeath,
         ItemFrac, MoneyFrac, DeathDropShareFraction);
 }
 
@@ -1770,6 +1784,33 @@ void APlayerCharacter::ApplyDeathMoneyLoss(const DeathLoss::FPlan& Plan)
         MoneyAtDeath, Plan.LostMoney, Plan.DroppedMoney, Stats->GetMoney());
 }
 
+void APlayerCharacter::SetupPlayerInputComponent(UInputComponent* PlayerInputComponent)
+{
+    Super::SetupPlayerInputComponent(PlayerInputComponent);
+
+    if (PlayerInputComponent)
+    {
+        // Build 1.2.1 (ТЗ В2): F — «реклама доступна сейчас». Легаси-маппинг QAUnlockAds=F
+        // в Config/DefaultInput.ini; работает в игровом режиме ввода (жать ДО смерти/магазина).
+        PlayerInputComponent->BindAction(TEXT("QAUnlockAds"), IE_Pressed,
+            this, &APlayerCharacter::OnQAUnlockAds);
+    }
+}
+
+void APlayerCharacter::OnQAUnlockAds()
+{
+    const float Before = GetTotalPlayTimeSeconds();
+    const float Deficit = AdMinPlaytimeSeconds - Before;
+    if (Deficit > 0.0f)
+    {
+        UnflushedPlayTime += Deficit; // добить накопитель ровно до порога
+    }
+    FlushPlayTime(); // немедленно в сейв, не ждать 60-секундный таймер
+    UE_LOG(LogQA, Display,
+        TEXT("QA: AD UNLOCK (key F) - playtime %.0f -> %.0f s (threshold %.0f), written to save"),
+        Before, GetTotalPlayTimeSeconds(), AdMinPlaytimeSeconds);
+}
+
 void APlayerCharacter::FlushPlayTime()
 {
     if (UnflushedPlayTime <= 0.0f)
@@ -1855,12 +1896,18 @@ void APlayerCharacter::HandleDeath()
     UE_LOG(LogTemp, Warning, TEXT("APlayerCharacter: death -> death screen (lived %.1fs, killer '%s', kills %d)"),
         LastLifeDuration, *LastDamagerName.ToString(), EnemyKillCount);
 
-    // Останавливаем персонажа (анимации смерти нет — просто гасим движение; тело остаётся).
+    // Останавливаем персонажа (гасим движение; тело остаётся на месте).
     if (UCharacterMovementComponent* Move = GetCharacterMovement())
     {
         Move->StopMovementImmediately();
     }
 
+    // Build 1.2.1 (ТЗ Е): анимация смерти «ложится на спину» — ДО показа экрана смерти.
+    // Поле DeathAnimation уже в мастер-базе гуманоидов (MasterHumanoidCharacter.h:100);
+    // ассета нет — false, прежнее поведение (тело просто замирает). true — меш ушёл в
+    // Single Node, флаг напоминает Respawn вернуть AnimationBlueprint.
+    bDeathAnimPlayed = PlayDeathAnimationIfSet();
+
     AContrarySurvivorPlayerController* PC = Cast<AContrarySurvivorPlayerController>(GetController());
     if (PC)
     {
@@ -1943,6 +1990,18 @@ void APlayerCharacter::Respawn(bool bBackpackRescued)
             RespawnHealthFraction, RespawnSurvivalFraction);
     }
 
+    // 3б) Build 1.2.1 (ТЗ Е): вернуть меш из Single Node (анимация смерти) в штатный AnimBP.
+    //     SetAnimationMode при смене режима переинициализирует AnimInstance
+    //     (SkeletalMeshComponent.cpp, UE 5.5) — игрок снова в живой позе.
+    if (bDeathAnimPlayed)
+    {
+        if (USkeletalMeshComponent* MeshComp = GetMesh())
+        {
+            MeshComp->SetAnimationMode(EAnimationMode::AnimationBlueprint);
+        }
+        bDeathAnimPlayed = false;
+    }
+
     // 4) Сбрасываем трекинг жизни и врага-убийцу для следующей жизни.
     LifeStartTime = GetWorld() ? GetWorld()->GetTimeSeconds() : 0.0f;
     LastDamagerName = NSLOCTEXT("Death", "KillerUnknown", "Неизвестно");
diff --git a/Source/ContrarySurvivor/Characters/PlayerCharacter.h b/Source/ContrarySurvivor/Characters/PlayerCharacter.h
index 9ce13b2..9ab66de 100644
--- a/Source/ContrarySurvivor/Characters/PlayerCharacter.h
+++ b/Source/ContrarySurvivor/Characters/PlayerCharacter.h
@@ -372,6 +372,12 @@ protected:
     UPROPERTY(EditAnywhere, BlueprintReadWrite, Category = "Save", meta = (ClampMin = "0.0", ClampMax = "1.0"))
     float DeathDropShareFraction = 0.50f;
 
+    // Build 1.2.1 (ТЗ В1, Ринат утвердил ровно 360 с): порог суммарного игрового времени,
+    // после которого доступны все три rewarded-точки (рюкзак/магазин/ежедневка). Был
+    // константой 15 минут в AdGatingLogic.h — теперь настраивается здесь без пересборки.
+    UPROPERTY(EditAnywhere, BlueprintReadWrite, Category = "Ads", meta = (ClampMin = "0.0", DisplayName = "Порог рекламы (сек игрового времени)", DisplayPriority = "1"))
+    float AdMinPlaytimeSeconds = 360.0f;
+
     // Лимит показов «Спасти рюкзак» в календарные сутки (ТЗ №1 п.3: не более 3).
     UPROPERTY(EditAnywhere, BlueprintReadWrite, Category = "Ads", meta = (ClampMin = "0"))
     int32 BackpackAdDailyLimit = 3;
@@ -488,6 +494,11 @@ protected:
     // Процедурные эффекты камеры (#28): дыхание + look-ahead через SpringArm->TargetOffset.
     virtual void Tick(float DeltaTime) override;
 
+    // Build 1.2.1 (ТЗ В2): отладочная клавиша F «реклама доступна сейчас» — легаси-бинд на
+    // input-компоненте пешки (QA-действия контроллера живут в его SetupInputComponent, это
+    // первый бинд на самой пешке; маппинг QAUnlockAds=F — Config/DefaultInput.ini).
+    virtual void SetupPlayerInputComponent(UInputComponent* PlayerInputComponent) override;
+
     // Применяет тюнингуемые knob-параметры камеры (#20) к компонентам SpringArm/Camera один раз
     // на этапе конструирования. ВАЖНО: не зовём в BeginPlay/Tick — иначе перетирались бы правки
     // и рантайм-эффекты. Источник истины по камере = Camera-категория UPROPERTY (CameraArmLength
@@ -616,10 +627,14 @@ public:
     // --- Build 1.2: суммарное игровое время + счётчики rewarded-рекламы (хранятся в сейве) ---
 
     // Суммарное игровое время профиля с установки, сек (сейв + несброшенный остаток сессии).
-    // По нему работает глобальный запрет рекламы первые 15 минут (AdGating).
+    // По нему работает глобальный запрет рекламы до порога AdMinPlaytimeSeconds (AdGating).
     UFUNCTION(BlueprintPure, Category = "Ads")
     float GetTotalPlayTimeSeconds() const { return SavedPlayTimeBase + UnflushedPlayTime; }
 
+    // Порог игрового времени для рекламы (ТЗ В1) — его передают точки показа в AdGating.
+    UFUNCTION(BlueprintPure, Category = "Ads")
+    float GetAdMinPlaytimeSeconds() const { return AdMinPlaytimeSeconds; }
+
     // Использований «Спасти рюкзак» за сегодняшние календарные сутки (лимит 3/сутки).
     int32 GetBackpackAdUsesToday() const;
 
@@ -787,6 +802,10 @@ protected:
     // Сброс накопленного игрового времени сессии в сейв (таймер PlaytimeFlushInterval).
     void FlushPlayTime();
 
+    // Build 1.2.1 (ТЗ В2): обработчик клавиши F — добивает накопитель игрового времени до
+    // порога AdMinPlaytimeSeconds, немедленно пишет его в сейв и печатает LogQA-строку.
+    void OnQAUnlockAds();
+
     // Применяет загруженный сейв к игроку (статы + телепорт в точку респауна).
     void ApplySaveData(const UContrarySaveGame* Save);
 
@@ -820,6 +839,10 @@ private:
     // Номер смерти за сессию (аналитика ТЗ №1). Инкремент в HandleDeath.
     int32 DeathCountThisSession = 0;
 
+    // Build 1.2.1 (ТЗ Е): анимация смерти запущена (меш ушёл в Single Node) — Respawn
+    // обязан вернуть режим AnimationBlueprint, иначе игрок остался бы в позе смерти.
+    bool bDeathAnimPlayed = false;
+
     // --- Build 1.2: накопитель игрового времени (гейт «15 минут без рекламы») ---
     // База из сейва (читается в BeginPlay, обновляется при сбросе) + несброшенный остаток.
     float SavedPlayTimeBase = 0.0f;
diff --git a/Source/ContrarySurvivor/Characters/WolfCharacter.cpp b/Source/ContrarySurvivor/Characters/WolfCharacter.cpp
index 17ec79f..249d473 100644
--- a/Source/ContrarySurvivor/Characters/WolfCharacter.cpp
+++ b/Source/ContrarySurvivor/Characters/WolfCharacter.cpp
@@ -2,6 +2,7 @@
 
 #include "WolfCharacter.h"
 #include "ContrarySurvivor/Components/StatsComponent.h"
+#include "ContrarySurvivor/Components/CorpseLootComponent.h" // Build 1.2.1 (А1): лут в трупе
 #include "ContrarySurvivor/Components/QuestComponent.h" // Фаза 5: засчёт убийства волка в квест
 #include "ContrarySurvivor/Characters/PlayerCharacter.h" // #26: счётчик киллов игрока
 #include "ContrarySurvivor/Controllers/WolfAIController.h"
@@ -30,6 +31,10 @@ AWolfCharacter::AWolfCharacter()
 
 	Stats = CreateDefaultSubobject<UStatsComponent>(TEXT("StatsComponent"));
 
+	// Build 1.2.1 (ТЗ А1): контейнер лута трупа в мастер-классе волка — BP-наследники
+	// получают обыск автоматически. Наполняется в DropLoot (из HandleDeath).
+	CorpseLoot = CreateDefaultSubobject<UCorpseLootComponent>(TEXT("CorpseLoot"));
+
 	// Лут по умолчанию (editor-независимо): расходник + базовый пикап.
 	LootItemClass = AConsumableItem::StaticClass();
 	PickupClass   = APickup::StaticClass();
@@ -291,22 +296,49 @@ void AWolfCharacter::HandleDeath()
 void AWolfCharacter::DropLoot()
 {
 	UWorld* World = GetWorld();
-	const FVector Loc = GetActorLocation();
+	if (!World)
+	{
+		return;
+	}
 	const float Money = FMath::RoundToFloat(FMath::FRandRange(LootMoneyMin, LootMoneyMax));
 
-	// КВЕСТОВЫЙ ДРОП (Фаза 5): «Шкура волка» гарантированно (dropChance=1.0) + деньги.
-	// Имя задаётся ЯВНО на проспавненном экземпляре (APickup::DropLoot -> DroppedItem->ItemName),
-	// поэтому в логе подбора волчьего лута читается name 'Шкура волка', а не дефолт класса.
-	//
-	// БАГ QA (исправлено): раньше волк ронял ВТОРОЙ, безымянный generic-consumable пикап
-	// вплотную к шкуре. Под force-drop (U) спавнились ОБА, и при подборе ближайшего игрок
-	// часто брал безымянный generic ('Canned Food'-подобный), а не шкуру. Шкура — единственный
-	// предмет-лут волка (тематично, GDD §7.8): второй generic-дроп убран, шкура детерминирована.
-	APickup::DropLoot(World, Loc, Money,
-		QuestLootItemClass, /*ItemDropChance=*/1.0f, PickupClass, QuestLootItemName,
-		QuestLootItemText);
+	// КВЕСТОВЫЙ ДРОП (Фаза 5): «Шкура волка» гарантированно + деньги. Build 1.2.1 (ТЗ А1):
+	// мешок-пикап убран — шкура и деньги остаются В ТРУПЕ (CorpseLoot), игрок забирает их
+	// окном обыска. Имя/название задаются ЯВНО на экземпляре (класс AQuestItem общий на
+	// шкуру и ноутбук — конструктор различить их не может).
+	TArray<AMasterInventoryItem*> Loot;
+	if (QuestLootItemClass)
+	{
+		FActorSpawnParameters Sp;
+		Sp.Owner = this;
+		Sp.SpawnCollisionHandlingOverride = ESpawnActorCollisionHandlingMethod::AlwaysSpawn;
+
+		AMasterInventoryItem* Pelt = World->SpawnActor<AMasterInventoryItem>(
+			QuestLootItemClass, GetActorLocation(), FRotator::ZeroRotator, Sp);
+		if (Pelt)
+		{
+			// Предмет лута — данные рюкзака, не объект сцены (как в APickup::DropLoot).
+			Pelt->SetActorHiddenInGame(true);
+			Pelt->SetActorEnableCollision(false);
+			Pelt->ItemName = QuestLootItemName;
+			Pelt->ItemDisplayText = QuestLootItemText;
+			Loot.Add(Pelt);
+		}
+	}
+
+	if (CorpseLoot)
+	{
+		CorpseLoot->InitLoot(Money, Loot);
+	}
+	else
+	{
+		for (AMasterInventoryItem* It : Loot)
+		{
+			if (IsValid(It)) { It->Destroy(); }
+		}
+	}
 
 	FQADebug::QA(World, FString::Printf(
-		TEXT("QA: wolf loot = '%s' (guaranteed, money=%.0f)"), *QuestLootItemName, Money),
+		TEXT("QA: wolf loot = '%s' (guaranteed, money=%.0f) -> corpse"), *QuestLootItemName, Money),
 		/*bScreen=*/true);
 }
diff --git a/Source/ContrarySurvivor/Characters/WolfCharacter.h b/Source/ContrarySurvivor/Characters/WolfCharacter.h
index 51ac463..152e30e 100644
--- a/Source/ContrarySurvivor/Characters/WolfCharacter.h
+++ b/Source/ContrarySurvivor/Characters/WolfCharacter.h
@@ -7,6 +7,7 @@
 #include "WolfCharacter.generated.h"
 
 class UStatsComponent;
+class UCorpseLootComponent;
 class UAnimSequence;
 class AMasterInventoryItem;
 class APickup;
@@ -95,9 +96,17 @@ protected:
 	UPROPERTY(EditAnywhere, BlueprintReadOnly, Category = "Movement", meta = (DisplayPriority = "4"))
 	float SpeedMultiplierVsBandit = 1.3f;
 
-	// Через сколько секунд после смерти убрать тело.
-	UPROPERTY(EditAnywhere, BlueprintReadOnly, Category = "Death", meta = (DisplayPriority = "5"))
-	float CorpseLifeSpan = 5.0f;
+	// Через сколько секунд после смерти убрать тело. Build 1.2.1 (ТЗ А1): труп теперь
+	// ОБЫСКИВАЕТСЯ (шкура/деньги внутри), поэтому лежит дольше — дефолт 60 с (было 5).
+	// Не обысканный остаток исчезает вместе с трупом.
+	UPROPERTY(EditAnywhere, BlueprintReadWrite, Category = "Death", meta = (ClampMin = "1.0", DisplayPriority = "5"))
+	float CorpseLifeSpan = 60.0f;
+
+	// Контейнер лута трупа (Build 1.2.1, ТЗ А1): смерть кладёт шкуру и деньги СЮДА
+	// (мешок-пикап убран), игрок забирает через окно обыска «Обыскать [E]».
+	// Живёт в мастер-классе волка — BP-наследники получают механизм автоматически.
+	UPROPERTY(VisibleAnywhere, BlueprintReadOnly, Category = "Loot")
+	UCorpseLootComponent* CorpseLoot;
 
 	// --- Лут при смерти (GDD §7.8). Волк DRAFT: деньги 5-15, ниже шанс предмета, чем у бандита. ---
 	UPROPERTY(EditAnywhere, BlueprintReadOnly, Category = "Loot", meta = (DisplayPriority = "6"))
@@ -132,7 +141,8 @@ protected:
 	UPROPERTY(EditAnywhere, BlueprintReadWrite, Category = "Loot|Quest")
 	FText QuestLootItemText = NSLOCTEXT("Items", "WolfPelt", "Шкура волка");
 
-	// Спавнит лут (деньги + шанс предмета) в позиции трупа.
+	// Кладёт лут (гарантированную шкуру + деньги) В ТРУП (CorpseLoot) — Build 1.2.1,
+	// ТЗ А1: мешок-пикап с трупов убран. Вызывается из HandleDeath.
 	void DropLoot();
 
 	// --- Капсула коллизии волка (квадрупед). DRAFT ---
diff --git a/Source/ContrarySurvivor/Components/CorpseLootComponent.cpp b/Source/ContrarySurvivor/Components/CorpseLootComponent.cpp
new file mode 100644
index 0000000..e5abaf5
--- /dev/null
+++ b/Source/ContrarySurvivor/Components/CorpseLootComponent.cpp
@@ -0,0 +1,108 @@
+// Fill out your copyright notice in the Description page of Project Settings.
+
+#include "CorpseLootComponent.h"
+#include "ContrarySurvivor/ContrarySurvivor.h" // LogQA
+#include "AMasterInventoryItem.h"
+
+TArray<TWeakObjectPtr<UCorpseLootComponent>> UCorpseLootComponent::SearchableCorpses;
+
+UCorpseLootComponent::UCorpseLootComponent()
+{
+	// Контейнер реактивен (Init/Take), тикать нечему.
+	PrimaryComponentTick.bCanEverTick = false;
+}
+
+void UCorpseLootComponent::InitLoot(float InMoney, const TArray<AMasterInventoryItem*>& InItems)
+{
+	Money = FMath::Max(0.0f, InMoney);
+
+	Items.Reset();
+	for (AMasterInventoryItem* Item : InItems)
+	{
+		if (IsValid(Item))
+		{
+			Items.Add(Item);
+		}
+	}
+
+	// Регистрация в реестре обыскиваемых + попутная чистка отмерших слабых ссылок
+	// (трупы исчезают по таймеру — не копим пустые записи между волнами врагов).
+	SearchableCorpses.RemoveAll([](const TWeakObjectPtr<UCorpseLootComponent>& Ptr)
+	{
+		return !Ptr.IsValid();
+	});
+	SearchableCorpses.AddUnique(this);
+
+	UE_LOG(LogQA, Display, TEXT("QA: CORPSE loot init on '%s' - money=%.0f items=%d"),
+		*GetNameSafe(GetOwner()), Money, Items.Num());
+}
+
+bool UCorpseLootComponent::HasLoot() const
+{
+	if (Money > 0.0f)
+	{
+		return true;
+	}
+	for (const TObjectPtr<AMasterInventoryItem>& Item : Items)
+	{
+		if (IsValid(Item))
+		{
+			return true;
+		}
+	}
+	return false;
+}
+
+TArray<AMasterInventoryItem*> UCorpseLootComponent::GetLootItems() const
+{
+	TArray<AMasterInventoryItem*> Result;
+	for (const TObjectPtr<AMasterInventoryItem>& Item : Items)
+	{
+		if (IsValid(Item))
+		{
+			Result.Add(Item);
+		}
+	}
+	return Result;
+}
+
+float UCorpseLootComponent::TakeMoney()
+{
+	const float Taken = Money;
+	Money = 0.0f;
+	if (Taken > 0.0f)
+	{
+		UE_LOG(LogQA, Display, TEXT("QA: CORPSE take money %.0f from '%s' (left: items=%d)"),
+			Taken, *GetNameSafe(GetOwner()), GetLootItems().Num());
+	}
+	return Taken;
+}
+
+bool UCorpseLootComponent::TakeItem(AMasterInventoryItem* Item)
+{
+	if (!Item || Items.Remove(Item) == 0)
+	{
+		return false;
+	}
+	UE_LOG(LogQA, Display, TEXT("QA: CORPSE take item '%s' from '%s' (left: money=%.0f items=%d)"),
+		*Item->ItemName, *GetNameSafe(GetOwner()), Money, GetLootItems().Num());
+	return true;
+}
+
+void UCorpseLootComponent::EndPlay(const EEndPlayReason::Type EndPlayReason)
+{
+	SearchableCorpses.Remove(this);
+
+	// Не забранные предметы уничтожаем вместе с трупом — скрытые акторы-данные не должны
+	// висеть в мире без носителя (тот же принцип, что фолбэк в AEnemyCharacter::DropLoot).
+	for (const TObjectPtr<AMasterInventoryItem>& Item : Items)
+	{
+		if (IsValid(Item))
+		{
+			Item->Destroy();
+		}
+	}
+	Items.Reset();
+
+	Super::EndPlay(EndPlayReason);
+}
diff --git a/Source/ContrarySurvivor/Components/CorpseLootComponent.h b/Source/ContrarySurvivor/Components/CorpseLootComponent.h
new file mode 100644
index 0000000..df250eb
--- /dev/null
+++ b/Source/ContrarySurvivor/Components/CorpseLootComponent.h
@@ -0,0 +1,79 @@
+// Fill out your copyright notice in the Description page of Project Settings.
+
+#pragma once
+
+#include "CoreMinimal.h"
+#include "Components/ActorComponent.h"
+#include "CorpseLootComponent.generated.h"
+
+class AMasterInventoryItem;
+
+/**
+ * Контейнер лута ТРУПА врага (Build 1.2.1, ТЗ А1 «Обыск трупов»).
+ *
+ * При смерти враг больше не роняет мешок-пикап: деньги и предметы складываются СЮДА
+ * (InitLoot из HandleDeath/DropLoot), труп становится «обыскиваемым» — контроллер
+ * показывает подсказку «Обыскать [E]» и по E открывает окно UCorpseLootWidget.
+ * Частичный обыск штатен: забранное уходит игроку, остаток живёт в компоненте до
+ * исчезновения трупа (SetLifeSpan владельца, CorpseLifeSpan врага).
+ *
+ * Компонент создаётся в КОНСТРУКТОРАХ мастер-классов врагов (AEnemyCharacter,
+ * AWolfCharacter) — BP-наследники получают механизм автоматически (ТЗ А1). Мешок
+ * смерти ИГРОКА остаётся пикапом как есть — на игроке этого компонента нет.
+ *
+ * Находимость для контроллера — статический реестр «обыскиваемых трупов» (паттерн
+ * AEnemyAIController::GetActiveControllers): регистрация в InitLoot (труп появился),
+ * снятие в EndPlay (труп исчез по таймеру / конец мира). Предметы-лут — скрытые
+ * акторы-данные (как в APickup::InitLootBag); не забранные к EndPlay уничтожаются.
+ */
+UCLASS(ClassGroup=(Custom), meta=(BlueprintSpawnableComponent))
+class CONTRARYSURVIVOR_API UCorpseLootComponent : public UActorComponent
+{
+	GENERATED_BODY()
+
+public:
+	UCorpseLootComponent();
+
+	// Положить лут в труп (зовётся ОДИН раз из HandleDeath врага). Регистрирует труп
+	// в реестре обыскиваемых. Items — скрытые акторы-данные (владение переходит сюда).
+	void InitLoot(float InMoney, const TArray<AMasterInventoryItem*>& InItems);
+
+	// Есть ли что забирать (деньги или хоть один живой предмет).
+	UFUNCTION(BlueprintPure, Category = "CorpseLoot")
+	bool HasLoot() const;
+
+	UFUNCTION(BlueprintPure, Category = "CorpseLoot")
+	float GetMoney() const { return Money; }
+
+	// Живые (валидные) предметы трупа — для списка окна обыска.
+	TArray<AMasterInventoryItem*> GetLootItems() const;
+
+	// Забрать деньги: возвращает сумму и обнуляет её в трупе.
+	float TakeMoney();
+
+	// Забрать предмет: убирает его из списка трупа (true — предмет был здесь).
+	// Сам актор НЕ уничтожается — его дальше несёт инвентарь игрока.
+	bool TakeItem(AMasterInventoryItem* Item);
+
+	// Реестр обыскиваемых трупов (для UpdateNearbyInteractable контроллера).
+	// Слабые ссылки: труп исчезает по таймеру — запись отмирает сама, но чистим в EndPlay.
+	static const TArray<TWeakObjectPtr<UCorpseLootComponent>>& GetSearchableCorpses()
+	{
+		return SearchableCorpses;
+	}
+
+protected:
+	// Труп исчез (LifeSpan/конец мира): снять с реестра, уничтожить не забранные предметы.
+	virtual void EndPlay(const EEndPlayReason::Type EndPlayReason) override;
+
+private:
+	// Деньги в трупе (забираются одной кнопкой строки «Деньги»).
+	UPROPERTY(VisibleAnywhere, BlueprintReadOnly, Category = "CorpseLoot", meta = (AllowPrivateAccess = "true"))
+	float Money = 0.0f;
+
+	// Предметы в трупе (скрытые акторы-данные; UPROPERTY — защита от GC до забора).
+	UPROPERTY(VisibleAnywhere, BlueprintReadOnly, Category = "CorpseLoot", meta = (AllowPrivateAccess = "true"))
+	TArray<TObjectPtr<AMasterInventoryItem>> Items;
+
+	static TArray<TWeakObjectPtr<UCorpseLootComponent>> SearchableCorpses;
+};
diff --git a/Source/ContrarySurvivor/Components/QuestComponent.cpp b/Source/ContrarySurvivor/Components/QuestComponent.cpp
index f0a2638..fef8fc3 100644
--- a/Source/ContrarySurvivor/Components/QuestComponent.cpp
+++ b/Source/ContrarySurvivor/Components/QuestComponent.cpp
@@ -197,13 +197,15 @@ void UQuestComponent::SyncInventoryQuests(UInventoryComponent* Inventory)
 			continue;
 		}
 
-		// Считаем предметы рюкзака с нужным именем (регистр учитывается; имена задаём детерминированно).
+		// Считаем предметы рюкзака с нужным именем (регистр учитывается; имена задаём
+		// детерминированно). Build 1.2.1 (ТЗ Г): стак считается ПО ШТУКАМ — «Шкура волка» x3
+		// в одном акторе засчитывает 3 (Max(1,...): нестакаемый актор = 1, как раньше).
 		int32 Count = 0;
 		for (const AMasterInventoryItem* Item : Inventory->GetInventoryItems())
 		{
 			if (Item && Item->ItemName.Equals(Q.RequiredItemName, ESearchCase::CaseSensitive))
 			{
-				++Count;
+				Count += FMath::Max(1, Item->GetStackCount());
 			}
 		}
 
@@ -245,24 +247,42 @@ bool UQuestComponent::TurnInQuest(FName QuestId)
 			return false;
 		}
 
-		// Собираем нужное число предметов с совпадающим именем.
-		TArray<AMasterInventoryItem*> ToRemove;
+		// Собираем предметы с совпадающим именем НА НУЖНОЕ ЧИСЛО ШТУК. Build 1.2.1 (ТЗ Г):
+		// предмет может быть стаком — с актора берём до GetStackCount() штук; если стак
+		// больше остатка требования, изымаем ЧАСТИЧНО (уменьшаем счётчик, актор живёт).
+		TArray<AMasterInventoryItem*> ToRemove;   // акторы, уходящие целиком
+		AMasterInventoryItem* PartialFrom = nullptr; // стак, из которого берём часть
+		int32 PartialTake = 0;
+		int32 Collected = 0;
 		for (AMasterInventoryItem* Item : Inv->GetInventoryItems())
 		{
-			if (Item && Item->ItemName.Equals(Q->RequiredItemName, ESearchCase::CaseSensitive))
+			if (Collected >= Q->RequiredItemCount)
+			{
+				break;
+			}
+			if (!Item || !Item->ItemName.Equals(Q->RequiredItemName, ESearchCase::CaseSensitive))
+			{
+				continue;
+			}
+			const int32 Available = FMath::Max(1, Item->GetStackCount());
+			const int32 Need = Q->RequiredItemCount - Collected;
+			if (Available <= Need)
 			{
 				ToRemove.Add(Item);
-				if (ToRemove.Num() >= Q->RequiredItemCount)
-				{
-					break;
-				}
+				Collected += Available;
+			}
+			else
+			{
+				PartialFrom = Item;
+				PartialTake = Need;
+				Collected += Need;
 			}
 		}
 
-		if (ToRemove.Num() < Q->RequiredItemCount)
+		if (Collected < Q->RequiredItemCount)
 		{
 			UE_LOG(LogQA, Display, TEXT("QA: turn-in FAILED (%s) - need %d '%s', have %d"),
-				*Q->QuestId.ToString(), Q->RequiredItemCount, *Q->RequiredItemName, ToRemove.Num());
+				*Q->QuestId.ToString(), Q->RequiredItemCount, *Q->RequiredItemName, Collected);
 			return false;
 		}
 
@@ -274,6 +294,10 @@ bool UQuestComponent::TurnInQuest(FName QuestId)
 				Item->Destroy();
 			}
 		}
+		if (PartialFrom && PartialTake > 0)
+		{
+			PartialFrom->StackCount = FMath::Max(0, PartialFrom->StackCount - PartialTake);
+		}
 		UE_LOG(LogQA, Display, TEXT("QA: turn-in took %d x '%s' from backpack (%s)"),
 			Q->RequiredItemCount, *Q->RequiredItemName, *Q->QuestId.ToString());
 	}
diff --git a/Source/ContrarySurvivor/Controllers/ContrarySurvivorPlayerController.cpp b/Source/ContrarySurvivor/Controllers/ContrarySurvivorPlayerController.cpp
index 68eedcf..9e5c06c 100644
--- a/Source/ContrarySurvivor/Controllers/ContrarySurvivorPlayerController.cpp
+++ b/Source/ContrarySurvivor/Controllers/ContrarySurvivorPlayerController.cpp
@@ -24,6 +24,7 @@
 #include "ContrarySurvivor/Actors/ShopVendor.h"         // IShopVendor / UShopVendor (вендор магазина, A2)
 #include "ContrarySurvivor/Actors/ElderNPC.h"           // Фаза 5: староста (диалог/квест)
 #include "ContrarySurvivor/Components/QuestComponent.h"  // Фаза 5: журнал квестов игрока
+#include "ContrarySurvivor/Components/CorpseLootComponent.h" // Build 1.2.1 (А1): обыск трупов
 #include "ContrarySurvivor/Actors/Pickup.h"
 #include "ContrarySurvivor/Characters/WolfCharacter.h"   // QA: спавн тест-волка (клавиша B)
 #include "ContrarySurvivor/Subsystems/SpawnPlacementUtils.h" // QA: трасса до пола (телепорт V)
@@ -353,6 +354,13 @@ void AContrarySurvivorPlayerController::OnTogglePauseMenu()
 	{
 		return;
 	}
+	// Build 1.2.1 (ТЗ А1): Esc при открытом окне обыска трупа ЗАКРЫВАЕТ его (требование
+	// «закрытие Esc/крестик»), а не открывает меню паузы поверх.
+	if (bCorpseLootOpen)
+	{
+		CloseCorpseLoot();
+		return;
+	}
 	if (bPauseMenuOpen)
 	{
 		ClosePauseMenu();
@@ -1373,10 +1381,11 @@ void AContrarySurvivorPlayerController::CloseDialog()
 
 void AContrarySurvivorPlayerController::CloseAllUI()
 {
-	// Магазин/диалог/меню паузы: их Close* сами синхронизируют состояние и возвращают режим
-	// ввода в Game (early-return, если окно не открыто).
+	// Магазин/диалог/обыск трупа/меню паузы: их Close* сами синхронизируют состояние и
+	// возвращают режим ввода в Game (early-return, если окно не открыто).
 	CloseShop();
 	CloseDialog();
+	CloseCorpseLoot();
 	ClosePauseMenu();
 
 	// Инвентарь: сбрасываем флаг, синхронизируем HUD и режим ввода (как ветка «закрыто» в OnToggleInventory).
@@ -1418,6 +1427,13 @@ void AContrarySurvivorPlayerController::OnInteract()
 		return;
 	}
 
+	// Открытое окно обыска трупа закрываем тем же E (Build 1.2.1, как магазин).
+	if (bCorpseLootOpen)
+	{
+		CloseCorpseLoot();
+		return;
+	}
+
 	// Контекстный interact (решение Рината/game-lead): действуем по БЛИЖАЙШЕМУ интерактиву,
 	// выбранному в Tick (UpdateNearbyInteractable). Пикап -> подобрать, торговец -> магазин,
 	// староста -> диалог.
@@ -1453,6 +1469,19 @@ void AContrarySurvivorPlayerController::OnInteract()
 			}
 			break;
 		}
+		case EInteractKind::Corpse:
+		{
+			// Build 1.2.1 (ТЗ А1): труп врага с лутом — открываем окно обыска.
+			if (CurrentInteractActor)
+			{
+				if (UCorpseLootComponent* Corpse =
+					CurrentInteractActor->FindComponentByClass<UCorpseLootComponent>())
+				{
+					OpenCorpseLoot(Corpse);
+				}
+			}
+			break;
+		}
 		default:
 			UE_LOG(LogTemp, Log, TEXT("Interact: nothing nearby"));
 			break;
@@ -1503,6 +1532,51 @@ void AContrarySurvivorPlayerController::CloseShop()
 	UE_LOG(LogTemp, Log, TEXT("Shop CLOSED"));
 }
 
+void AContrarySurvivorPlayerController::OpenCorpseLoot(UCorpseLootComponent* Corpse)
+{
+	// Build 1.2.1 (ТЗ А1): окно обыска трупа — модалка по образцу OpenShop.
+	if (!Corpse || bCorpseLootOpen)
+	{
+		return;
+	}
+
+	bCorpseLootOpen = true;
+	bUIClickConsumed = false;
+
+	if (AContrarySurvivorHUD* CSHUD = GetHUD<AContrarySurvivorHUD>())
+	{
+		CSHUD->SetCorpseLootOpen(true, Corpse);
+	}
+
+	FInputModeGameAndUI Mode;
+	Mode.SetLockMouseToViewportBehavior(EMouseLockMode::DoNotLock);
+	Mode.SetHideCursorDuringCapture(false);
+	SetInputMode(Mode);
+	bShowMouseCursor = true;
+
+	UE_LOG(LogQA, Display, TEXT("QA: CORPSE loot window OPEN ('%s')"),
+		*GetNameSafe(Corpse->GetOwner()));
+}
+
+void AContrarySurvivorPlayerController::CloseCorpseLoot()
+{
+	if (!bCorpseLootOpen)
+	{
+		return;
+	}
+	bCorpseLootOpen = false;
+	bUIClickConsumed = false;
+
+	if (AContrarySurvivorHUD* CSHUD = GetHUD<AContrarySurvivorHUD>())
+	{
+		CSHUD->SetCorpseLootOpen(false, nullptr);
+	}
+
+	SetInputMode(FInputModeGameOnly());
+	bShowMouseCursor = true;
+	UE_LOG(LogQA, Display, TEXT("QA: CORPSE loot window CLOSED"));
+}
+
 void AContrarySurvivorPlayerController::OnToggleInventory()
 {
 	bInventoryOpen = !bInventoryOpen;
@@ -1922,7 +1996,7 @@ void AContrarySurvivorPlayerController::UpdateNearbyInteractable()
 	CurrentInteractKind = EInteractKind::None;
 
 	// Пока открыт модальный экран (вкл. экран смерти) — подсказку не предлагаем.
-	if (bInventoryOpen || bShopOpen || bDialogOpen || bDeathScreen)
+	if (bInventoryOpen || bShopOpen || bDialogOpen || bCorpseLootOpen || bDeathScreen)
 	{
 		return;
 	}
@@ -1977,6 +2051,27 @@ void AContrarySurvivorPlayerController::UpdateNearbyInteractable()
 		}
 	}
 
+	// Трупы врагов с лутом (Build 1.2.1, ТЗ А1): реестр обыскиваемых вместо перебора
+	// всех акторов мира. Полностью обысканный труп (HasLoot()=false) подсказку не даёт,
+	// хотя лежит до таймера. Дистанция — та же InteractRange, конкуренция честная.
+	for (const TWeakObjectPtr<UCorpseLootComponent>& Ptr : UCorpseLootComponent::GetSearchableCorpses())
+	{
+		UCorpseLootComponent* Corpse = Ptr.Get();
+		AActor* CorpseOwner = Corpse ? Corpse->GetOwner() : nullptr;
+		if (!Corpse || !IsValid(CorpseOwner) || Corpse->GetWorld() != World || !Corpse->HasLoot())
+		{
+			continue;
+		}
+
+		const float DistSq = FVector::DistSquared(Loc, CorpseOwner->GetActorLocation());
+		if (DistSq <= RangeSq && DistSq < BestDistSq)
+		{
+			BestDistSq = DistSq;
+			CurrentInteractActor = CorpseOwner;
+			CurrentInteractKind = EInteractKind::Corpse;
+		}
+	}
+
 	// Этап F (онбординг): первый доступный подбор — подсказка «Нажми E...». Зовётся каждый
 	// тик, но TryShowHint проверяет флаг в памяти и после первого показа — no-op.
 	if (CurrentInteractKind == EInteractKind::Pickup)
@@ -2003,6 +2098,7 @@ FText AContrarySurvivorPlayerController::GetInteractPromptDisplayText() const
 		case EInteractKind::Pickup: return bTouch ? InteractPromptPickupTouch : InteractPromptPickup;
 		case EInteractKind::Trader: return bTouch ? InteractPromptTraderTouch : InteractPromptTrader;
 		case EInteractKind::Elder:  return bTouch ? InteractPromptElderTouch : InteractPromptElder;
+		case EInteractKind::Corpse: return bTouch ? InteractPromptCorpseTouch : InteractPromptCorpse;
 		default:                    return FText::GetEmpty();
 	}
 }
@@ -2049,10 +2145,10 @@ void AContrarySurvivorPlayerController::OnSwitchWeapon()
 
 void AContrarySurvivorPlayerController::Move(const FInputActionValue& Value)
 {
-	// Пока открыт инвентарь/магазин/диалог/экран смерти/меню паузы ИЛИ идёт авто-подход интро —
-	// движение игрока подавлено. Гейт общий для WASD и тач-стика (инжекция стика идёт тем же
-	// MoveAction). Во время интро персонажа ведёт авто-подход (UpdateIntro), не игрок.
-	if (bInventoryOpen || bShopOpen || bDialogOpen || bDeathScreen || bPauseMenuOpen || bIntroInputLocked)
+	// Пока открыт инвентарь/магазин/диалог/обыск трупа/экран смерти/меню паузы ИЛИ идёт
+	// авто-подход интро — движение игрока подавлено. Гейт общий для WASD и тач-стика
+	// (инжекция стика идёт тем же MoveAction). Во время интро персонажа ведёт авто-подход.
+	if (bInventoryOpen || bShopOpen || bDialogOpen || bCorpseLootOpen || bDeathScreen || bPauseMenuOpen || bIntroInputLocked)
 	{
 		return;
 	}
@@ -2183,6 +2279,13 @@ void AContrarySurvivorPlayerController::Fire(const FInputActionValue& Value)
 		return;
 	}
 
+	// Окно обыска трупа (Build 1.2.1): клики обрабатывают Slate-кнопки самого окна
+	// (UMG-виджет), стрельбу глушим целиком — как у прочих модалок.
+	if (bCorpseLootOpen)
+	{
+		return;
+	}
+
 	// Если открыт диалог — клик уходит в UI диалога (выбор ответа), не в стрельбу. EDGE-схема.
 	if (bDialogOpen)
 	{
diff --git a/Source/ContrarySurvivor/Controllers/ContrarySurvivorPlayerController.h b/Source/ContrarySurvivor/Controllers/ContrarySurvivorPlayerController.h
index aea7734..8880b30 100644
--- a/Source/ContrarySurvivor/Controllers/ContrarySurvivorPlayerController.h
+++ b/Source/ContrarySurvivor/Controllers/ContrarySurvivorPlayerController.h
@@ -35,13 +35,15 @@ enum class EIntroPhase : uint8
 };
 
 // Тип ближайшего контекстного интерактива (клавиша E, Фаза 4 — решение Рината/game-lead):
-// E выбирает БЛИЖАЙШИЙ интерактив. Пикап -> подобрать, торговец -> магазин, староста -> диалог.
+// E выбирает БЛИЖАЙШИЙ интерактив. Пикап -> подобрать, торговец -> магазин, староста -> диалог,
+// труп врага с лутом -> окно обыска (Build 1.2.1, ТЗ А1).
 enum class EInteractKind : uint8
 {
 	None,
 	Pickup,
 	Trader,
-	Elder
+	Elder,
+	Corpse
 };
 
 UCLASS()
@@ -76,6 +78,16 @@ public:
 	UFUNCTION(BlueprintCallable, Category = "Dialog")
 	void CloseDialog();
 
+	// --- Обыск трупа (Build 1.2.1, ТЗ А1) — вызывается OnInteract (E у трупа) и HUD ---
+
+	// Открыть окно обыска трупа (контейнер лута — на трупе врага).
+	UFUNCTION(BlueprintCallable, Category = "CorpseLoot")
+	void OpenCorpseLoot(class UCorpseLootComponent* Corpse);
+
+	// Закрыть окно обыска (крестик / Esc / повторное E / труп исчез по таймеру).
+	UFUNCTION(BlueprintCallable, Category = "CorpseLoot")
+	void CloseCorpseLoot();
+
 	// Закрыть ВСЕ открытые модальные окна (инвентарь/магазин/диалог) и вернуть режим ввода
 	// в Game. Вызывается при смерти игрока (APlayerCharacter::HandleDeath), чтобы UI не
 	// «зависал» открытым после респауна.
@@ -107,10 +119,10 @@ public:
 
 	// --- Этап F: онбординг/окно ежедневки ---
 
-	// Открыт ли какой-либо модальный экран (инвентарь/магазин/диалог/экран смерти/меню паузы).
-	// Нужно UDailyRewardComponent: возвращать GameOnly после окна награды можно только
-	// если игрок не успел открыть другую модалку.
-	bool IsAnyModalUIOpen() const { return bInventoryOpen || bShopOpen || bDialogOpen || bDeathScreen || bPauseMenuOpen; }
+	// Открыт ли какой-либо модальный экран (инвентарь/магазин/диалог/обыск трупа/экран
+	// смерти/меню паузы). Нужно UDailyRewardComponent: возвращать GameOnly после окна
+	// награды можно только если игрок не успел открыть другую модалку.
+	bool IsAnyModalUIOpen() const { return bInventoryOpen || bShopOpen || bDialogOpen || bCorpseLootOpen || bDeathScreen || bPauseMenuOpen; }
 
 	// Подавлен ли сейчас ввод движения интро-последовательностью (чёрный экран строк /
 	// авто-подход к деревне). Нужно индикатору хромоты (Build 1): разовая расшифровка
@@ -316,6 +328,13 @@ protected:
 	UPROPERTY(EditAnywhere, BlueprintReadWrite, Category = "Interact", meta = (DisplayPriority = "6"))
 	FText InteractPromptElderTouch = NSLOCTEXT("ContrarySurvivorPlayerController", "InteractPromptElderTouch", "Поговорить");
 
+	// Build 1.2.1 (ТЗ А1): подсказка у трупа врага с лутом — «Обыскать [E]».
+	UPROPERTY(EditAnywhere, BlueprintReadWrite, Category = "Interact", meta = (DisplayPriority = "7"))
+	FText InteractPromptCorpse = NSLOCTEXT("ContrarySurvivorPlayerController", "InteractPromptCorpse", "E — обыскать");
+
+	UPROPERTY(EditAnywhere, BlueprintReadWrite, Category = "Interact", meta = (DisplayPriority = "8"))
+	FText InteractPromptCorpseTouch = NSLOCTEXT("ContrarySurvivorPlayerController", "InteractPromptCorpseTouch", "Обыскать");
+
 	// --- Интро (Build 1, ТЗ издателя раздел 2). Тексты дословно из ТЗ; тюнинг длительностей —
 	// Ринату. Тексты видит игрок → FText/NSLOCTEXT (ADR-050). ---
 
@@ -650,6 +669,10 @@ private:
 	// Открыт ли экран диалога (модальный, как магазин): клик уходит в диалог, движение подавлено.
 	bool bDialogOpen = false;
 
+	// Открыто ли окно обыска трупа (Build 1.2.1, ТЗ А1; модальное, как магазин): клики
+	// обрабатывают Slate-кнопки окна, движение подавлено. Источник — OpenCorpseLoot/CloseCorpseLoot.
+	bool bCorpseLootOpen = false;
+
 	// Открыт ли экран смерти (#26): геймплей-ввод (движение/огонь/интеракт) подавлен,
 	// клик уходит в кнопку «Возродиться». Источник — ShowDeathScreen/HideDeathScreen.
 	bool bDeathScreen = false;
diff --git a/Source/ContrarySurvivor/HUD/ContrarySurvivorHUD.cpp b/Source/ContrarySurvivor/HUD/ContrarySurvivorHUD.cpp
index 33e6aa1..0bbab77 100644
--- a/Source/ContrarySurvivor/HUD/ContrarySurvivorHUD.cpp
+++ b/Source/ContrarySurvivor/HUD/ContrarySurvivorHUD.cpp
@@ -19,6 +19,8 @@
 #include "ContrarySurvivor/UI/PlayerStatsWidget.h"     // ADR-048: постоянная панель статов
 #include "ContrarySurvivor/UI/QuestTrackerWidget.h"    // ADR-048: постоянный трекер квеста
 #include "ContrarySurvivor/UI/InteractPromptWidget.h"  // ADR-048: постоянная подсказка E
+#include "ContrarySurvivor/UI/CorpseLootWidget.h"      // Build 1.2.1 (А1): окно обыска трупа
+#include "ContrarySurvivor/Components/CorpseLootComponent.h" // Build 1.2.1 (А1): контейнер лута трупа
 #include "AArmor.h"               // EArmorSlot, AArmor
 #include "AMasterInventoryItem.h" // EItemCategory, ItemName
 #include "AMasterWeapon.h"        // GetCurrentWeapon display
@@ -34,6 +36,18 @@
 #include "ContrarySurvivor/UI/EndOfStoryWidget.h"   // плашка конца сюжета (Build 1.2)
 #include "Engine/Texture2D.h" // иконки слотов брони (ADR-043)
 #include "TimerManager.h"     // таймер задержки сообщения конца сюжета
+#include "UObject/ConstructorHelpers.h" // Д2: мягкий FClassFinder WBP_EndOfStory
+
+AContrarySurvivorHUD::AContrarySurvivorHUD()
+{
+	// Build 1.2.1 (Д2): плашка конца сюжета — WBP_EndOfStory, если ассет уже на диске
+	// (генерируется cpp-2 отдельным шагом); нет — мягкий фолбэк на кодовый класс, плашка
+	// работает как раньше. Образец — PickupBP в конструкторе APlayerCharacter.
+	static ConstructorHelpers::FClassFinder<UEndOfStoryWidget> EndOfStoryBP(TEXT("/Game/UI/WBP_EndOfStory"));
+	EndOfStoryWidgetClass = EndOfStoryBP.Succeeded()
+		? TSubclassOf<UEndOfStoryWidget>(EndOfStoryBP.Class)
+		: TSubclassOf<UEndOfStoryWidget>(UEndOfStoryWidget::StaticClass());
+}
 
 void AContrarySurvivorHUD::BeginPlay()
 {
@@ -624,7 +638,13 @@ void AContrarySurvivorHUD::DrawInventory(APlayerCharacter* Player)
 				default:                        ActionHint = TEXT("");             break;
 			}
 
-			const FString Name = Item->ItemName.IsEmpty() ? Item->GetName() : Item->ItemName;
+			// Build 1.2.1 (стаки): у стака >1 к названию добавляется количество («Тушёнка x5»),
+			// как в UMG-пути (InventoryScreenWidget::StackNameFormat).
+			FString Name = Item->ItemName.IsEmpty() ? Item->GetName() : Item->ItemName;
+			if (Item->GetStackCount() > 1)
+			{
+				Name = FString::Printf(TEXT("%s x%d"), *Name, Item->GetStackCount());
+			}
 			const FString Label = ActionHint.IsEmpty()
 				? Name
 				: FString::Printf(TEXT("%s  [%s]"), *Name, *ActionHint);
@@ -724,6 +744,63 @@ bool AContrarySurvivorHUD::IsUmgShopActive() const
 	return ShopWidgetInstance && ShopWidgetInstance->IsInViewport();
 }
 
+void AContrarySurvivorHUD::SetCorpseLootOpen(bool bOpen, UCorpseLootComponent* Corpse)
+{
+	// Build 1.2.1 (ТЗ А1): окно обыска трупа. Canvas-пути нет: пустой слот класса —
+	// создаём прямо из C++-класса (кодовое дерево-фолбэк UCorpseLootWidget).
+	if (bOpen && Corpse)
+	{
+		APlayerController* PC = GetOwningPlayerController();
+		APlayerCharacter* PlayerChar = PC ? Cast<APlayerCharacter>(PC->GetPawn()) : nullptr;
+		if (!PC || !PlayerChar)
+		{
+			return;
+		}
+		if (!CorpseLootWidgetInstance)
+		{
+			CorpseLootWidgetInstance = CorpseLootWidgetClass
+				? CreateWidget<UCorpseLootWidget>(PC, CorpseLootWidgetClass)
+				: CreateWidget<UCorpseLootWidget>(PC, UCorpseLootWidget::StaticClass());
+			if (CorpseLootWidgetInstance)
+			{
+				// Закрытие (крестик / труп исчез): мир и режим ввода возвращает контроллер
+				// (CloseCorpseLoot — тот же путь, что Esc). Слабая лямбда: HUD переживает
+				// контроллер при травел-переходах.
+				CorpseLootWidgetInstance->OnCloseRequested.AddWeakLambda(this, [this]()
+				{
+					if (AContrarySurvivorPlayerController* CSPC =
+						Cast<AContrarySurvivorPlayerController>(GetOwningPlayerController()))
+					{
+						CSPC->CloseCorpseLoot();
+					}
+					else
+					{
+						SetCorpseLootOpen(false, nullptr); // фолбэк без нашего контроллера
+					}
+				});
+			}
+		}
+		if (CorpseLootWidgetInstance)
+		{
+			CorpseLootWidgetInstance->InitCorpseLoot(Corpse, PlayerChar);
+			if (!CorpseLootWidgetInstance->IsInViewport())
+			{
+				// Z=30: модальные окна (магазин/диалог) — тот же слой.
+				CorpseLootWidgetInstance->AddToViewport(/*ZOrder=*/30);
+			}
+		}
+	}
+	else if (!bOpen && CorpseLootWidgetInstance && CorpseLootWidgetInstance->IsInViewport())
+	{
+		CorpseLootWidgetInstance->RemoveFromParent(); // экземпляр переиспользуется
+	}
+}
+
+bool AContrarySurvivorHUD::IsCorpseLootOpen() const
+{
+	return CorpseLootWidgetInstance && CorpseLootWidgetInstance->IsInViewport();
+}
+
 void AContrarySurvivorHUD::ScrollShopList(int32 DeltaRows)
 {
 	if (!bShopOpen || IsUmgShopActive()) // UMG-путь: прокрутку делает штатный ScrollBox
@@ -880,11 +957,17 @@ void AContrarySurvivorHUD::ArmSellSlider(APlayerCharacter* Player, AMasterInvent
 		return;
 	}
 
-	// Слайдер количества имеет смысл только для стака патронов. Прочие предметы продаём сразу.
-	AAmmoItem* Ammo = Cast<AAmmoItem>(Item);
-	if (!Ammo)
+	// Слайдер количества имеет смысл только для СТАКА (Build 1.2.1, ТЗ Г: раньше — только
+	// патроны, теперь любой стакаемый предмет: шкуры/тушёнка/аптечка). Нестакаемое продаём
+	// сразу. Цена единицы: у патронов — спец-тариф за штуку, у прочих — GetSellValue
+	// (тариф категории и есть цена ОДНОЙ штуки).
+	if (!Item->IsStackable() || Item->GetStackCount() <= 1)
 	{
-		Player->Shop_SellItem(Item, ShopTrader->GetSellValue(Item));
+		// Стак из одной штуки тоже уходит мгновенно (прежний UX Canvas-пути: панель
+		// количества ради «1 из 1» не открываем; UMG-путь ведёт себя иначе — там окно
+		// подтверждения нужно любой продаже из-за золотой кнопки).
+		Player->Shop_SellItemQty(Item, Cast<AAmmoItem>(Item)
+			? ShopTrader->GetAmmoSellPerRound() : ShopTrader->GetSellValue(Item), 1);
 		return;
 	}
 
@@ -892,10 +975,11 @@ void AContrarySurvivorHUD::ArmSellSlider(APlayerCharacter* Player, AMasterInvent
 	bSliderIsBuy = false;
 	SliderEntryIndex = -1;
 	SliderItem = Item;
-	SliderUnitPrice = ShopTrader->GetAmmoSellPerRound();
+	SliderUnitPrice = Cast<AAmmoItem>(Item)
+		? ShopTrader->GetAmmoSellPerRound() : ShopTrader->GetSellValue(Item);
 	SliderUnitAmmo = 0;
-	SliderTitle = Item->ItemName.IsEmpty() ? TEXT("Патроны 9мм") : Item->ItemName;
-	SliderQtyMax = FMath::Max(1, Ammo->StackCount);
+	SliderTitle = Item->ItemName.IsEmpty() ? Item->GetItemDisplayText().ToString() : Item->ItemName;
+	SliderQtyMax = FMath::Max(1, Item->GetStackCount());
 	SliderQty = SliderQtyMax; // по умолчанию продать всё (как в STALKER — потом крутишь вниз)
 }
 
@@ -1200,7 +1284,12 @@ void AContrarySurvivorHUD::DrawShop(APlayerCharacter* Player)
 
 		const float MainW = RightW - BtnW - 6.0f;
 		const float SellVal = ShopTrader->GetSellValue(Item);
-		const FString Name = Item->ItemName.IsEmpty() ? Item->GetName() : Item->ItemName;
+		// Build 1.2.1 (стаки): у стака >1 показываем количество («Шкура волка x3»).
+		FString Name = Item->ItemName.IsEmpty() ? Item->GetName() : Item->ItemName;
+		if (Item->GetStackCount() > 1)
+		{
+			Name = FString::Printf(TEXT("%s x%d"), *Name, Item->GetStackCount());
+		}
 		const FString Label = FString::Printf(TEXT("%s  (+%.0f)"), *Name, SellVal);
 		DrawInvBox(RightX, SellY, MainW, RowH, InvSlotColor, Mouse, Label, Font);
 
@@ -1671,8 +1760,9 @@ void AContrarySurvivorHUD::DrawIntroDirectionMarker()
 		return;
 	}
 	// Реюз системы маркеров NPC: маркер над целью + краевая стрелка, если цель за кадром.
+	// Д3: тот же зелёный тип NPC — и картинка его же (пуста — прежний ромб).
 	DrawNPCMarker(Target->GetActorLocation() + FVector(0.0f, 0.0f, QuestTargetMarkerZOffset),
-		FString(), NPCMarkerColor);
+		FString(), NPCMarkerColor, /*bEdgeArrowOnly=*/false, ResolveIcon(NPCMarkerTexture));
 }
 
 // ===========================================================================
@@ -1752,8 +1842,10 @@ void AContrarySurvivorHUD::ShowEndOfStoryMessage()
 
 	if (!EndOfStoryWidgetInstance)
 	{
-		// Виджет строится кодом, .uasset не нужен (паттерн ULimpIndicatorWidget).
-		EndOfStoryWidgetInstance = CreateWidget<UEndOfStoryWidget>(PC, UEndOfStoryWidget::StaticClass());
+		// Д2 (Build 1.2.1): класс из слота EndOfStoryWidgetClass — WBP_EndOfStory, когда
+		// ассет сгенерирован (дефолт ставит конструктор); пустой слот в BP — кодовый класс.
+		EndOfStoryWidgetInstance = CreateWidget<UEndOfStoryWidget>(PC,
+			EndOfStoryWidgetClass ? *EndOfStoryWidgetClass : UEndOfStoryWidget::StaticClass());
 	}
 	if (!EndOfStoryWidgetInstance)
 	{
@@ -2264,6 +2356,16 @@ void AContrarySurvivorHUD::DrawTargetMarker(AActor* TargetActor)
 	const float T = TargetMarkerThickness;
 	const FLinearColor C = TargetMarkerColor;
 
+	// Build 1.2.1 (ТЗ Д3): своя картинка задана — рисуем ЕЙ (квадрат 2H x 2H по центру
+	// цели, без подкраски) вместо скобок и треугольника; пуста/не загрузилась — прежние
+	// фигуры ниже. ResolveIcon кэширует и успех, и неудачу (без загрузок каждый кадр).
+	if (UTexture2D* MarkerTex = ResolveIcon(TargetMarkerTexture))
+	{
+		DrawTexture(MarkerTex, CX - H, CY - H, 2.0f * H, 2.0f * H,
+			0.0f, 0.0f, 1.0f, 1.0f);
+		return;
+	}
+
 	// Четыре угловые скобки рамки (вид «захвата цели»).
 	// Верх-левый
 	DrawLine(CX - H, CY - H, CX - H + L, CY - H, C, T);
@@ -2334,7 +2436,9 @@ void AContrarySurvivorHUD::DrawInteractiveNPCMarkers()
 		// Старый путь рисования печатает строкой; сам текст уже переводимый (ADR-050).
 		const FString Label = NPC ? NPC->GetNPCMarkerLabel().ToString() : FString();
 
-		DrawNPCMarker(Actor->GetActorLocation() + FVector(0.0f, 0.0f, ZOff), Label, NPCMarkerColor);
+		// Д3: своя картинка типа NPC (пуста — прежний ромб). Кэш загрузки — ResolveIcon.
+		DrawNPCMarker(Actor->GetActorLocation() + FVector(0.0f, 0.0f, ZOff), Label, NPCMarkerColor,
+			/*bEdgeArrowOnly=*/false, ResolveIcon(NPCMarkerTexture));
 	}
 }
 
@@ -2491,11 +2595,13 @@ void AContrarySurvivorHUD::DrawQuestTargetMarker(APlayerCharacter* Player)
 		}
 	}
 
-	DrawNPCMarker(Target->GetActorLocation() + FVector(0.0f, 0.0f, ZOff), Label, QuestTargetMarkerColor);
+	// Д3: своя картинка типа Quest (пуста — прежний золотой ромб).
+	DrawNPCMarker(Target->GetActorLocation() + FVector(0.0f, 0.0f, ZOff), Label, QuestTargetMarkerColor,
+		/*bEdgeArrowOnly=*/false, ResolveIcon(QuestTargetMarkerTexture));
 }
 
 void AContrarySurvivorHUD::DrawNPCMarker(const FVector& WorldAnchor, const FString& Label,
-	const FLinearColor& Color, bool bEdgeArrowOnly)
+	const FLinearColor& Color, bool bEdgeArrowOnly, UTexture2D* IconTexture)
 {
 	if (!Canvas)
 	{
@@ -2527,7 +2633,7 @@ void AContrarySurvivorHUD::DrawNPCMarker(const FVector& WorldAnchor, const FStri
 	{
 		if (!bEdgeArrowOnly)
 		{
-			DrawNPCIcon(P, Label, Color);
+			DrawNPCIcon(P, Label, Color, IconTexture);
 		}
 		return;
 	}
@@ -2549,7 +2655,8 @@ void AContrarySurvivorHUD::DrawNPCMarker(const FVector& WorldAnchor, const FStri
 	DrawNPCEdgeArrow(Edge, Dir.GetSafeNormal(), Color);
 }
 
-void AContrarySurvivorHUD::DrawNPCIcon(const FVector2D& ScreenPos, const FString& Label, const FLinearColor& Color)
+void AContrarySurvivorHUD::DrawNPCIcon(const FVector2D& ScreenPos, const FString& Label, const FLinearColor& Color,
+	UTexture2D* IconTexture)
 {
 	const float CX = ScreenPos.X;
 	const float CY = ScreenPos.Y;
@@ -2557,11 +2664,21 @@ void AContrarySurvivorHUD::DrawNPCIcon(const FVector2D& ScreenPos, const FString
 	const float T = NPCMarkerThickness;
 	const FLinearColor C = Color;
 
-	// Ромб (повёрнутый квадрат) — форма, отличная от углового ретикла врага.
-	DrawLine(CX, CY - H, CX + H, CY, C, T); // верх -> право
-	DrawLine(CX + H, CY, CX, CY + H, C, T); // право -> низ
-	DrawLine(CX, CY + H, CX - H, CY, C, T); // низ -> лево
-	DrawLine(CX - H, CY, CX, CY - H, C, T); // лево -> верх
+	// Build 1.2.1 (ТЗ Д3): картинка задана — рисуем ЕЙ (квадрат 2H x 2H, без подкраски)
+	// вместо ромба; подпись под маркером ниже — как раньше.
+	if (IconTexture)
+	{
+		DrawTexture(IconTexture, CX - H, CY - H, 2.0f * H, 2.0f * H,
+			0.0f, 0.0f, 1.0f, 1.0f);
+	}
+	else
+	{
+		// Ромб (повёрнутый квадрат) — форма, отличная от углового ретикла врага.
+		DrawLine(CX, CY - H, CX + H, CY, C, T); // верх -> право
+		DrawLine(CX + H, CY, CX, CY + H, C, T); // право -> низ
+		DrawLine(CX, CY + H, CX - H, CY, C, T); // низ -> лево
+		DrawLine(CX - H, CY, CX, CY - H, C, T); // лево -> верх
+	}
 
 	// Подпись под ромбом по центру.
 	if (!Label.IsEmpty())
diff --git a/Source/ContrarySurvivor/HUD/ContrarySurvivorHUD.h b/Source/ContrarySurvivor/HUD/ContrarySurvivorHUD.h
index 43d7984..021361a 100644
--- a/Source/ContrarySurvivor/HUD/ContrarySurvivorHUD.h
+++ b/Source/ContrarySurvivor/HUD/ContrarySurvivorHUD.h
@@ -115,6 +115,10 @@ class CONTRARYSURVIVOR_API AContrarySurvivorHUD : public AHUD
 	GENERATED_BODY()
 
 public:
+	// Build 1.2.1 (Д2): мягкий дефолт класса плашки конца сюжета (FClassFinder на
+	// WBP_EndOfStory; ассета нет — кодовый класс, прежнее поведение).
+	AContrarySurvivorHUD();
+
 	virtual void DrawHUD() override;
 
 	// ADR-048: постоянные UMG-панели (статы игрока / трекер квеста / подсказка E)
@@ -175,6 +179,16 @@ public:
 	// Выполнить транзакцию на выбранное qty и закрыть слайдер (Enter/кнопка Confirm).
 	void ConfirmShopSlider(APlayerCharacter* Player);
 
+	// --- Окно обыска трупа (Build 1.2.1, ТЗ А1) — ТОЛЬКО UMG (UCorpseLootWidget) ---
+
+	// Открыть/закрыть окно обыска трупа (вызывается контроллером по E у трупа). В отличие
+	// от старых экранов Canvas-пути НЕТ: слот CorpseLootWidgetClass пуст — виджет создаётся
+	// прямо из C++-класса (кодовое дерево-фолбэк UCorpseLootWidget), окно работает без ассета.
+	void SetCorpseLootOpen(bool bOpen, class UCorpseLootComponent* Corpse);
+
+	// Окно обыска на экране? (виджет существует и в вьюпорте)
+	bool IsCorpseLootOpen() const;
+
 	// --- Экран диалога со старостой (Фаза 5, квесты — GDD §7.7) — immediate-mode, без UMG ---
 
 	// Открыть/закрыть диалог с конкретным старостой (вызывается контроллером по клавише E).
@@ -247,6 +261,14 @@ protected:
 
 	// --- Маркер ТЕКУЩЕЙ залоченной цели (ФИКС1: игрок должен видеть, кого бьёт) ---
 
+	// Build 1.2.1 (ТЗ Д3): СВОЯ КАРТИНКА маркера цели. Задана — вместо угловых скобок и
+	// треугольника рисуется эта текстура (квадрат со стороной 2*TargetMarkerHalfSize по
+	// центру цели, без подкраски цветом); ПУСТА (дефолт) — прежние фигуры, поведение не
+	// меняется. Настройка на размещённом BP_ContrarySurvivorHUD.
+	UPROPERTY(EditAnywhere, BlueprintReadWrite, Category = "HUD|TargetMarker",
+		meta = (DisplayPriority = "0", DisplayName = "Своя текстура (пусто = фигуры)"))
+	TSoftObjectPtr<UTexture2D> TargetMarkerTexture;
+
 	// На сколько единиц над Actor location поднимаем якорь маркера (центр силуэта цели).
 	UPROPERTY(EditAnywhere, BlueprintReadWrite, Category = "HUD|TargetMarker", meta = (DisplayPriority = "1"))
 	float TargetMarkerWorldZOffset = 50.0f;
@@ -288,6 +310,14 @@ protected:
 		meta = (DisplayPriority = "0", DisplayName = "Маркеры NPC только по необходимости"))
 	bool bNPCMarkersOnlyWhenNeeded = true;
 
+	// Build 1.2.1 (ТЗ Д3): СВОЯ КАРТИНКА маркера NPC. Задана — вместо зелёного ромба в
+	// кадре рисуется эта текстура (квадрат со стороной 2*NPCMarkerHalfSize; подпись под
+	// ней как раньше); ПУСТА (дефолт) — прежний ромб. Краевая стрелка за кадром всегда
+	// линиями. Той же картинкой пользуется стрелка-навигация интро (тот же зелёный тип).
+	UPROPERTY(EditAnywhere, BlueprintReadWrite, Category = "HUD|NPCMarker",
+		meta = (DisplayPriority = "0", DisplayName = "Своя текстура (пусто = фигуры)"))
+	TSoftObjectPtr<UTexture2D> NPCMarkerTexture;
+
 	UPROPERTY(EditAnywhere, BlueprintReadWrite, Category = "HUD|NPCMarker", meta = (DisplayPriority = "1"))
 	FLinearColor NPCMarkerColor = FLinearColor(0.15f, 0.95f, 0.45f, 1.0f); // зелёный (дружественный)
 
@@ -337,6 +367,14 @@ protected:
 
 	// --- Метка цели активного квеста (Этап D, реюз маркеров NPC) ---
 
+	// Build 1.2.1 (ТЗ Д3): СВОЯ КАРТИНКА квест-метки. Задана — вместо золотого ромба в
+	// кадре рисуется эта текстура (квадрат со стороной 2*NPCMarkerHalfSize — размер общий
+	// с маркером NPC, как и сам ромб; подпись цели под ней как раньше); ПУСТА (дефолт) —
+	// прежний ромб. Краевая стрелка за кадром всегда линиями.
+	UPROPERTY(EditAnywhere, BlueprintReadWrite, Category = "HUD|QuestMarker",
+		meta = (DisplayPriority = "6", DisplayName = "Своя текстура (пусто = фигуры)"))
+	TSoftObjectPtr<UTexture2D> QuestTargetMarkerTexture;
+
 	// Цвет метки цели квеста (золотой — в тон трекеру квеста).
 	UPROPERTY(EditAnywhere, BlueprintReadWrite, Category = "HUD|QuestMarker", meta = (DisplayPriority = "7"))
 	FLinearColor QuestTargetMarkerColor = FLinearColor(1.0f, 0.85f, 0.3f, 1.0f);
@@ -392,6 +430,14 @@ protected:
 		meta = (DisplayPriority = "8", DisplayName = "Стиль плашки"))
 	FEndOfStoryStyle EndOfStoryStyle;
 
+	// Build 1.2.1 (Д2, спека cpp-2): класс виджета плашки. Дефолт ставит конструктор:
+	// WBP_EndOfStory (канвас-схема, редактируемая Ринатом), если ассет уже сгенерирован —
+	// мягкий FClassFinder по образцу PickupBP (PlayerCharacter.cpp); ассета нет — кодовый
+	// класс UEndOfStoryWidget, прежнее поведение без ассета сохраняется.
+	UPROPERTY(EditAnywhere, BlueprintReadWrite, Category = "HUD|EndOfStory",
+		meta = (DisplayPriority = "9", DisplayName = "Класс виджета плашки"))
+	TSubclassOf<UEndOfStoryWidget> EndOfStoryWidgetClass;
+
 	// --- HUD игрока (GDD §7.7) ---
 
 	// Левый верхний угол: отступы и размеры HP-бара игрока.
@@ -557,6 +603,12 @@ protected:
 	UPROPERTY(EditAnywhere, BlueprintReadWrite, Category = "HUD|UMG Widgets", meta = (DisplayPriority = "7"))
 	TSubclassOf<UInteractPromptWidget> InteractPromptWidgetClass;
 
+	// Окно обыска трупа (WBP_CorpseLoot, Build 1.2.1 ТЗ А1). ОСОБЕННОСТЬ: Canvas-пути у
+	// этого окна нет — пустой слот означает создание виджета прямо из C++-класса
+	// UCorpseLootWidget (кодовое дерево-фолбэк), обыск работает и без ассета.
+	UPROPERTY(EditAnywhere, BlueprintReadWrite, Category = "HUD|UMG Widgets", meta = (DisplayPriority = "8"))
+	TSubclassOf<class UCorpseLootWidget> CorpseLootWidgetClass;
+
 	// ======================================================================
 	// Настраиваемость из BP (директива Рината 07-18): геометрия панелей и ВСЕ тексты
 	// вынесены в EditAnywhere-поля. Дефолты дословно повторяют прежние зашитые значения.
@@ -970,11 +1022,15 @@ private:
 	// Color — цвет маркера (Этап D: NPC зелёный, враг-стрелок красный, цель квеста золотая).
 	// bEdgeArrowOnly — рисовать ТОЛЬКО краевую стрелку за кадром (в кадре ничего): режим
 	// стрелка-за-кадром (у видимого врага и так есть хелсбар).
+	// IconTexture (Build 1.2.1, ТЗ Д3): задана — в кадре вместо ромба рисуется картинка
+	// (размер от NPCMarkerHalfSize); краевая стрелка за кадром остаётся линиями.
 	void DrawNPCMarker(const FVector& WorldAnchor, const FString& Label, const FLinearColor& Color,
-		bool bEdgeArrowOnly = false);
+		bool bEdgeArrowOnly = false, UTexture2D* IconTexture = nullptr);
 
-	// Ромб-иконка + подпись по экранной точке (цель в кадре).
-	void DrawNPCIcon(const FVector2D& ScreenPos, const FString& Label, const FLinearColor& Color);
+	// Ромб-иконка + подпись по экранной точке (цель в кадре). IconTexture задана —
+	// картинка вместо ромба (Д3), подпись под ней как раньше.
+	void DrawNPCIcon(const FVector2D& ScreenPos, const FString& Label, const FLinearColor& Color,
+		UTexture2D* IconTexture = nullptr);
 
 	// Краевая стрелка, указывающая в сторону цели за пределами экрана.
 	void DrawNPCEdgeArrow(const FVector2D& EdgePos, const FVector2D& Dir, const FLinearColor& Color);
@@ -1066,6 +1122,14 @@ private:
 	// Магазин живёт в UMG-пути? (слот назначен и экземпляр показан)
 	bool IsUmgShopActive() const;
 
+	// --- Окно обыска трупа (Build 1.2.1, ТЗ А1) ---
+
+	// UMG-экземпляр окна обыска: создаётся при первом открытии (из CorpseLootWidgetClass,
+	// а при пустом слоте — прямо из UCorpseLootWidget::StaticClass(), кодовое дерево);
+	// переиспользуется между трупами.
+	UPROPERTY()
+	TObjectPtr<class UCorpseLootWidget> CorpseLootWidgetInstance;
+
 	// Вендор, чей каталог отрисовываем (источник цен/товаров). Интерфейс — развязка от
 	// конкретного класса торговца (A2). TScriptInterface держит и UObject, и интерфейс-указатель.
 	UPROPERTY()
diff --git a/Source/ContrarySurvivor/Private/AAmmoItem.cpp b/Source/ContrarySurvivor/Private/AAmmoItem.cpp
index 2a9707f..dac6b46 100644
--- a/Source/ContrarySurvivor/Private/AAmmoItem.cpp
+++ b/Source/ContrarySurvivor/Private/AAmmoItem.cpp
@@ -8,6 +8,11 @@ AAmmoItem::AAmmoItem()
 	ItemName = TEXT("Патроны 9мм");
 	ItemDisplayText = NSLOCTEXT("Items", "Ammo9mm", "Патроны 9мм");
 	ItemCategory = EItemCategory::Resource;
+
+	// Стак (поля в базе с Build 1.2.1): пачка создаётся ПУСТОЙ (счётчик наполняет
+	// покупка/размещённый пикап — прежнее поведение AAmmoItem), лимит 999 (DRAFT).
+	StackCount = 0;
+	MaxStackCount = 999;
 }
 
 void AAmmoItem::Use()
diff --git a/Source/ContrarySurvivor/Private/AConsumableItem.cpp b/Source/ContrarySurvivor/Private/AConsumableItem.cpp
index b068a9b..7b82da6 100644
--- a/Source/ContrarySurvivor/Private/AConsumableItem.cpp
+++ b/Source/ContrarySurvivor/Private/AConsumableItem.cpp
@@ -7,6 +7,12 @@ AConsumableItem::AConsumableItem()
 {
 	// Категория расходника (база ставит Resource) — для логики UI/потери при смерти.
 	ItemCategory = EItemCategory::Consumable;
+
+	// Build 1.2.1 (ТЗ Г): расходники СТАКАЮТСЯ по механизму патронов, лимит как у патронов
+	// (999). Один класс на воду/консервы/аптечку — различает стаки служебный ключ ItemName
+	// (CanStackWith). Слияние — UInventoryComponent::AddItem.
+	StackCount = 1;
+	MaxStackCount = 999;
 }
 
 bool AConsumableItem::ApplyConsumeEffect(UStatsComponent* Stats)
@@ -16,21 +22,36 @@ bool AConsumableItem::ApplyConsumeEffect(UStatsComponent* Stats)
 		return false;
 	}
 
+	bool bApplied = false;
 	switch (ConsumableType)
 	{
 		case EConsumableType::Food:
 			Stats->ConsumeFood();   // +FoodRestoreAmount к голоду (Фаза 2)
-			return true;
+			bApplied = true;
+			break;
 		case EConsumableType::Water:
 			Stats->DrinkWater();    // +WaterRestoreAmount к жажде (Фаза 2)
-			return true;
+			bApplied = true;
+			break;
 		case EConsumableType::Medkit:
 			// Бинт/аптечка восстанавливает HP. Heal не лечит мёртвых (вернёт 0) — допустимо.
 			Stats->Heal(HealRestoreAmount);
-			return true;
+			bApplied = true;
+			break;
 		default:
-			return false;
+			break;
+	}
+
+	// Build 1.2.1 (ТЗ Г): из СТАКА съедается одна штука. Возвращаемое значение читается
+	// вызывающим (APlayerCharacter::Inv_UseBackpackItem) как «предмет израсходован ЦЕЛИКОМ —
+	// убрать из рюкзака и уничтожить»: пока в стаке осталось >0 штук, отвечаем false и лишь
+	// уменьшаем счётчик; последняя штука — прежнее поведение (true -> актор уничтожается).
+	if (bApplied && StackCount > 1)
+	{
+		--StackCount;
+		return false;
 	}
+	return bApplied;
 }
 
 FString AConsumableItem::GetDefaultDisplayName(EConsumableType Type)
diff --git a/Source/ContrarySurvivor/Private/AMasterInventoryItem.cpp b/Source/ContrarySurvivor/Private/AMasterInventoryItem.cpp
index 252a6f7..15ae1f8 100644
--- a/Source/ContrarySurvivor/Private/AMasterInventoryItem.cpp
+++ b/Source/ContrarySurvivor/Private/AMasterInventoryItem.cpp
@@ -54,4 +54,16 @@ FText AMasterInventoryItem::GetItemDisplayText() const
 	return LOCTEXT("UnnamedItem", "Предмет");
 }
 
+bool AMasterInventoryItem::CanStackWith(const AMasterInventoryItem* Other) const
+{
+	// Оба стакаемы + один класс + один служебный ключ. Сравнение ключа — посимвольное,
+	// как в логике квестов (QuestComponent.cpp): имена задаются детерминированно.
+	return Other
+		&& Other != this
+		&& IsStackable()
+		&& Other->IsStackable()
+		&& GetClass() == Other->GetClass()
+		&& ItemName.Equals(Other->ItemName, ESearchCase::CaseSensitive);
+}
+
 #undef LOCTEXT_NAMESPACE
\ No newline at end of file
diff --git a/Source/ContrarySurvivor/Private/AQuestItem.cpp b/Source/ContrarySurvivor/Private/AQuestItem.cpp
index 862df60..bbd1ed8 100644
--- a/Source/ContrarySurvivor/Private/AQuestItem.cpp
+++ b/Source/ContrarySurvivor/Private/AQuestItem.cpp
@@ -6,6 +6,12 @@ AQuestItem::AQuestItem()
 {
 	// Категория Quest: предмет не теряется при смерти и не используется как расходник.
 	ItemCategory = EItemCategory::Quest;
+
+	// Build 1.2.1 (ТЗ Г): «Шкура волка» стакается по механизму патронов, лимит как у
+	// патронов (999). Уникальным предметам (ноутбук) стак не мешает: второго экземпляра
+	// в мире нет, а различает стаки служебный ключ ItemName (CanStackWith).
+	StackCount = 1;
+	MaxStackCount = 999;
 }
 
 void AQuestItem::Use()
diff --git a/Source/ContrarySurvivor/Private/UInventoryComponent.cpp b/Source/ContrarySurvivor/Private/UInventoryComponent.cpp
index e3d8dcb..03b5c25 100644
--- a/Source/ContrarySurvivor/Private/UInventoryComponent.cpp
+++ b/Source/ContrarySurvivor/Private/UInventoryComponent.cpp
@@ -26,6 +26,39 @@ bool UInventoryComponent::AddItem(AMasterInventoryItem* Item)
 {
     if (Item)
     {
+        // Build 1.2.1 (ТЗ Г): СЛИЯНИЕ СТАКОВ — единая точка на все пути пополнения рюкзака
+        // (подбор пикапа, покупка, обыск трупа, отладочная выдача). Стакаемый входящий
+        // предмет доливается в существующие стаки того же класса/ключа, пока есть место;
+        // влившийся ЦЕЛИКОМ актор уничтожается (Destroy отложенный — указатель у вызывающего
+        // до конца кадра валиден), остаток входит отдельной записью. Экипированное не
+        // трогаем (стакаемое не экипируется, guard на всякий случай).
+        if (Item->IsStackable() && Item->GetStackCount() > 0)
+        {
+            for (AMasterInventoryItem* Existing : InventoryItems)
+            {
+                if (!IsValid(Existing) || !Existing->CanStackWith(Item) || IsItemEquipped(Existing))
+                {
+                    continue;
+                }
+                const int32 Transfer = FMath::Min(Existing->GetStackSpace(), Item->StackCount);
+                if (Transfer <= 0)
+                {
+                    continue;
+                }
+                Existing->StackCount += Transfer;
+                Item->StackCount -= Transfer;
+                FQADebug::QA(this, FString::Printf(
+                    TEXT("QA: ADDITEM merge %d x '%s' -> stack %d/%d"),
+                    Transfer, *Item->ItemName, Existing->StackCount, Existing->MaxStackCount),
+                    /*bScreen=*/true);
+                if (Item->StackCount <= 0)
+                {
+                    Item->Destroy();
+                    return true; // всё влилось в существующие стаки — новой записи нет
+                }
+            }
+        }
+
         const int32 CountBefore = InventoryItems.Num();
         InventoryItems.Add(Item);
         const int32 CountAfter = InventoryItems.Num();
diff --git a/Source/ContrarySurvivor/Public/AAmmoItem.h b/Source/ContrarySurvivor/Public/AAmmoItem.h
index 2054cd0..fc65ab4 100644
--- a/Source/ContrarySurvivor/Public/AAmmoItem.h
+++ b/Source/ContrarySurvivor/Public/AAmmoItem.h
@@ -26,19 +26,9 @@ class CONTRARYSURVIVOR_API AAmmoItem : public AMasterInventoryItem
 public:
 	AAmmoItem();
 
-	// Сколько патронов в этой пачке (стак). Меняется покупкой (+), перезарядкой/продажей (−).
-	UPROPERTY(EditAnywhere, BlueprintReadOnly, Category = "Ammo")
-	int32 StackCount = 0;
-
-	// Максимум патронов в одной пачке (стак-лимит). DRAFT, тюнингуется.
-	UPROPERTY(EditAnywhere, BlueprintReadOnly, Category = "Ammo")
-	int32 MaxStackCount = 999;
-
-	UFUNCTION(BlueprintPure, Category = "Ammo")
-	FORCEINLINE int32 GetStackCount() const { return StackCount; }
-
-	UFUNCTION(BlueprintPure, Category = "Ammo")
-	FORCEINLINE int32 GetStackSpace() const { return FMath::Max(0, MaxStackCount - StackCount); }
+	// СЧЁТЧИК СТАКА (StackCount/MaxStackCount) ПОДНЯТ В БАЗУ AMasterInventoryItem
+	// (Build 1.2.1, ТЗ Г: шкура/тушёнка/аптечка стакаются «по механизму патронов»).
+	// Дефолты пачки патронов (пустая пачка, лимит 999) выставляет конструктор.
 
 	// Патроны не используются из инвентаря напрямую — заряжаются перезарядкой. Use() — no-op.
 	virtual void Use() override;
diff --git a/Source/ContrarySurvivor/Public/AConsumableItem.h b/Source/ContrarySurvivor/Public/AConsumableItem.h
index f4e69e4..845425d 100644
--- a/Source/ContrarySurvivor/Public/AConsumableItem.h
+++ b/Source/ContrarySurvivor/Public/AConsumableItem.h
@@ -40,7 +40,10 @@ public:
 	float HealRestoreAmount = 25.0f;
 
 	// Применяет эффект расходника к статам потребителя. Food -> ConsumeFood (+Hunger),
-	// Water -> DrinkWater (+Thirst). Возвращает true, если эффект применён.
+	// Water -> DrinkWater (+Thirst), Medkit -> Heal.
+	// ВОЗВРАТ (Build 1.2.1, стаки): true — предмет израсходован ЦЕЛИКОМ, вызывающий убирает
+	// актор из рюкзака и уничтожает (прежнее поведение); false — либо эффект не применён,
+	// либо съедена ОДНА штука из стака (счётчик уменьшен, актор живёт дальше).
 	UFUNCTION(BlueprintCallable, Category = "Consumable")
 	bool ApplyConsumeEffect(UStatsComponent* Stats);
 
diff --git a/Source/ContrarySurvivor/Public/AMasterInventoryItem.h b/Source/ContrarySurvivor/Public/AMasterInventoryItem.h
index 46522cb..cf13fa1 100644
--- a/Source/ContrarySurvivor/Public/AMasterInventoryItem.h
+++ b/Source/ContrarySurvivor/Public/AMasterInventoryItem.h
@@ -72,6 +72,20 @@ public:
 	UPROPERTY(VisibleAnywhere, BlueprintReadOnly, Category = "Item", meta = (AllowPrivateAccess = "true"))
     UStaticMeshComponent* ItemMesh;
 
+	// --- Стак (Build 1.2.1, ТЗ Г). Механизм патронов (AAmmoItem) поднят в базу: шкура
+	// волка, тушёнка, аптечка и т.п. стакаются тем же счётчиком. MaxStackCount задаёт
+	// класс в конструкторе: 1 = предмет НЕ стакается (броня/оружие — прежнее поведение),
+	// >1 = стакается (AAmmoItem/AConsumableItem/AQuestItem ставят 999, «лимит как у
+	// патронов»). Слияние одинаковых предметов — UInventoryComponent::AddItem. ---
+
+	// Сколько штук в этом стаке. У нестакаемых всегда 1.
+	UPROPERTY(EditAnywhere, BlueprintReadWrite, Category = "Item|Stack", meta = (ClampMin = "0", DisplayPriority = "3"))
+	int32 StackCount = 1;
+
+	// Максимум штук в одном стаке. 1 = предмет не стакается.
+	UPROPERTY(EditAnywhere, BlueprintReadWrite, Category = "Item|Stack", meta = (ClampMin = "1", DisplayPriority = "4"))
+	int32 MaxStackCount = 1;
+
 
 	// Functions:
 	UFUNCTION(BlueprintCallable, Category = "Item")
@@ -88,4 +102,21 @@ public:
 	UFUNCTION(BlueprintPure, Category = "Item")
 	FText GetItemDisplayText() const;
 
+	// --- Стак: доступ (поднято из AAmmoItem, Build 1.2.1 ТЗ Г) ---
+
+	UFUNCTION(BlueprintPure, Category = "Item|Stack")
+	FORCEINLINE bool IsStackable() const { return MaxStackCount > 1; }
+
+	UFUNCTION(BlueprintPure, Category = "Item|Stack")
+	FORCEINLINE int32 GetStackCount() const { return StackCount; }
+
+	UFUNCTION(BlueprintPure, Category = "Item|Stack")
+	FORCEINLINE int32 GetStackSpace() const { return FMath::Max(0, MaxStackCount - StackCount); }
+
+	// Можно ли слить этот стак с Other: оба стакаемы, ОДИН класс и ОДИН служебный ключ
+	// ItemName (класс общий на разные предметы: AQuestItem — и шкура, и ноутбук;
+	// AConsumableItem — вода/консервы/бинт, различает их именно ключ).
+	UFUNCTION(BlueprintPure, Category = "Item|Stack")
+	bool CanStackWith(const AMasterInventoryItem* Other) const;
+
 };
diff --git a/Source/ContrarySurvivor/Retention/DailyRewardComponent.cpp b/Source/ContrarySurvivor/Retention/DailyRewardComponent.cpp
index a46dcb7..9c2036c 100644
--- a/Source/ContrarySurvivor/Retention/DailyRewardComponent.cpp
+++ b/Source/ContrarySurvivor/Retention/DailyRewardComponent.cpp
@@ -183,7 +183,8 @@ void UDailyRewardComponent::EvaluateDailyReward()
 	{
 		DenyReason = TEXT("first_day");
 	}
-	else if (!AdGating::IsPlaytimeGatePassed(Player->GetTotalPlayTimeSeconds()))
+	// Порог теперь EditAnywhere на игроке (Build 1.2.1 В1: 360 с вместо константы 15 мин).
+	else if (!AdGating::IsPlaytimeGatePassed(Player->GetTotalPlayTimeSeconds(), Player->GetAdMinPlaytimeSeconds()))
 	{
 		DenyReason = TEXT("under_15min");
 	}
diff --git a/Source/ContrarySurvivor/Tests/AdsAutomationTests.cpp b/Source/ContrarySurvivor/Tests/AdsAutomationTests.cpp
index a258185..21678c8 100644
--- a/Source/ContrarySurvivor/Tests/AdsAutomationTests.cpp
+++ b/Source/ContrarySurvivor/Tests/AdsAutomationTests.cpp
@@ -75,15 +75,21 @@ bool FDeathLossEdgesTest::RunTest(const FString& Parameters)
 	return true;
 }
 
-// Глобальный гейт 15 минут (ТЗ раздел 0 п.2): граница включительно.
+// Глобальный гейт игрового времени. Build 1.2.1 (ТЗ В1): порог 360 с (6 мин, Ринат
+// утвердил ровно 360) вместо прежних 15 минут; граница включительно; порог передаётся
+// вторым аргументом (EditAnywhere на игроке), константа — только дефолт.
 IMPLEMENT_SIMPLE_AUTOMATION_TEST(FAdGatingPlaytimeTest,
-	"ContrarySurvivor.Ads.Gating.PlaytimeGate15Min", AdsTestFlags)
+	"ContrarySurvivor.Ads.Gating.PlaytimeGate6Min", AdsTestFlags)
 bool FAdGatingPlaytimeTest::RunTest(const FString& Parameters)
 {
-	TestFalse(TEXT("14:59 игрового времени: рекламы нет"), AdGating::IsPlaytimeGatePassed(899.0));
-	TestTrue(TEXT("ровно 15:00: реклама разрешена"), AdGating::IsPlaytimeGatePassed(900.0));
-	TestTrue(TEXT("больше 15 минут: разрешена"), AdGating::IsPlaytimeGatePassed(5000.0));
+	TestEqual(TEXT("дефолт порога = ровно 360 с (ТЗ В1)"), AdGating::MinPlaytimeSeconds, 360.0);
+	TestFalse(TEXT("5:59 игрового времени: рекламы нет"), AdGating::IsPlaytimeGatePassed(359.0));
+	TestTrue(TEXT("ровно 6:00: реклама разрешена"), AdGating::IsPlaytimeGatePassed(360.0));
+	TestTrue(TEXT("больше порога: разрешена"), AdGating::IsPlaytimeGatePassed(5000.0));
 	TestFalse(TEXT("свежая установка (0 сек): нет"), AdGating::IsPlaytimeGatePassed(0.0));
+	// Порог настраиваемый: функция обязана уважать переданное значение, а не константу.
+	TestTrue(TEXT("свой порог 120 с: 150 с проходит"), AdGating::IsPlaytimeGatePassed(150.0, 120.0));
+	TestFalse(TEXT("свой порог 120 с: 100 с не проходит"), AdGating::IsPlaytimeGatePassed(100.0, 120.0));
 	return true;
 }
 
diff --git a/Source/ContrarySurvivor/Tests/Build121AutomationTests.cpp b/Source/ContrarySurvivor/Tests/Build121AutomationTests.cpp
new file mode 100644
index 0000000..78930aa
--- /dev/null
+++ b/Source/ContrarySurvivor/Tests/Build121AutomationTests.cpp
@@ -0,0 +1,463 @@
+// Fill out your copyright notice in the Description page of Project Settings.
+//
+// HEADLESS Automation-тесты волны Build 1.2.1 (блоки А1-трупы и Г-стаки). Запуск:
+//   UnrealEditor-Cmd "<uproject>" -ExecCmds="Automation RunTests ContrarySurvivor.Build121; Quit"
+//        -unattended -nopause -nosplash -stdout -nullrhi -abslog=<log>
+//
+// Покрывается БЕЗ PIE:
+//   - слияние стаков в UInventoryComponent::AddItem (одна точка всех пополнений);
+//   - лимит стака и разделение по служебному ключу ItemName;
+//   - съедание ОДНОЙ штуки из стака (AConsumableItem::ApplyConsumeEffect);
+//   - зачёт item-квеста ПО ШТУКАМ стака + частичное изъятие при сдаче (UQuestComponent);
+//   - контейнер лута трупа (UCorpseLootComponent): Init/Take/HasLoot/реестр/EndPlay;
+//   - смерть волка и бандита кладёт лут В ТРУП и НЕ спавнит мешок-пикап (ТЗ А1).
+// НЕ покрывается headless (нужен PIE/Slate): окно UCorpseLootWidget (кнопки/списки),
+//   подсказка «Обыскать [E]» (контроллер), вид маркеров с текстурой (Д3 — отрисовка).
+//
+// Числа порогов взяты из РЕАЛЬНОГО кода (AAmmoItem/AConsumableItem/AQuestItem ctor,
+// WolfCharacter/EnemyCharacter Loot*), не выдуманы.
+
+#include "Misc/AutomationTest.h"
+
+#if WITH_DEV_AUTOMATION_TESTS
+
+#include "ContrarySurvivor/Components/StatsComponent.h"
+#include "ContrarySurvivor/Components/QuestComponent.h"
+#include "ContrarySurvivor/Components/CorpseLootComponent.h"
+#include "ContrarySurvivor/Characters/PlayerCharacter.h"
+#include "ContrarySurvivor/Characters/EnemyCharacter.h"
+#include "ContrarySurvivor/Characters/WolfCharacter.h"
+#include "ContrarySurvivor/Actors/Pickup.h"
+#include "AConsumableItem.h"
+#include "AQuestItem.h"
+#include "AAmmoItem.h"
+#include "UInventoryComponent.h"
+#include "Engine/Engine.h"
+#include "Engine/World.h"
+#include "Engine/DamageEvents.h" // FDamageEvent (смертельный урон волку/бандиту)
+#include "Engine/EngineBaseTypes.h"
+#include "EngineUtils.h" // TActorIterator (проверка «мешок-пикап не заспавнен»)
+#include "GameFramework/WorldSettings.h"
+
+static constexpr EAutomationTestFlags Build121TestFlags =
+	EAutomationTestFlags_ApplicationContextMask | EAutomationTestFlags::ProductFilter;
+
+// ---------------------------------------------------------------------------
+// Транзиентный игровой мир (копия обвязки CombatTestWorld — она static в своём .cpp).
+// ---------------------------------------------------------------------------
+namespace Build121TestWorld
+{
+	static UWorld* Create()
+	{
+		if (!GEngine)
+		{
+			return nullptr;
+		}
+		UWorld* World = UWorld::CreateWorld(EWorldType::Game, /*bInformEngineOfWorld=*/false);
+		if (!World)
+		{
+			return nullptr;
+		}
+		FWorldContext& Ctx = GEngine->CreateNewWorldContext(EWorldType::Game);
+		Ctx.SetCurrentWorld(World);
+
+		const FURL URL;
+		World->InitializeActorsForPlay(URL);
+		World->BeginPlay();
+		if (AWorldSettings* WorldSettings = World->GetWorldSettings())
+		{
+			WorldSettings->NotifyBeginPlay(); // мир без GameMode сам begun-play не ставит
+		}
+		return World;
+	}
+
+	static void Destroy(UWorld* World)
+	{
+		if (!World || !GEngine)
+		{
+			return;
+		}
+		GEngine->DestroyWorldContext(World);
+		World->DestroyWorld(/*bInformEngineOfWorld=*/false);
+	}
+
+	template <typename T>
+	static T* Spawn(UWorld* World, const FVector& Loc = FVector(0.f, 0.f, 100.f))
+	{
+		if (!World)
+		{
+			return nullptr;
+		}
+		FActorSpawnParameters Params;
+		Params.SpawnCollisionHandlingOverride = ESpawnActorCollisionHandlingMethod::AlwaysSpawn;
+		return World->SpawnActor<T>(T::StaticClass(), Loc, FRotator::ZeroRotator, Params);
+	}
+
+	// Расходник с заданным типом/ключом/стаком (как его создаёт лут бандита/покупка).
+	static AConsumableItem* SpawnConsumable(UWorld* World, EConsumableType Type, int32 Stack)
+	{
+		AConsumableItem* Item = Spawn<AConsumableItem>(World);
+		if (Item)
+		{
+			Item->ConsumableType = Type;
+			Item->ItemName = AConsumableItem::GetDefaultDisplayName(Type);
+			Item->ItemDisplayText = AConsumableItem::GetDefaultDisplayText(Type);
+			Item->StackCount = Stack;
+			Item->SetActorHiddenInGame(true);
+			Item->SetActorEnableCollision(false);
+		}
+		return Item;
+	}
+
+	// Живые (валидные) обыскиваемые трупы ИМЕННО этого мира — реестр статический,
+	// в нём могут доживать невалидные записи прошлых тестов.
+	static int32 CountValidCorpses(UWorld* World)
+	{
+		int32 Count = 0;
+		for (const TWeakObjectPtr<UCorpseLootComponent>& Ptr : UCorpseLootComponent::GetSearchableCorpses())
+		{
+			if (Ptr.IsValid() && Ptr->GetWorld() == World)
+			{
+				++Count;
+			}
+		}
+		return Count;
+	}
+}
+
+// ===========================================================================
+// 1. Стаки: слияние в AddItem — одинаковые предметы сливаются, разные ключи — нет,
+//    лимит 999 соблюдается (остаток отдельной записью).
+// ===========================================================================
+IMPLEMENT_SIMPLE_AUTOMATION_TEST(FBuild121StackMergeTest,
+	"ContrarySurvivor.Build121.Stacks.InventoryMerge", Build121TestFlags)
+bool FBuild121StackMergeTest::RunTest(const FString& Parameters)
+{
+	UWorld* World = Build121TestWorld::Create();
+	TestNotNull(TEXT("Test world"), World);
+	if (!World) { return false; }
+
+	bool bOk = true;
+	{
+		APlayerCharacter* Player = Build121TestWorld::Spawn<APlayerCharacter>(World);
+		UInventoryComponent* Inv = Player ? Player->GetInventory() : nullptr;
+		TestNotNull(TEXT("Inventory"), Inv);
+		if (Inv)
+		{
+			// (a) Две тушёнки -> один стак x2, второй актор уничтожен (слился целиком).
+			AConsumableItem* FoodA = Build121TestWorld::SpawnConsumable(World, EConsumableType::Food, 1);
+			AConsumableItem* FoodB = Build121TestWorld::SpawnConsumable(World, EConsumableType::Food, 1);
+			TestTrue(TEXT("Add food A"), Inv->AddItem(FoodA));
+			TestTrue(TEXT("Add food B (merges)"), Inv->AddItem(FoodB));
+			TestEqual(TEXT("One inventory entry after merge"), Inv->GetInventoryItems().Num(), 1);
+			TestEqual(TEXT("Stack A = 2"), FoodA->GetStackCount(), 2);
+			TestFalse(TEXT("Merged actor B destroyed (pending kill)"), IsValid(FoodB));
+
+			// (b) Вода — ДРУГОЙ ключ ItemName при том же классе: отдельная запись.
+			AConsumableItem* Water = Build121TestWorld::SpawnConsumable(World, EConsumableType::Water, 1);
+			TestTrue(TEXT("Add water"), Inv->AddItem(Water));
+			TestEqual(TEXT("Water is separate entry"), Inv->GetInventoryItems().Num(), 2);
+			TestEqual(TEXT("Food stack untouched"), FoodA->GetStackCount(), 2);
+
+			// (c) Лимит 999 (как у патронов): доливка до потолка, остаток — новой записью.
+			FoodA->StackCount = 998;
+			AConsumableItem* FoodC = Build121TestWorld::SpawnConsumable(World, EConsumableType::Food, 3);
+			TestTrue(TEXT("Add food C (partial merge)"), Inv->AddItem(FoodC));
+			TestEqual(TEXT("Stack A capped at 999"), FoodA->GetStackCount(), 999);
+			TestTrue(TEXT("Remainder actor kept"), IsValid(FoodC));
+			TestEqual(TEXT("Remainder stack = 2"), FoodC->GetStackCount(), 2);
+			TestEqual(TEXT("Three entries now (food full + water + remainder)"),
+				Inv->GetInventoryItems().Num(), 3);
+
+			// (d) Шкура волка (AQuestItem) стакается тем же механизмом.
+			AQuestItem* PeltA = Build121TestWorld::Spawn<AQuestItem>(World);
+			AQuestItem* PeltB = Build121TestWorld::Spawn<AQuestItem>(World);
+			if (PeltA && PeltB)
+			{
+				PeltA->ItemName = TEXT("Шкура волка");
+				PeltB->ItemName = TEXT("Шкура волка");
+				Inv->AddItem(PeltA);
+				Inv->AddItem(PeltB);
+				TestEqual(TEXT("Pelt stack = 2"), PeltA->GetStackCount(), 2);
+				TestFalse(TEXT("Second pelt merged away"), IsValid(PeltB));
+			}
+			else { bOk = false; }
+
+			// (e) Дефолты классов: расходник/квест-предмет стакаемы (999), пачка патронов
+			// прежняя (0/999), база нестакаема (1/1) — числа из конструкторов.
+			TestEqual(TEXT("Consumable MaxStack 999"), GetDefault<AConsumableItem>()->MaxStackCount, 999);
+			TestEqual(TEXT("QuestItem MaxStack 999"), GetDefault<AQuestItem>()->MaxStackCount, 999);
+			TestEqual(TEXT("Ammo default stack 0"), GetDefault<AAmmoItem>()->StackCount, 0);
+			TestEqual(TEXT("Ammo MaxStack 999"), GetDefault<AAmmoItem>()->MaxStackCount, 999);
+		}
+		else { bOk = false; }
+	}
+	Build121TestWorld::Destroy(World);
+	return bOk;
+}
+
+// ===========================================================================
+// 2. Стаки: ApplyConsumeEffect съедает ОДНУ штуку — false (актор жив), пока стак >1;
+//    последняя штука возвращает true (прежний путь «убрать и уничтожить»).
+// ===========================================================================
+IMPLEMENT_SIMPLE_AUTOMATION_TEST(FBuild121ConsumeFromStackTest,
+	"ContrarySurvivor.Build121.Stacks.ConsumeOneFromStack", Build121TestFlags)
+bool FBuild121ConsumeFromStackTest::RunTest(const FString& Parameters)
+{
+	UWorld* World = Build121TestWorld::Create();
+	TestNotNull(TEXT("Test world"), World);
+	if (!World) { return false; }
+
+	bool bOk = true;
+	{
+		UStatsComponent* Stats = NewObject<UStatsComponent>();
+		AConsumableItem* Food = Build121TestWorld::SpawnConsumable(World, EConsumableType::Food, 3);
+		TestNotNull(TEXT("Stats"), Stats);
+		TestNotNull(TEXT("Food"), Food);
+		if (Stats && Food)
+		{
+			TestFalse(TEXT("Eat 1 of 3: item NOT fully consumed"), Food->ApplyConsumeEffect(Stats));
+			TestEqual(TEXT("Stack 2 left"), Food->GetStackCount(), 2);
+			TestFalse(TEXT("Eat 2 of 3: item NOT fully consumed"), Food->ApplyConsumeEffect(Stats));
+			TestEqual(TEXT("Stack 1 left"), Food->GetStackCount(), 1);
+			TestTrue(TEXT("Last one: item fully consumed (caller destroys)"), Food->ApplyConsumeEffect(Stats));
+
+			// Null-статы — эффект не применён и стак не тронут.
+			Food->StackCount = 2;
+			TestFalse(TEXT("Null stats -> no effect"), Food->ApplyConsumeEffect(nullptr));
+			TestEqual(TEXT("Stack untouched on failure"), Food->GetStackCount(), 2);
+		}
+		else { bOk = false; }
+	}
+	Build121TestWorld::Destroy(World);
+	return bOk;
+}
+
+// ===========================================================================
+// 3. Стаки: квест «3 шкуры» — зачёт ПО ШТУКАМ одного стака и ЧАСТИЧНОЕ изъятие при
+//    сдаче (5 шкур в стаке -> сдали 3 -> в стаке осталось 2). ТЗ Г: «зачёт квеста
+//    "3 шкуры" НЕ сломать».
+// ===========================================================================
+IMPLEMENT_SIMPLE_AUTOMATION_TEST(FBuild121QuestStackTest,
+	"ContrarySurvivor.Build121.Stacks.QuestCountAndPartialTurnIn", Build121TestFlags)
+bool FBuild121QuestStackTest::RunTest(const FString& Parameters)
+{
+	UWorld* World = Build121TestWorld::Create();
+	TestNotNull(TEXT("Test world"), World);
+	if (!World) { return false; }
+
+	bool bOk = true;
+	{
+		APlayerCharacter* Player = Build121TestWorld::Spawn<APlayerCharacter>(World);
+		UQuestComponent* Quests = Player ? Player->GetQuests() : nullptr;
+		UInventoryComponent* Inv = Player ? Player->GetInventory() : nullptr;
+		TestNotNull(TEXT("Quests"), Quests);
+		TestNotNull(TEXT("Inventory"), Inv);
+		if (Quests && Inv)
+		{
+			// Item-квест как у старосты: 3 шкуры (значение ключа — как в ElderNPC.cpp).
+			FQuest Q;
+			Q.QuestId = FName(TEXT("TestPelts"));
+			Q.Title = FText::FromString(TEXT("Test pelts"));
+			Q.Type = EQuestType::Collect;
+			Q.TargetCount = 0;
+			Q.RequiredItemName = TEXT("Шкура волка");
+			Q.RequiredItemCount = 3;
+			Q.RewardMoney = 100.0f;
+			Quests->OfferQuest(Q);
+			TestTrue(TEXT("Accept"), Quests->AcceptQuest(Q.QuestId));
+
+			// ОДИН актор-стак из 5 шкур (волки убиты, всё слилось при заборе из трупов).
+			AQuestItem* Pelts = Build121TestWorld::Spawn<AQuestItem>(World);
+			if (Pelts)
+			{
+				Pelts->ItemName = TEXT("Шкура волка");
+				Pelts->StackCount = 5;
+				Inv->AddItem(Pelts);
+
+				Quests->SyncInventoryQuests(Inv);
+				const FQuest* Synced = Quests->FindQuest(Q.QuestId);
+				TestNotNull(TEXT("Quest found"), Synced);
+				if (Synced)
+				{
+					TestEqual(TEXT("Item progress = 3 (по штукам, кламп целью)"), Synced->ItemProgress, 3);
+					TestTrue(TEXT("Completed by one stack"), Synced->State == EQuestState::Completed);
+				}
+
+				TestTrue(TEXT("Turn-in succeeds"), Quests->TurnInQuest(Q.QuestId));
+				TestTrue(TEXT("Stack actor survives partial take"), IsValid(Pelts));
+				TestEqual(TEXT("2 pelts left in stack after turning in 3"), Pelts->GetStackCount(), 2);
+				TestEqual(TEXT("Stack entry still in inventory"), Inv->GetInventoryItems().Num(), 1);
+			}
+			else { bOk = false; }
+		}
+		else { bOk = false; }
+	}
+	Build121TestWorld::Destroy(World);
+	return bOk;
+}
+
+// ===========================================================================
+// 4. Труп: контейнер UCorpseLootComponent — Init/Take/HasLoot/реестр/EndPlay.
+// ===========================================================================
+IMPLEMENT_SIMPLE_AUTOMATION_TEST(FBuild121CorpseContainerTest,
+	"ContrarySurvivor.Build121.Corpse.ContainerTakeAndExpire", Build121TestFlags)
+bool FBuild121CorpseContainerTest::RunTest(const FString& Parameters)
+{
+	UWorld* World = Build121TestWorld::Create();
+	TestNotNull(TEXT("Test world"), World);
+	if (!World) { return false; }
+
+	bool bOk = true;
+	{
+		AActor* Corpse = Build121TestWorld::Spawn<AActor>(World);
+		TestNotNull(TEXT("Corpse actor"), Corpse);
+		UCorpseLootComponent* Loot = Corpse ? NewObject<UCorpseLootComponent>(Corpse) : nullptr;
+		if (Loot)
+		{
+			Loot->RegisterComponent();
+
+			AConsumableItem* Item = Build121TestWorld::SpawnConsumable(World, EConsumableType::Medkit, 1);
+			TArray<AMasterInventoryItem*> Items;
+			Items.Add(Item);
+			Loot->InitLoot(25.0f, Items);
+
+			TestEqual(TEXT("Registered as searchable"), Build121TestWorld::CountValidCorpses(World), 1);
+			TestTrue(TEXT("Has loot"), Loot->HasLoot());
+
+			// Деньги забираются один раз.
+			TestEqual(TEXT("Take money 25"), Loot->TakeMoney(), 25.0f);
+			TestEqual(TEXT("Second take = 0"), Loot->TakeMoney(), 0.0f);
+			TestTrue(TEXT("Still has loot (item left)"), Loot->HasLoot());
+
+			// Предмет изымается один раз (двойной клик по устаревшей строке = false).
+			TestTrue(TEXT("Take item"), Loot->TakeItem(Item));
+			TestFalse(TEXT("Item cannot be taken twice"), Loot->TakeItem(Item));
+			TestFalse(TEXT("Empty after full search"), Loot->HasLoot());
+			TestTrue(TEXT("Taken item stays alive (goes to backpack)"), IsValid(Item));
+
+			// Полный обыск НЕ убирает труп из реестра — он лежит до таймера (дефолт Рината);
+			// подсказку «Обыскать» гасит HasLoot()=false на стороне контроллера.
+			TestEqual(TEXT("Corpse still registered until expire"), Build121TestWorld::CountValidCorpses(World), 1);
+
+			// Второй труп с НЕ забранным предметом: исчез по «таймеру» (DestroyActor) —
+			// снят с реестра, остаток уничтожен (не висит в мире).
+			AActor* Corpse2 = Build121TestWorld::Spawn<AActor>(World);
+			UCorpseLootComponent* Loot2 = Corpse2 ? NewObject<UCorpseLootComponent>(Corpse2) : nullptr;
+			AConsumableItem* Leftover = Build121TestWorld::SpawnConsumable(World, EConsumableType::Food, 2);
+			if (Loot2 && Leftover)
+			{
+				Loot2->RegisterComponent();
+				TArray<AMasterInventoryItem*> Items2;
+				Items2.Add(Leftover);
+				Loot2->InitLoot(10.0f, Items2);
+				TestEqual(TEXT("Two corpses registered"), Build121TestWorld::CountValidCorpses(World), 2);
+
+				World->DestroyActor(Corpse2);
+				TestEqual(TEXT("Expired corpse unregistered"), Build121TestWorld::CountValidCorpses(World), 1);
+				TestFalse(TEXT("Leftover item destroyed with corpse"), IsValid(Leftover));
+			}
+			else { bOk = false; }
+		}
+		else { bOk = false; }
+	}
+	Build121TestWorld::Destroy(World);
+	return bOk;
+}
+
+// ===========================================================================
+// 5. Труп: смерть ВОЛКА кладёт шкуру и деньги в труп и НЕ спавнит мешок-пикап (ТЗ А1);
+//    таймер трупа = 60 с (дефолт волны у волка и бандита).
+// ===========================================================================
+IMPLEMENT_SIMPLE_AUTOMATION_TEST(FBuild121WolfCorpseTest,
+	"ContrarySurvivor.Build121.Corpse.WolfDeathLootStaysInCorpse", Build121TestFlags)
+bool FBuild121WolfCorpseTest::RunTest(const FString& Parameters)
+{
+	UWorld* World = Build121TestWorld::Create();
+	TestNotNull(TEXT("Test world"), World);
+	if (!World) { return false; }
+
+	bool bOk = true;
+	{
+		AWolfCharacter* Wolf = Build121TestWorld::Spawn<AWolfCharacter>(World);
+		TestNotNull(TEXT("Wolf"), Wolf);
+		if (Wolf)
+		{
+			// Смертельный урон штатным путём (TakeDamage -> UStatsComponent -> HandleDeath).
+			Wolf->TakeDamage(1000.0f, FDamageEvent(), nullptr, nullptr);
+			TestTrue(TEXT("Wolf dead"), Wolf->GetStats() && Wolf->GetStats()->IsDead());
+
+			UCorpseLootComponent* Loot = Wolf->FindComponentByClass<UCorpseLootComponent>();
+			TestNotNull(TEXT("Wolf has corpse loot component"), Loot);
+			if (Loot)
+			{
+				TestTrue(TEXT("Corpse has loot"), Loot->HasLoot());
+				TestTrue(TEXT("Money in wolf range 5..15"), Loot->GetMoney() >= 5.0f && Loot->GetMoney() <= 15.0f);
+
+				const TArray<AMasterInventoryItem*> Items = Loot->GetLootItems();
+				TestEqual(TEXT("Exactly one item (pelt)"), Items.Num(), 1);
+				if (Items.Num() == 1)
+				{
+					TestEqual(TEXT("Pelt key intact (quest!)"), Items[0]->ItemName, FString(TEXT("Шкура волка")));
+					TestEqual(TEXT("Pelt stack = 1"), Items[0]->GetStackCount(), 1);
+					TestTrue(TEXT("Pelt is stackable"), Items[0]->IsStackable());
+				}
+			}
+
+			// Мешок-пикап больше НЕ спавнится (ТЗ А1: «мешок с трупов убрать»).
+			int32 Pickups = 0;
+			for (TActorIterator<APickup> It(World); It; ++It) { ++Pickups; }
+			TestEqual(TEXT("No pickup spawned on wolf death"), Pickups, 0);
+
+			// Таймер трупа: дефолт волны 60 с (ТЗ А1), сам труп ещё жив.
+			TestEqual(TEXT("Wolf corpse lifespan 60s"), Wolf->GetLifeSpan(), 60.0f);
+			TestTrue(TEXT("Corpse actor alive until timer"), IsValid(Wolf));
+		}
+		else { bOk = false; }
+	}
+	Build121TestWorld::Destroy(World);
+	return bOk;
+}
+
+// ===========================================================================
+// 6. Труп: смерть БАНДИТА — деньги в трупе (10..30), мешок-пикап не спавнится,
+//    таймер 60 с. Состав предметов вероятностный (35%) — количество не проверяем.
+// ===========================================================================
+IMPLEMENT_SIMPLE_AUTOMATION_TEST(FBuild121BanditCorpseTest,
+	"ContrarySurvivor.Build121.Corpse.BanditDeathLootStaysInCorpse", Build121TestFlags)
+bool FBuild121BanditCorpseTest::RunTest(const FString& Parameters)
+{
+	UWorld* World = Build121TestWorld::Create();
+	TestNotNull(TEXT("Test world"), World);
+	if (!World) { return false; }
+
+	bool bOk = true;
+	{
+		AEnemyCharacter* Bandit = Build121TestWorld::Spawn<AEnemyCharacter>(World);
+		TestNotNull(TEXT("Bandit"), Bandit);
+		if (Bandit)
+		{
+			Bandit->TakeDamage(1000.0f, FDamageEvent(), nullptr, nullptr);
+			TestTrue(TEXT("Bandit dead"), Bandit->GetStats() && Bandit->GetStats()->IsDead());
+
+			UCorpseLootComponent* Loot = Bandit->FindComponentByClass<UCorpseLootComponent>();
+			TestNotNull(TEXT("Bandit has corpse loot component"), Loot);
+			if (Loot)
+			{
+				TestTrue(TEXT("Corpse has loot"), Loot->HasLoot());
+				TestTrue(TEXT("Money in bandit range 10..30"), Loot->GetMoney() >= 10.0f && Loot->GetMoney() <= 30.0f);
+			}
+
+			int32 Pickups = 0;
+			for (TActorIterator<APickup> It(World); It; ++It) { ++Pickups; }
+			TestEqual(TEXT("No pickup spawned on bandit death"), Pickups, 0);
+
+			TestEqual(TEXT("Bandit corpse lifespan 60s"), Bandit->GetLifeSpan(), 60.0f);
+		}
+		else { bOk = false; }
+	}
+	Build121TestWorld::Destroy(World);
+	return bOk;
+}
+
+#endif // WITH_DEV_AUTOMATION_TESTS
diff --git a/Source/ContrarySurvivor/UI/CorpseLootWidget.cpp b/Source/ContrarySurvivor/UI/CorpseLootWidget.cpp
new file mode 100644
index 0000000..72701ca
--- /dev/null
+++ b/Source/ContrarySurvivor/UI/CorpseLootWidget.cpp
@@ -0,0 +1,447 @@
+// Fill out your copyright notice in the Description page of Project Settings.
+
+#include "ContrarySurvivor/UI/CorpseLootWidget.h"
+#include "ContrarySurvivor/ContrarySurvivor.h" // LogQA
+#include "ContrarySurvivor/Components/CorpseLootComponent.h"
+#include "ContrarySurvivor/Components/StatsComponent.h"
+#include "ContrarySurvivor/Characters/PlayerCharacter.h"
+#include "AMasterInventoryItem.h"
+#include "UInventoryComponent.h"
+#include "Blueprint/WidgetTree.h"
+#include "Components/Border.h"
+#include "Components/Button.h"
+#include "Components/CanvasPanel.h"
+#include "Components/CanvasPanelSlot.h"
+#include "Components/HorizontalBox.h"
+#include "Components/HorizontalBoxSlot.h"
+#include "Components/Image.h"
+#include "Components/ScrollBox.h"
+#include "Components/SizeBox.h"
+#include "Components/TextBlock.h"
+#include "Components/VerticalBox.h"
+#include "Components/VerticalBoxSlot.h"
+#include "Engine/Texture2D.h"
+#include "Styling/CoreStyle.h"
+
+// ===========================================================================
+// UCorpseLootRowWidget — одна строка списка обыска
+// ===========================================================================
+
+void UCorpseLootRowWidget::NativeOnInitialized()
+{
+	Super::NativeOnInitialized();
+
+	// Создан без WBP (RootWidget пуст) — строим кодовое дерево-фолбэк, чтобы окно
+	// работало и до генерации ассета (паттерн этапа F / UEndOfStoryWidget).
+	if (WidgetTree && !WidgetTree->RootWidget)
+	{
+		BuildFallbackTree();
+	}
+
+	if (TakeButton)
+	{
+		TakeButton->OnClicked.AddDynamic(this, &UCorpseLootRowWidget::HandleTakeClicked);
+	}
+	else
+	{
+		UE_LOG(LogQA, Warning, TEXT("CorpseLootRow: кубик TakeButton не найден — строку нельзя забрать кликом"));
+	}
+}
+
+void UCorpseLootRowWidget::BuildFallbackTree()
+{
+	// [иконка 32px][название (растяжка)][x3][кнопка «Забрать»] на тёмной подложке.
+	USizeBox* RowBox = WidgetTree->ConstructWidget<USizeBox>(USizeBox::StaticClass(), TEXT("CorpseRowBox"));
+	WidgetTree->RootWidget = RowBox;
+	RowBox->SetMinDesiredHeight(44.0f);
+
+	UBorder* RowPlate = WidgetTree->ConstructWidget<UBorder>(UBorder::StaticClass(), TEXT("CorpseRowPlate"));
+	RowPlate->SetBrushColor(FLinearColor(1.0f, 1.0f, 1.0f, 0.06f));
+	RowPlate->SetPadding(FMargin(8.0f, 4.0f));
+	RowBox->SetContent(RowPlate);
+
+	UHorizontalBox* Row = WidgetTree->ConstructWidget<UHorizontalBox>(UHorizontalBox::StaticClass(), TEXT("CorpseRowStack"));
+	RowPlate->SetContent(Row);
+
+	RowIcon = WidgetTree->ConstructWidget<UImage>(UImage::StaticClass(), TEXT("RowIcon"));
+	if (UHorizontalBoxSlot* IconSlot = Row->AddChildToHorizontalBox(RowIcon))
+	{
+		IconSlot->SetPadding(FMargin(0.0f, 0.0f, 8.0f, 0.0f));
+		IconSlot->SetVerticalAlignment(VAlign_Center);
+	}
+
+	RowNameText = WidgetTree->ConstructWidget<UTextBlock>(UTextBlock::StaticClass(), TEXT("RowNameText"));
+	RowNameText->SetFont(FCoreStyle::GetDefaultFontStyle("Regular", 14));
+	RowNameText->SetColorAndOpacity(FSlateColor(FLinearColor(0.95f, 0.95f, 0.95f, 1.0f)));
+	if (UHorizontalBoxSlot* NameSlot = Row->AddChildToHorizontalBox(RowNameText))
+	{
+		NameSlot->SetSize(FSlateChildSize(ESlateSizeRule::Fill));
+		NameSlot->SetVerticalAlignment(VAlign_Center);
+	}
+
+	RowCountText = WidgetTree->ConstructWidget<UTextBlock>(UTextBlock::StaticClass(), TEXT("RowCountText"));
+	RowCountText->SetFont(FCoreStyle::GetDefaultFontStyle("Bold", 14));
+	RowCountText->SetColorAndOpacity(FSlateColor(FLinearColor(1.0f, 0.85f, 0.3f, 1.0f)));
+	if (UHorizontalBoxSlot* CountSlot = Row->AddChildToHorizontalBox(RowCountText))
+	{
+		CountSlot->SetPadding(FMargin(8.0f, 0.0f));
+		CountSlot->SetVerticalAlignment(VAlign_Center);
+	}
+
+	// Тач-габарит кнопки задаёт SizeBox (у UButton 5.5 нет SetPadding).
+	USizeBox* TakeBox = WidgetTree->ConstructWidget<USizeBox>(USizeBox::StaticClass(), TEXT("CorpseRowTakeBox"));
+	TakeBox->SetWidthOverride(110.0f);
+	TakeBox->SetHeightOverride(36.0f);
+	if (UHorizontalBoxSlot* BtnSlot = Row->AddChildToHorizontalBox(TakeBox))
+	{
+		BtnSlot->SetVerticalAlignment(VAlign_Center);
+	}
+
+	TakeButton = WidgetTree->ConstructWidget<UButton>(UButton::StaticClass(), TEXT("TakeButton"));
+	TakeText = WidgetTree->ConstructWidget<UTextBlock>(UTextBlock::StaticClass(), TEXT("TakeText"));
+	TakeText->SetFont(FCoreStyle::GetDefaultFontStyle("Bold", 12));
+	TakeText->SetColorAndOpacity(FSlateColor(FLinearColor(0.05f, 0.05f, 0.05f, 1.0f)));
+	TakeButton->SetContent(TakeText);
+	TakeBox->SetContent(TakeButton);
+}
+
+void UCorpseLootRowWidget::SetupRow(UTexture2D* InIcon, const FText& InName, int32 InCount,
+	const FText& InTakeCaption)
+{
+	if (RowIcon)
+	{
+		if (InIcon)
+		{
+			// Габарит фиксируем В КИСТИ (Brush.ImageSize, 32px как иконки панели статов):
+			// SetDesiredSizeOverride пишет только в живой Slate и до конструирования виджета
+			// теряется (Image.cpp:122-128), а кисть надёжна в любой момент.
+			FSlateBrush IconBrush;
+			IconBrush.SetResourceObject(InIcon);
+			IconBrush.ImageSize = FVector2D(32.0f, 32.0f);
+			RowIcon->SetBrush(IconBrush);
+			RowIcon->SetVisibility(ESlateVisibility::SelfHitTestInvisible);
+		}
+		else
+		{
+			RowIcon->SetVisibility(ESlateVisibility::Collapsed);
+		}
+	}
+
+	if (RowNameText)
+	{
+		RowNameText->SetText(InName);
+	}
+
+	if (RowCountText)
+	{
+		if (InCount > 1)
+		{
+			FFormatNamedArguments Args;
+			Args.Add(TEXT("Count"), FText::AsNumber(InCount));
+			RowCountText->SetText(FText::Format(CountFormat, Args));
+			RowCountText->SetVisibility(ESlateVisibility::SelfHitTestInvisible);
+		}
+		else
+		{
+			RowCountText->SetVisibility(ESlateVisibility::Collapsed);
+		}
+	}
+
+	if (TakeText)
+	{
+		TakeText->SetText(InTakeCaption);
+	}
+}
+
+void UCorpseLootRowWidget::HandleTakeClicked()
+{
+	OnTakeClicked.Broadcast(this);
+}
+
+// ===========================================================================
+// UCorpseLootWidget — окно обыска
+// ===========================================================================
+
+void UCorpseLootWidget::NativeOnInitialized()
+{
+	Super::NativeOnInitialized();
+
+	// Дефолт класса строки — C++-строка с кодовым деревом: окно работает без ассетов.
+	if (!RowWidgetClass)
+	{
+		RowWidgetClass = UCorpseLootRowWidget::StaticClass();
+	}
+
+	if (WidgetTree && !WidgetTree->RootWidget)
+	{
+		BuildFallbackTree();
+	}
+
+	if (TitleText)
+	{
+		TitleText->SetText(TitleLabel);
+	}
+	if (TakeAllText)
+	{
+		TakeAllText->SetText(TakeAllCaption);
+	}
+	if (CloseText)
+	{
+		CloseText->SetText(CloseCaption);
+	}
+
+	if (TakeAllButton)
+	{
+		TakeAllButton->OnClicked.AddDynamic(this, &UCorpseLootWidget::HandleTakeAllClicked);
+	}
+	else
+	{
+		UE_LOG(LogQA, Warning, TEXT("CorpseLootWidget: кубик TakeAllButton не найден в WBP_CorpseLoot"));
+	}
+	if (CloseButton)
+	{
+		CloseButton->OnClicked.AddDynamic(this, &UCorpseLootWidget::HandleCloseClicked);
+	}
+	else
+	{
+		UE_LOG(LogQA, Warning, TEXT("CorpseLootWidget: кубик CloseButton не найден в WBP_CorpseLoot"));
+	}
+}
+
+void UCorpseLootWidget::BuildFallbackTree()
+{
+	// Центр экрана: колонка «заголовок + крестик / список / Забрать всё» на тёмной панели.
+	UCanvasPanel* Root = WidgetTree->ConstructWidget<UCanvasPanel>(UCanvasPanel::StaticClass(), TEXT("CorpseLootRoot"));
+	WidgetTree->RootWidget = Root;
+
+	USizeBox* Frame = WidgetTree->ConstructWidget<USizeBox>(USizeBox::StaticClass(), TEXT("CorpseLootFrame"));
+	Frame->SetWidthOverride(560.0f);
+	Frame->SetHeightOverride(520.0f);
+	if (UCanvasPanelSlot* FrameSlot = Root->AddChildToCanvas(Frame))
+	{
+		FrameSlot->SetAnchors(FAnchors(0.5f, 0.5f));
+		FrameSlot->SetAlignment(FVector2D(0.5f, 0.5f));
+		FrameSlot->SetAutoSize(true);
+	}
+
+	UBorder* Plate = WidgetTree->ConstructWidget<UBorder>(UBorder::StaticClass(), TEXT("CorpseLootPlate"));
+	Plate->SetBrushColor(FLinearColor(0.02f, 0.02f, 0.03f, 0.92f));
+	Plate->SetPadding(FMargin(16.0f, 12.0f));
+	Frame->SetContent(Plate);
+
+	UVerticalBox* Column = WidgetTree->ConstructWidget<UVerticalBox>(UVerticalBox::StaticClass(), TEXT("CorpseLootColumn"));
+	Plate->SetContent(Column);
+
+	// Шапка: заголовок слева, крестик справа.
+	UHorizontalBox* Header = WidgetTree->ConstructWidget<UHorizontalBox>(UHorizontalBox::StaticClass(), TEXT("CorpseLootHeader"));
+	if (UVerticalBoxSlot* HeaderSlot = Column->AddChildToVerticalBox(Header))
+	{
+		HeaderSlot->SetPadding(FMargin(0.0f, 0.0f, 0.0f, 10.0f));
+	}
+
+	TitleText = WidgetTree->ConstructWidget<UTextBlock>(UTextBlock::StaticClass(), TEXT("TitleText"));
+	TitleText->SetFont(FCoreStyle::GetDefaultFontStyle("Bold", 18));
+	TitleText->SetColorAndOpacity(FSlateColor(FLinearColor(0.95f, 0.95f, 0.95f, 1.0f)));
+	if (UHorizontalBoxSlot* TitleSlot = Header->AddChildToHorizontalBox(TitleText))
+	{
+		TitleSlot->SetSize(FSlateChildSize(ESlateSizeRule::Fill));
+		TitleSlot->SetVerticalAlignment(VAlign_Center);
+	}
+
+	USizeBox* CloseBox = WidgetTree->ConstructWidget<USizeBox>(USizeBox::StaticClass(), TEXT("CorpseLootCloseBox"));
+	CloseBox->SetWidthOverride(40.0f);
+	CloseBox->SetHeightOverride(36.0f);
+	Header->AddChildToHorizontalBox(CloseBox);
+
+	CloseButton = WidgetTree->ConstructWidget<UButton>(UButton::StaticClass(), TEXT("CloseButton"));
+	CloseText = WidgetTree->ConstructWidget<UTextBlock>(UTextBlock::StaticClass(), TEXT("CloseText"));
+	CloseText->SetFont(FCoreStyle::GetDefaultFontStyle("Bold", 14));
+	CloseText->SetColorAndOpacity(FSlateColor(FLinearColor(0.05f, 0.05f, 0.05f, 1.0f)));
+	CloseButton->SetContent(CloseText);
+	CloseBox->SetContent(CloseButton);
+
+	// Список лута (деньги + предметы одним списком): растяжка на всю середину окна.
+	LootList = WidgetTree->ConstructWidget<UScrollBox>(UScrollBox::StaticClass(), TEXT("LootList"));
+	if (UVerticalBoxSlot* ListSlot = Column->AddChildToVerticalBox(LootList))
+	{
+		ListSlot->SetSize(FSlateChildSize(ESlateSizeRule::Fill));
+		ListSlot->SetPadding(FMargin(0.0f, 0.0f, 0.0f, 10.0f));
+	}
+
+	// Низ: кнопка «Забрать всё» по центру.
+	USizeBox* TakeAllBox = WidgetTree->ConstructWidget<USizeBox>(USizeBox::StaticClass(), TEXT("CorpseLootTakeAllBox"));
+	TakeAllBox->SetWidthOverride(220.0f);
+	TakeAllBox->SetHeightOverride(44.0f);
+	if (UVerticalBoxSlot* TakeAllSlot = Column->AddChildToVerticalBox(TakeAllBox))
+	{
+		TakeAllSlot->SetHorizontalAlignment(HAlign_Center);
+	}
+
+	TakeAllButton = WidgetTree->ConstructWidget<UButton>(UButton::StaticClass(), TEXT("TakeAllButton"));
+	TakeAllText = WidgetTree->ConstructWidget<UTextBlock>(UTextBlock::StaticClass(), TEXT("TakeAllText"));
+	TakeAllText->SetFont(FCoreStyle::GetDefaultFontStyle("Bold", 14));
+	TakeAllText->SetColorAndOpacity(FSlateColor(FLinearColor(0.05f, 0.05f, 0.05f, 1.0f)));
+	TakeAllButton->SetContent(TakeAllText);
+	TakeAllBox->SetContent(TakeAllButton);
+}
+
+void UCorpseLootWidget::InitCorpseLoot(UCorpseLootComponent* InCorpse, APlayerCharacter* InPlayer)
+{
+	Corpse = InCorpse;
+	Player = InPlayer;
+	bCloseRequested = false;
+	RefreshList();
+}
+
+void UCorpseLootWidget::NativeTick(const FGeometry& MyGeometry, float InDeltaTime)
+{
+	Super::NativeTick(MyGeometry, InDeltaTime);
+
+	// Таймер трупа истёк под открытым окном — просим контроллер закрыть нас (один раз).
+	if (!bCloseRequested && !Corpse.IsValid())
+	{
+		bCloseRequested = true;
+		UE_LOG(LogQA, Display, TEXT("QA: CORPSE window - corpse expired, requesting close"));
+		OnCloseRequested.Broadcast();
+	}
+}
+
+void UCorpseLootWidget::RefreshList()
+{
+	if (!LootList)
+	{
+		UE_LOG(LogQA, Warning, TEXT("CorpseLootWidget: кубик LootList не найден — список не построен"));
+		return;
+	}
+
+	LootList->ClearChildren();
+
+	UCorpseLootComponent* CorpsePtr = Corpse.Get();
+	if (!CorpsePtr)
+	{
+		return;
+	}
+
+	APlayerController* PC = GetOwningPlayer();
+
+	// Строка денег — первой (дефолт Рината: деньги и предметы одним списком).
+	if (CorpsePtr->GetMoney() > 0.0f)
+	{
+		if (UCorpseLootRowWidget* Row = CreateWidget<UCorpseLootRowWidget>(PC, RowWidgetClass))
+		{
+			Row->bMoneyRow = true;
+			Row->SetupRow(nullptr, MoneyRowLabel,
+				FMath::RoundToInt32(CorpsePtr->GetMoney()), TakeCaption);
+			Row->OnTakeClicked.AddUObject(this, &UCorpseLootWidget::HandleRowTake);
+			LootList->AddChild(Row);
+		}
+	}
+
+	// Предметы трупа: иконка + переводимое название + количество стака.
+	for (AMasterInventoryItem* Item : CorpsePtr->GetLootItems())
+	{
+		if (UCorpseLootRowWidget* Row = CreateWidget<UCorpseLootRowWidget>(PC, RowWidgetClass))
+		{
+			Row->Item = Item;
+			// Иконки может ещё не быть (рисует художник) — строка живёт на тексте.
+			UTexture2D* Icon = Item->ItemIcon.IsNull() ? nullptr : Item->ItemIcon.LoadSynchronous();
+			Row->SetupRow(Icon, Item->GetItemDisplayText(), Item->GetStackCount(), TakeCaption);
+			Row->OnTakeClicked.AddUObject(this, &UCorpseLootWidget::HandleRowTake);
+			LootList->AddChild(Row);
+		}
+	}
+
+	// Всё забрано — заглушка «Пусто» (труп лежит до таймера, окно не закрываем насильно).
+	if (!CorpsePtr->HasLoot())
+	{
+		if (UTextBlock* Empty = WidgetTree
+			? WidgetTree->ConstructWidget<UTextBlock>(UTextBlock::StaticClass()) : nullptr)
+		{
+			Empty->SetText(EmptyLabel);
+			Empty->SetFont(FCoreStyle::GetDefaultFontStyle("Italic", 14));
+			Empty->SetColorAndOpacity(FSlateColor(FLinearColor(0.7f, 0.7f, 0.7f, 1.0f)));
+			Empty->SetJustification(ETextJustify::Center);
+			LootList->AddChild(Empty);
+		}
+	}
+}
+
+bool UCorpseLootWidget::TakeItemToBackpack(AMasterInventoryItem* TakenItem)
+{
+	UCorpseLootComponent* CorpsePtr = Corpse.Get();
+	UInventoryComponent* Inventory = Player ? Player->GetInventory() : nullptr;
+	if (!CorpsePtr || !Inventory || !IsValid(TakenItem))
+	{
+		return false;
+	}
+
+	if (!CorpsePtr->TakeItem(TakenItem))
+	{
+		return false; // предмета уже нет в трупе (двойной клик по устаревшей строке)
+	}
+
+	if (!Inventory->AddItem(TakenItem))
+	{
+		// В рюкзак не лёг (сегодня AddItem false только на null) — не оставляем сироту.
+		TakenItem->Destroy();
+		UE_LOG(LogQA, Warning, TEXT("CorpseLootWidget: предмет не лёг в рюкзак — уничтожен, чтобы не висел в мире"));
+		return false;
+	}
+	return true;
+}
+
+void UCorpseLootWidget::TakeMoneyToPlayer()
+{
+	UCorpseLootComponent* CorpsePtr = Corpse.Get();
+	UStatsComponent* Stats = Player ? Player->FindComponentByClass<UStatsComponent>() : nullptr;
+	if (!CorpsePtr || !Stats)
+	{
+		return;
+	}
+
+	const float Taken = CorpsePtr->TakeMoney();
+	if (Taken > 0.0f)
+	{
+		Stats->AddMoney(Taken);
+	}
+}
+
+void UCorpseLootWidget::HandleRowTake(UCorpseLootRowWidget* Row)
+{
+	if (!Row)
+	{
+		return;
+	}
+
+	if (Row->bMoneyRow)
+	{
+		TakeMoneyToPlayer();
+	}
+	else if (AMasterInventoryItem* TakenItem = Row->Item.Get())
+	{
+		TakeItemToBackpack(TakenItem);
+	}
+
+	// Частичный обыск: остаток остаётся в трупе, список пересобирается по факту.
+	RefreshList();
+}
+
+void UCorpseLootWidget::HandleTakeAllClicked()
+{
+	TakeMoneyToPlayer();
+
+	if (UCorpseLootComponent* CorpsePtr = Corpse.Get())
+	{
+		for (AMasterInventoryItem* Item : CorpsePtr->GetLootItems())
+		{
+			TakeItemToBackpack(Item);
+		}
+	}
+
+	RefreshList();
+}
+
+void UCorpseLootWidget::HandleCloseClicked()
+{
+	OnCloseRequested.Broadcast(); // мир закрывает контроллер (CloseCorpseLoot)
+}
diff --git a/Source/ContrarySurvivor/UI/CorpseLootWidget.h b/Source/ContrarySurvivor/UI/CorpseLootWidget.h
new file mode 100644
index 0000000..b2bf2ed
--- /dev/null
+++ b/Source/ContrarySurvivor/UI/CorpseLootWidget.h
@@ -0,0 +1,196 @@
+// Fill out your copyright notice in the Description page of Project Settings.
+
+#pragma once
+
+#include "CoreMinimal.h"
+#include "Blueprint/UserWidget.h"
+#include "CorpseLootWidget.generated.h"
+
+class UTextBlock;
+class UButton;
+class UImage;
+class UScrollBox;
+class UTexture2D;
+class UCorpseLootComponent;
+class AMasterInventoryItem;
+class APlayerCharacter;
+
+// Клик «Забрать» строки обыска. Параметр — сама строка: подписчик (UCorpseLootWidget)
+// читает из неё, предмет это или деньги (паттерн FOnInventoryRowAction).
+DECLARE_MULTICAST_DELEGATE_OneParam(FOnCorpseLootRowTake, class UCorpseLootRowWidget*);
+
+/**
+ * Одна строка окна обыска трупа (Build 1.2.1, ТЗ А1): иконка + название + количество +
+ * кнопка «Забрать». Деньги — такая же строка (дефолт Рината: предметы и деньги одним
+ * списком). Раскладку WBP_CorpseLootRow может собрать Ринат (кубики по ТОЧНЫМ именам,
+ * BindWidgetOptional); БЕЗ ассета строка строит себе кодовое дерево сама
+ * (NativeOnInitialized, паттерн этапа F) — окно работает и до генерации WBP.
+ */
+UCLASS()
+class CONTRARYSURVIVOR_API UCorpseLootRowWidget : public UUserWidget
+{
+	GENERATED_BODY()
+
+public:
+	// Заполнить строку: иконка (nullptr — прячется), название, количество (<=1 — прячется),
+	// подпись кнопки «Забрать».
+	void SetupRow(UTexture2D* InIcon, const FText& InName, int32 InCount, const FText& InTakeCaption);
+
+	FOnCorpseLootRowTake OnTakeClicked;
+
+	// Полезная нагрузка строки: предмет трупа ЛИБО признак «это строка денег».
+	TWeakObjectPtr<AMasterInventoryItem> Item;
+	bool bMoneyRow = false;
+
+	// Формат количества: {Count} — сколько штук в стаке.
+	UPROPERTY(EditAnywhere, BlueprintReadWrite, Category = "CorpseLoot|Texts", meta = (DisplayPriority = "1"))
+	FText CountFormat = NSLOCTEXT("CorpseLoot", "CountFormat", "x{Count}");
+
+protected:
+	virtual void NativeOnInitialized() override;
+
+	UFUNCTION() void HandleTakeClicked();
+
+	// --- Кубики WBP_CorpseLootRow (имена ТОЧНЫЕ; нет ассета — кодовое дерево) ---
+
+	// Иконка предмета (у денег и предметов без иконки — Collapsed).
+	UPROPERTY(meta = (BindWidgetOptional))
+	TObjectPtr<UImage> RowIcon;
+
+	// Название предмета / «Деньги».
+	UPROPERTY(meta = (BindWidgetOptional))
+	TObjectPtr<UTextBlock> RowNameText;
+
+	// Количество «x3» (стак) или сумма денег; при 1 штуке — прячется.
+	UPROPERTY(meta = (BindWidgetOptional))
+	TObjectPtr<UTextBlock> RowCountText;
+
+	// Кнопка «Забрать» и её подпись (подпись ВНУТРИ кнопки — прячется вместе с ней).
+	UPROPERTY(meta = (BindWidgetOptional))
+	TObjectPtr<UButton> TakeButton;
+
+	UPROPERTY(meta = (BindWidgetOptional))
+	TObjectPtr<UTextBlock> TakeText;
+
+private:
+	// Кодовое дерево-фолбэк, если строка создана без WBP (кубики пустые).
+	void BuildFallbackTree();
+};
+
+/**
+ * Окно обыска трупа (Build 1.2.1, ТЗ А1; Ринат: «Открывается окно (похожее немного на
+ * экран торговли) и игрок выбирает что из лута трупа себе в инвентарь добавить. Как в
+ * сталкере, LDoE»).
+ *
+ * Содержимое: список предметов трупа (иконка+название+количество) И деньги ОДНИМ списком
+ * (дефолт Рината), забор кликом по строке («Забрать»), кнопка «Забрать всё», закрытие —
+ * крестик/Esc (Esc ведёт контроллер). Частичный обыск штатен: остаток лежит в трупе до
+ * таймера исчезновения.
+ *
+ * Архитектура — ADR-048, по образцу UShopScreenWidget: логика здесь, раскладку
+ * WBP_CorpseLoot (канвас-схема) строит Ринат/генератор; кубики цепляются по ТОЧНЫМ
+ * именам через BindWidgetOptional. ЗАПАСНОЙ ВИД: если виджет создан БЕЗ ассета (слот
+ * класса на HUD пуст), NativeOnInitialized строит дерево кодом (паттерн этапа F /
+ * UEndOfStoryWidget) — механика работает и до генерации/назначения WBP.
+ *
+ * Закрытие — делегат OnCloseRequested: мир/режим ввода возвращает контроллер
+ * (CloseCorpseLoot), сам виджет их не трогает (как магазин).
+ */
+UCLASS()
+class CONTRARYSURVIVOR_API UCorpseLootWidget : public UUserWidget
+{
+	GENERATED_BODY()
+
+public:
+	// Привязка данных после CreateWidget (труп + игрок) и первая сборка списка.
+	void InitCorpseLoot(UCorpseLootComponent* InCorpse, APlayerCharacter* InPlayer);
+
+	// Крестик нажат / труп исчез под открытым окном — подписан контроллер (CloseCorpseLoot).
+	FSimpleMulticastDelegate OnCloseRequested;
+
+	// --- Настройки (Class Defaults WBP_CorpseLoot) ---
+
+	// Класс строки списка. Дефолт — C++-класс (строка строит кодовое дерево сама);
+	// Ринат может назначить сюда WBP_CorpseLootRow, когда/если тот появится.
+	UPROPERTY(EditAnywhere, BlueprintReadWrite, Category = "CorpseLoot", meta = (DisplayPriority = "1"))
+	TSubclassOf<UCorpseLootRowWidget> RowWidgetClass;
+
+	// Заголовок окна (в кодовом фолбэке; в WBP кубик TitleText может держать и статичный текст).
+	UPROPERTY(EditAnywhere, BlueprintReadWrite, Category = "CorpseLoot|Texts", meta = (DisplayPriority = "1"))
+	FText TitleLabel = NSLOCTEXT("CorpseLoot", "Title", "Обыск трупа");
+
+	// Название строки денег в общем списке.
+	UPROPERTY(EditAnywhere, BlueprintReadWrite, Category = "CorpseLoot|Texts", meta = (DisplayPriority = "2"))
+	FText MoneyRowLabel = NSLOCTEXT("CorpseLoot", "MoneyRow", "Деньги");
+
+	// Подпись кнопки забора в строке.
+	UPROPERTY(EditAnywhere, BlueprintReadWrite, Category = "CorpseLoot|Texts", meta = (DisplayPriority = "3"))
+	FText TakeCaption = NSLOCTEXT("CorpseLoot", "Take", "Забрать");
+
+	// Подпись кнопки «Забрать всё».
+	UPROPERTY(EditAnywhere, BlueprintReadWrite, Category = "CorpseLoot|Texts", meta = (DisplayPriority = "4"))
+	FText TakeAllCaption = NSLOCTEXT("CorpseLoot", "TakeAll", "Забрать всё");
+
+	// Подпись крестика (кодовый фолбэк; в WBP Ринат волен нарисовать свой крестик).
+	UPROPERTY(EditAnywhere, BlueprintReadWrite, Category = "CorpseLoot|Texts", meta = (DisplayPriority = "5"))
+	FText CloseCaption = NSLOCTEXT("CorpseLoot", "Close", "X");
+
+	// Строка-заглушка пустого трупа (всё забрано, труп лежит до таймера).
+	UPROPERTY(EditAnywhere, BlueprintReadWrite, Category = "CorpseLoot|Texts", meta = (DisplayPriority = "6"))
+	FText EmptyLabel = NSLOCTEXT("CorpseLoot", "Empty", "Пусто");
+
+protected:
+	virtual void NativeOnInitialized() override;
+
+	// Труп исчез по таймеру под открытым окном — окно честно просит закрытия (один раз).
+	virtual void NativeTick(const FGeometry& MyGeometry, float InDeltaTime) override;
+
+	UFUNCTION() void HandleTakeAllClicked();
+	UFUNCTION() void HandleCloseClicked();
+
+	// Клик «Забрать» строки (payload — в строке).
+	void HandleRowTake(UCorpseLootRowWidget* Row);
+
+	// Полная пересборка списка по текущему содержимому трупа.
+	void RefreshList();
+
+	// --- Кубики WBP_CorpseLoot (имена ТОЧНЫЕ; нет ассета — кодовое дерево) ---
+
+	UPROPERTY(meta = (BindWidgetOptional))
+	TObjectPtr<UTextBlock> TitleText;
+
+	// Список лута (деньги + предметы одним списком, прокрутка штатная).
+	UPROPERTY(meta = (BindWidgetOptional))
+	TObjectPtr<UScrollBox> LootList;
+
+	UPROPERTY(meta = (BindWidgetOptional))
+	TObjectPtr<UButton> TakeAllButton;
+
+	UPROPERTY(meta = (BindWidgetOptional))
+	TObjectPtr<UTextBlock> TakeAllText;
+
+	UPROPERTY(meta = (BindWidgetOptional))
+	TObjectPtr<UButton> CloseButton;
+
+	UPROPERTY(meta = (BindWidgetOptional))
+	TObjectPtr<UTextBlock> CloseText;
+
+private:
+	// Кодовое дерево-фолбэк, если окно создано без WBP.
+	void BuildFallbackTree();
+
+	// Забрать один предмет трупа в рюкзак игрока. true — предмет ушёл игроку.
+	bool TakeItemToBackpack(AMasterInventoryItem* TakenItem);
+
+	// Забрать деньги трупа на баланс игрока.
+	void TakeMoneyToPlayer();
+
+	// Труп (слабая ссылка: исчезает по таймеру независимо от окна) и игрок.
+	TWeakObjectPtr<UCorpseLootComponent> Corpse;
+
+	UPROPERTY()
+	TObjectPtr<APlayerCharacter> Player;
+
+	// Закрытие уже запрошено (труп исчез) — не спамим делегат каждый тик.
+	bool bCloseRequested = false;
+};
diff --git a/Source/ContrarySurvivor/UI/DeathScreenWidget.cpp b/Source/ContrarySurvivor/UI/DeathScreenWidget.cpp
index 859c849..3be5ad3 100644
--- a/Source/ContrarySurvivor/UI/DeathScreenWidget.cpp
+++ b/Source/ContrarySurvivor/UI/DeathScreenWidget.cpp
@@ -208,7 +208,8 @@ void UDeathScreenWidget::RefreshLossPreview()
 	IAdService* Ads = AdService::Get(this);
 
 	FString DenyReason;
-	if (!AdGating::IsPlaytimeGatePassed(Player->GetTotalPlayTimeSeconds()))
+	// Порог теперь EditAnywhere на игроке (Build 1.2.1 В1: 360 с вместо константы 15 мин).
+	if (!AdGating::IsPlaytimeGatePassed(Player->GetTotalPlayTimeSeconds(), Player->GetAdMinPlaytimeSeconds()))
 	{
 		DenyReason = TEXT("under_15min");
 	}
diff --git a/Source/ContrarySurvivor/UI/EndOfStoryWidget.cpp b/Source/ContrarySurvivor/UI/EndOfStoryWidget.cpp
index 926d4de..b1fbfe7 100644
--- a/Source/ContrarySurvivor/UI/EndOfStoryWidget.cpp
+++ b/Source/ContrarySurvivor/UI/EndOfStoryWidget.cpp
@@ -26,6 +26,47 @@ void UEndOfStoryWidget::NativeOnInitialized()
 		return;
 	}
 
+	// Build 1.2.1 (ТЗ Д2), детект как в TouchControlsWidget.cpp: WBP-наследник приходит с
+	// деревом Рината, построенным из ассета ДО этого вызова, — кубики уже привязаны
+	// BindWidgetOptional, строить и стилизовать ничего не нужно.
+	bDesignerTree = (WidgetTree->RootWidget != nullptr);
+	if (bDesignerTree)
+	{
+		// Недостающие имена — предупреждение (элемент не работает, остальное живёт).
+		struct { const UWidget* W; const TCHAR* Name; } Expected[] =
+		{
+			{ MessageText, TEXT("MessageText") }, { StatusText, TEXT("StatusText") },
+			{ WriteButton, TEXT("WriteButton") }, { PlayButton, TEXT("PlayButton") },
+			{ WriteButtonText, TEXT("WriteButtonText") }, { PlayButtonText, TEXT("PlayButtonText") },
+		};
+		for (const auto& Entry : Expected)
+		{
+			if (!Entry.W)
+			{
+				UE_LOG(LogQA, Warning,
+					TEXT("EndOfStoryWidget: кубик %s не найден в WBP_EndOfStory — элемент отключён"),
+					Entry.Name);
+			}
+		}
+	}
+	else
+	{
+		BuildCodeTree();
+	}
+
+	// Клики — в обоих путях (в WBP кнопки пришли из дизайнера, обработчики всё равно наши).
+	if (WriteButton)
+	{
+		WriteButton->OnClicked.AddDynamic(this, &UEndOfStoryWidget::HandleWriteClicked);
+	}
+	if (PlayButton)
+	{
+		PlayButton->OnClicked.AddDynamic(this, &UEndOfStoryWidget::HandlePlayClicked);
+	}
+}
+
+void UEndOfStoryWidget::BuildCodeTree()
+{
 	UCanvasPanel* Root = WidgetTree->ConstructWidget<UCanvasPanel>(UCanvasPanel::StaticClass(), TEXT("EndOfStoryRoot"));
 	WidgetTree->RootWidget = Root;
 
@@ -34,28 +75,27 @@ void UEndOfStoryWidget::NativeOnInitialized()
 
 	// SizeBox фиксирует ширину, Border — подложка; внутри вертикальный стек:
 	// сообщение -> строка-статус (скрыта) -> ряд кнопок. Высота растёт за текстом.
-	WidthBox = WidgetTree->ConstructWidget<USizeBox>(USizeBox::StaticClass(), TEXT("EndOfStoryWidth"));
-	Plate = WidgetTree->ConstructWidget<UBorder>(UBorder::StaticClass(), TEXT("EndOfStoryPlate"));
+	// Имена кубиков = именам BindWidgetOptional-полей (те же, что в WBP_EndOfStory).
+	WidthBox = WidgetTree->ConstructWidget<USizeBox>(USizeBox::StaticClass(), TEXT("WidthBox"));
+	Plate = WidgetTree->ConstructWidget<UBorder>(UBorder::StaticClass(), TEXT("Plate"));
 	UVerticalBox* Stack = WidgetTree->ConstructWidget<UVerticalBox>(UVerticalBox::StaticClass(), TEXT("EndOfStoryStack"));
 
-	MessageText = WidgetTree->ConstructWidget<UTextBlock>(UTextBlock::StaticClass(), TEXT("EndOfStoryMessage"));
+	MessageText = WidgetTree->ConstructWidget<UTextBlock>(UTextBlock::StaticClass(), TEXT("MessageText"));
 	MessageText->SetAutoWrapText(true);
 	MessageText->SetJustification(ETextJustify::Left);
 
-	StatusText = WidgetTree->ConstructWidget<UTextBlock>(UTextBlock::StaticClass(), TEXT("EndOfStoryStatus"));
+	StatusText = WidgetTree->ConstructWidget<UTextBlock>(UTextBlock::StaticClass(), TEXT("StatusText"));
 	StatusText->SetAutoWrapText(true);
 	StatusText->SetJustification(ETextJustify::Center);
 	StatusText->SetVisibility(ESlateVisibility::Collapsed);
 
 	UHorizontalBox* ButtonRow = WidgetTree->ConstructWidget<UHorizontalBox>(UHorizontalBox::StaticClass(), TEXT("EndOfStoryButtons"));
-	WriteButton = WidgetTree->ConstructWidget<UButton>(UButton::StaticClass(), TEXT("EndOfStoryWriteBtn"));
-	PlayButton = WidgetTree->ConstructWidget<UButton>(UButton::StaticClass(), TEXT("EndOfStoryPlayBtn"));
-	WriteButtonText = WidgetTree->ConstructWidget<UTextBlock>(UTextBlock::StaticClass(), TEXT("EndOfStoryWriteLabel"));
-	PlayButtonText = WidgetTree->ConstructWidget<UTextBlock>(UTextBlock::StaticClass(), TEXT("EndOfStoryPlayLabel"));
+	WriteButton = WidgetTree->ConstructWidget<UButton>(UButton::StaticClass(), TEXT("WriteButton"));
+	PlayButton = WidgetTree->ConstructWidget<UButton>(UButton::StaticClass(), TEXT("PlayButton"));
+	WriteButtonText = WidgetTree->ConstructWidget<UTextBlock>(UTextBlock::StaticClass(), TEXT("WriteButtonText"));
+	PlayButtonText = WidgetTree->ConstructWidget<UTextBlock>(UTextBlock::StaticClass(), TEXT("PlayButtonText"));
 	WriteButton->SetContent(WriteButtonText);
 	PlayButton->SetContent(PlayButtonText);
-	WriteButton->OnClicked.AddDynamic(this, &UEndOfStoryWidget::HandleWriteClicked);
-	PlayButton->OnClicked.AddDynamic(this, &UEndOfStoryWidget::HandlePlayClicked);
 
 	if (UVerticalBoxSlot* MsgSlot = Stack->AddChildToVerticalBox(MessageText))
 	{
@@ -91,6 +131,12 @@ void UEndOfStoryWidget::NativeOnInitialized()
 
 void UEndOfStoryWidget::ApplyStyle(const FEndOfStoryStyle& Style)
 {
+	// Дерево из WBP: стиль/раскладка целиком Рината (ТЗ Д2) — HUD-стиль не применяется
+	// (тот же принцип, что у тач-слоя: «код кубики не перекрашивает»).
+	if (bDesignerTree)
+	{
+		return;
+	}
 	if (WidthBox)
 	{
 		WidthBox->SetWidthOverride(FMath::Max(200.0f, Style.BoxWidth));
diff --git a/Source/ContrarySurvivor/UI/EndOfStoryWidget.h b/Source/ContrarySurvivor/UI/EndOfStoryWidget.h
index a9f8ba7..786513d 100644
--- a/Source/ContrarySurvivor/UI/EndOfStoryWidget.h
+++ b/Source/ContrarySurvivor/UI/EndOfStoryWidget.h
@@ -96,9 +96,14 @@ struct FEndOfStoryGate
  * Кнопки: [Написать мне] — открывает ссылку на канал, а пока ссылки нет, показывает строку
  * «Канал скоро появится»; [Играть дальше] — закрывает плашку.
  *
- * Дерево целиком строится в C++ (WidgetTree), .uasset не нужен — создаётся напрямую
- * CreateWidget<UEndOfStoryWidget>(PC, UEndOfStoryWidget::StaticClass()) (образец —
- * ULimpIndicatorWidget). Тексты и стиль — EditAnywhere-поля AContrarySurvivorHUD.
+ * Build 1.2.1 (ТЗ Д2) — два пути, как у UTouchControlsWidget:
+ *  - создан из WBP_EndOfStory (родитель этот класс) → дерево Рината из дизайнера, кубики
+ *    приходят по BindWidgetOptional-именам (Plate/MessageText/StatusText/WriteButton/
+ *    PlayButton/WriteButtonText/PlayButtonText), код их НЕ перекрашивает (стиль целиком
+ *    в ассете); ассет генерирует GenerateWbpCommandlet (канвас-первая, кнопки с ручками);
+ *  - ассета нет / слот HUD пуст → прежний кодовый вид: дерево строится в C++ (WidgetTree),
+ *    стиль — EditAnywhere-поля AContrarySurvivorHUD (FEndOfStoryStyle).
+ * Тексты в ОБОИХ путях ставит InitContent (дословный текст Рината живёт на HUD).
  */
 UCLASS()
 class CONTRARYSURVIVOR_API UEndOfStoryWidget : public USelfHidingWidget
@@ -112,7 +117,8 @@ public:
 		const FText& InPlayButtonLabel, const FText& InChannelPendingText,
 		const FString& InChannelUrl);
 
-	// Применяет стиль к уже построенному дереву (зовёт HUD сразу после создания).
+	// Применяет стиль к КОДОВОМУ дереву (зовёт HUD сразу после создания). Для дерева из
+	// WBP — no-op: стиль и раскладка целиком принадлежат ассету Рината (ТЗ Д2).
 	void ApplyStyle(const FEndOfStoryStyle& Style);
 
 protected:
@@ -129,32 +135,41 @@ private:
 	// Закрыть плашку и вернуть игровой режим ввода (если игрок не успел открыть модалку).
 	void CloseAndRestoreInput();
 
-	// Фиксирует ширину плашки; высота растёт за текстом (авто-перенос).
-	UPROPERTY()
+	// Строит прежнее кодовое дерево (путь «ассета нет»). Имена кубиков = именам полей —
+	// те же, что генерирует коммандлет в WBP_EndOfStory (BindWidgetOptional биндит по имени).
+	void BuildCodeTree();
+
+	// --- Кубики: из WBP по BindWidgetOptional ЛИБО из BuildCodeTree (имена совпадают) ---
+
+	// Фиксирует ширину плашки (только кодовое дерево; в WBP её нет — размер у канвас-слотов).
+	UPROPERTY(meta = (BindWidgetOptional))
 	TObjectPtr<USizeBox> WidthBox;
 
-	UPROPERTY()
+	UPROPERTY(meta = (BindWidgetOptional))
 	TObjectPtr<UBorder> Plate;
 
-	UPROPERTY()
+	UPROPERTY(meta = (BindWidgetOptional))
 	TObjectPtr<UTextBlock> MessageText;
 
 	// Строка «Канал скоро появится» — скрыта, показывается по [Написать мне] при пустой ссылке.
-	UPROPERTY()
+	UPROPERTY(meta = (BindWidgetOptional))
 	TObjectPtr<UTextBlock> StatusText;
 
-	UPROPERTY()
+	UPROPERTY(meta = (BindWidgetOptional))
 	TObjectPtr<UButton> WriteButton;
 
-	UPROPERTY()
+	UPROPERTY(meta = (BindWidgetOptional))
 	TObjectPtr<UButton> PlayButton;
 
-	UPROPERTY()
+	UPROPERTY(meta = (BindWidgetOptional))
 	TObjectPtr<UTextBlock> WriteButtonText;
 
-	UPROPERTY()
+	UPROPERTY(meta = (BindWidgetOptional))
 	TObjectPtr<UTextBlock> PlayButtonText;
 
+	// Дерево пришло из WBP-ассета (детект в NativeOnInitialized, как TouchControlsWidget.cpp).
+	bool bDesignerTree = false;
+
 	// Текст-статус и ссылка (латчатся в InitContent).
 	FText ChannelPendingText;
 	FString ChannelUrl;
diff --git a/Source/ContrarySurvivor/UI/InventoryScreenWidget.cpp b/Source/ContrarySurvivor/UI/InventoryScreenWidget.cpp
index 6531573..eae3aaf 100644
--- a/Source/ContrarySurvivor/UI/InventoryScreenWidget.cpp
+++ b/Source/ContrarySurvivor/UI/InventoryScreenWidget.cpp
@@ -85,6 +85,8 @@ void UInventoryScreenWidget::NativeTick(const FGeometry& MyGeometry, float InDel
 
 	// Дешёвая сигнатура состава: изменилась — пересборка paper-doll и рюкзака.
 	// Ловит и внешние изменения (подбор, QA-клавиши выдачи предметов F2/F3).
+	// Build 1.2.1 (стаки): считаем ШТУКИ (Max(1, стак)) — съеденная из стака тушёнка
+	// меняет сигнатуру и обновляет «x5» -> «x4», хотя число строк не изменилось.
 	int32 BackpackCount = 0;
 	if (UInventoryComponent* Inv = Player->GetInventory())
 	{
@@ -92,7 +94,7 @@ void UInventoryScreenWidget::NativeTick(const FGeometry& MyGeometry, float InDel
 		{
 			if (IsValid(Item) && !Inv->IsItemEquipped(Item))
 			{
-				++BackpackCount;
+				BackpackCount += FMath::Max(1, Item->GetStackCount());
 			}
 		}
 	}
@@ -154,7 +156,8 @@ void UInventoryScreenWidget::RefreshAll()
 				{
 					continue; // экипированное показано в paper-doll
 				}
-				++BackpackCount;
+				// Сигнатура в ШТУКАХ (как в NativeTick) — «x5» -> «x4» тоже пересборка.
+				BackpackCount += FMath::Max(1, Item->GetStackCount());
 
 				FText UseCaption;
 				switch (Item->GetItemCategory())
@@ -165,11 +168,21 @@ void UInventoryScreenWidget::RefreshAll()
 				}
 
 				// Название только через GetItemDisplayText: служебное имя актора наружу
-				// не уходит (ADR-050, порция 0).
+				// не уходит (ADR-050, порция 0). Build 1.2.1 (стаки): у стака >1 штуки к
+				// названию добавляется количество (формат StackNameFormat: «Тушёнка x5»).
+				FText RowName = Item->GetItemDisplayText();
+				if (Item->GetStackCount() > 1)
+				{
+					FFormatNamedArguments Args;
+					Args.Add(TEXT("ItemName"), RowName);
+					Args.Add(TEXT("Count"), FText::AsNumber(Item->GetStackCount()));
+					RowName = FText::Format(StackNameFormat, Args);
+				}
+
 				if (UInventoryRowWidget* Row = CreateWidget<UInventoryRowWidget>(PC, RowWidgetClass))
 				{
 					Row->Item = Item;
-					Row->SetupRow(Item->GetItemDisplayText(), UseCaption);
+					Row->SetupRow(RowName, UseCaption);
 					Row->OnUseClicked.AddUObject(this, &UInventoryScreenWidget::HandleRowUse);
 					Row->OnDropClicked.AddUObject(this, &UInventoryScreenWidget::HandleRowDrop);
 					BackpackList->AddChild(Row);
diff --git a/Source/ContrarySurvivor/UI/InventoryScreenWidget.h b/Source/ContrarySurvivor/UI/InventoryScreenWidget.h
index 243c284..86e881a 100644
--- a/Source/ContrarySurvivor/UI/InventoryScreenWidget.h
+++ b/Source/ContrarySurvivor/UI/InventoryScreenWidget.h
@@ -79,6 +79,11 @@ public:
 	UPROPERTY(EditAnywhere, BlueprintReadWrite, Category = "Inventory|Texts", meta = (DisplayPriority = "8"))
 	FText UseHintArmor = NSLOCTEXT("Inventory", "UseHintArmor", "Надеть");
 
+	// Название строки-СТАКА (Build 1.2.1, ТЗ Г): {ItemName} — название, {Count} — штук в
+	// стаке. Применяется только при количестве больше 1 (одиночный предмет — как раньше).
+	UPROPERTY(EditAnywhere, BlueprintReadWrite, Category = "Inventory|Texts", meta = (DisplayPriority = "9"))
+	FText StackNameFormat = NSLOCTEXT("Inventory", "StackNameFormat", "{ItemName} x{Count}");
+
 protected:
 	virtual void NativeOnInitialized() override;
 
diff --git a/Source/ContrarySurvivor/UI/ShopScreenWidget.cpp b/Source/ContrarySurvivor/UI/ShopScreenWidget.cpp
index bc4cb31..86e0d30 100644
--- a/Source/ContrarySurvivor/UI/ShopScreenWidget.cpp
+++ b/Source/ContrarySurvivor/UI/ShopScreenWidget.cpp
@@ -433,7 +433,8 @@ void UShopScreenWidget::UpdateSellAdButton()
 
 	// Условия показа (ТЗ №2 п.4): все обязаны выполниться, иначе кнопка прячется целиком.
 	FString DenyReason;
-	if (!AdGating::IsPlaytimeGatePassed(Player->GetTotalPlayTimeSeconds()))
+	// Порог теперь EditAnywhere на игроке (Build 1.2.1 В1: 360 с вместо константы 15 мин).
+	if (!AdGating::IsPlaytimeGatePassed(Player->GetTotalPlayTimeSeconds(), Player->GetAdMinPlaytimeSeconds()))
 	{
 		DenyReason = TEXT("under_15min");
 	}
diff --git a/Source/ContrarySurvivorEditor/ContrarySurvivorEditor.Build.cs b/Source/ContrarySurvivorEditor/ContrarySurvivorEditor.Build.cs
index 4b69088..da587f9 100644
--- a/Source/ContrarySurvivorEditor/ContrarySurvivorEditor.Build.cs
+++ b/Source/ContrarySurvivorEditor/ContrarySurvivorEditor.Build.cs
@@ -21,10 +21,12 @@ public class ContrarySurvivorEditor : ModuleRules
 		// AnimGraph — редакторные узлы UAnimGraphNode_Slot/_Root и UAnimationGraphSchema;
 		// AnimGraphRuntime — структуры самих узлов анимации (FAnimNode_Slot);
 		// BlueprintGraph — UEdGraphSchema_K2::GN_AnimGraph, каноническое имя графа анимации.
+		// RenderCore/RHI — Build 1.2.1 (-pickupfix): StaticMeshResources.h (пруф вершинных
+		// цветов мешей лута через ColorVertexBuffer) тянет типы буферов рендера.
 		PrivateDependencyModuleNames.AddRange(new string[]
 		{
 			"UMG", "UMGEditor", "UnrealEd", "AssetRegistry", "Slate", "SlateCore", "ContrarySurvivor",
-			"AnimGraph", "AnimGraphRuntime", "BlueprintGraph"
+			"AnimGraph", "AnimGraphRuntime", "BlueprintGraph", "RenderCore", "RHI"
 		});
 
 		// Заголовки геймплей-модуля лежат подпапками вне его Public/ и включаются по конвенции
diff --git a/Source/ContrarySurvivorEditor/GenerateWbpCommandlet.cpp b/Source/ContrarySurvivorEditor/GenerateWbpCommandlet.cpp
index e43df1e..28255cb 100644
--- a/Source/ContrarySurvivorEditor/GenerateWbpCommandlet.cpp
+++ b/Source/ContrarySurvivorEditor/GenerateWbpCommandlet.cpp
@@ -2,6 +2,7 @@
 
 #include "GenerateWbpCommandlet.h"
 
+#include "Algo/Find.h" // список намеренно выброшенных кубиков при -rebuild (Build 1.2.1 Д1)
 #include "AssetRegistry/AssetRegistryModule.h"
 #include "Blueprint/UserWidget.h"
 #include "Blueprint/WidgetBlueprintGeneratedClass.h"
@@ -24,8 +25,14 @@
 #include "Components/TextBlock.h"
 #include "Components/VerticalBox.h"
 #include "Components/VerticalBoxSlot.h"
+#include "Engine/StaticMesh.h" // Build 1.2.1 (-pickupfix): материал слотов мешей лута
 #include "Engine/Texture2D.h" // LoadObject<UTexture2D> для иконок (в Image.h только объявление)
 #include "GameFramework/PlayerController.h"
+#include "Materials/Material.h" // Build 1.2.1 (-pickupfix): параметры свечения в M_VColor
+#include "Materials/MaterialExpressionMultiply.h"
+#include "Materials/MaterialExpressionScalarParameter.h"
+#include "Materials/MaterialExpressionVectorParameter.h"
+#include "StaticMeshResources.h" // пруф вершинных цветов (ColorVertexBuffer)
 #include "Kismet2/KismetEditorUtilities.h"
 #include "Misc/PackageName.h"
 #include "Styling/SlateTypes.h"
@@ -466,7 +473,12 @@ namespace
 	// Экраны (геометрия и цвета — дефолты Canvas-пути ContrarySurvivorHUD.h)
 	// ======================================================================
 
-	// Одна строка рюкзака: плашка -> имя + «использовать» + выброс.
+	// Одна строка рюкзака: плашка -> имя + «использовать» + выброс. КАНВАС ВНУТРИ ПЛАШКИ
+	// (Build 1.2.1, задача Рината «двигать мышкой всё»): прежний ряд-коробка RowBox заменён
+	// канвасом RowCanvas — имя слева растяжкой по якорям, кнопки у правого края в своих
+	// канвас-слотах с ручками. Корень остаётся SizeBox: высота строки прежняя (48), ширину
+	// даёт слот ScrollBox. Механизм наполнения списка не тронут: строки по-прежнему плодит
+	// код классом WBP_InventoryRow_C.
 	bool BuildInventoryRow(UWidgetTree* Tree)
 	{
 		UObject* Roboto = LoadRobotoFont();
@@ -480,41 +492,51 @@ namespace
 		Plate->SetPadding(FMargin(8.0f, 4.0f));
 		RowSize->SetContent(Plate);
 
-		UHorizontalBox* RowBox = Tree->ConstructWidget<UHorizontalBox>(UHorizontalBox::StaticClass(), TEXT("RowBox"));
-		Plate->SetContent(RowBox);
+		UCanvasPanel* RowCanvas = Tree->ConstructWidget<UCanvasPanel>(UCanvasPanel::StaticClass(), TEXT("RowCanvas"));
+		Plate->SetContent(RowCanvas);
 
+		// Имя — растяжка от левого края до зоны кнопок (запас справа = кнопки + зазоры),
+		// вертикально центрировано на середине строки (якорь Y 0.5, авторазмер по высоте).
 		UTextBlock* Name = MakeText(Tree, Roboto, TEXT("NameText"), TEXT("Предмет x1"),
 			FLinearColor::White, 15, TEXT("Regular"));
 		Name->bIsVariable = true;
-		if (UHorizontalBoxSlot* NameSlot = RowBox->AddChildToHorizontalBox(Name))
+		if (UCanvasPanelSlot* NameSlot = RowCanvas->AddChildToCanvas(Name))
 		{
-			NameSlot->SetSize(FSlateChildSize(ESlateSizeRule::Fill));
-			NameSlot->SetVerticalAlignment(VAlign_Center);
+			NameSlot->SetAnchors(FAnchors(0.0f, 0.5f, 1.0f, 0.5f));
+			NameSlot->SetOffsets(FMargin(0.0f, 0.0f, 160.0f, 0.0f));
+			NameSlot->SetAlignment(FVector2D(0.0f, 0.5f));
+			NameSlot->SetAutoSize(true);
 		}
 
+		// Кнопки — якорь правый край, вертикальный центр; прежние зазоры ряда сохранены:
+		// [имя][6][Использовать][6+2][X][2-край]. Явный прямоугольник — ручки ресайза.
 		UButton* Use = MakeStyledButton(Tree, TEXT("UseButton"),
 			FLinearColor(0.2f, 0.35f, 0.5f, 1.0f), FLinearColor(0.25f, 0.45f, 0.62f, 1.0f),
 			FLinearColor(0.3f, 0.5f, 0.7f, 1.0f));
 		UTextBlock* UseCaption = MakeText(Tree, Roboto, TEXT("UseText"), TEXT("Использовать"),
 			FLinearColor::White, 13, TEXT("Regular"));
 		UseCaption->bIsVariable = true;
-		Use->SetContent(UseCaption);
-		if (UHorizontalBoxSlot* UseSlot = RowBox->AddChildToHorizontalBox(Use))
+		SetButtonContent(Use, UseCaption);
+		if (UCanvasPanelSlot* UseSlot = RowCanvas->AddChildToCanvas(Use))
 		{
-			UseSlot->SetVerticalAlignment(VAlign_Center);
-			UseSlot->SetPadding(FMargin(6.0f, 2.0f));
+			UseSlot->SetAnchors(FAnchors(1.0f, 0.5f, 1.0f, 0.5f));
+			UseSlot->SetAlignment(FVector2D(1.0f, 0.5f));
+			UseSlot->SetPosition(FVector2D(-46.0f, 0.0f));
+			UseSlot->SetSize(FVector2D(108.0f, 32.0f));
 		}
 
 		UButton* Drop = MakeStyledButton(Tree, TEXT("DropButton"),
 			FLinearColor(0.45f, 0.15f, 0.12f, 1.0f), FLinearColor(0.58f, 0.2f, 0.16f, 1.0f),
 			FLinearColor(0.7f, 0.25f, 0.2f, 1.0f));
 		// Подпись выброса — статичная (код её не трогает, текст Рината).
-		Drop->SetContent(MakeText(Tree, Roboto, TEXT("DropLabel"), TEXT("X"),
+		SetButtonContent(Drop, MakeText(Tree, Roboto, TEXT("DropLabel"), TEXT("X"),
 			FLinearColor::White, 13, TEXT("Bold")));
-		if (UHorizontalBoxSlot* DropSlot = RowBox->AddChildToHorizontalBox(Drop))
+		if (UCanvasPanelSlot* DropSlot = RowCanvas->AddChildToCanvas(Drop))
 		{
-			DropSlot->SetVerticalAlignment(VAlign_Center);
-			DropSlot->SetPadding(FMargin(2.0f, 2.0f));
+			DropSlot->SetAnchors(FAnchors(1.0f, 0.5f, 1.0f, 0.5f));
+			DropSlot->SetAlignment(FVector2D(1.0f, 0.5f));
+			DropSlot->SetPosition(FVector2D(-2.0f, 0.0f));
+			DropSlot->SetSize(FVector2D(36.0f, 32.0f));
 		}
 		return true;
 	}
@@ -616,46 +638,39 @@ namespace
 			TEXT("Инвентарь"), FLinearColor(0.95f, 0.96f, 1.0f, 1.0f), 22, TEXT("Bold")),
 			FVector2D(0.0f, 0.0f));
 
-		// Строка статов: три пары «иконка + значение» ОДНИМ рядом. Ряд остаётся HBox
-		// сознательно: числа меняются в игре и толкают соседей — по отдельности на канвасе
-		// пары наезжали бы друг на друга при росте числа. Ряд целиком двигается мышкой.
+		// Строка статов: три пары «иконка + значение». Build 1.2.1 (задача Рината «двигать
+		// мышкой всё»): прежний ряд-коробка StatsRow убран — каждая иконка и каждое значение
+		// в СВОЁМ канвас-слоте. Позиции повторяют раскладку ряда при образцовых текстах:
+		// [монета 22][6]«0»[24][голод 22][6]«100 из 100»[24][жажда 22][6]«100 из 100»;
+		// ширины образцов — оценка по метрике Roboto 16 (Slate-замер в коммандлете
+		// недоступен), при пересборке фактическую геометрию владельца переносит
+		// ConvertInventoryStatsRowToPairSlots. Числа в игре растут вправо; при 4+ значных
+		// деньгах пара наедет на соседнюю иконку — теперь Ринат разводит их мышкой сам.
 		const FLinearColor StatsColor(1.0f, 0.85f, 0.2f, 1.0f); // UIMoneyColor
-		UHorizontalBox* StatsRow = Tree->ConstructWidget<UHorizontalBox>(
-			UHorizontalBox::StaticClass(), TEXT("StatsRow"));
 		auto AddStatPair = [&](const TCHAR* IconName, const TCHAR* TexturePath,
-			const TCHAR* ValueName, const TCHAR* ValueSample, float LeftPad)
+			const TCHAR* ValueName, const TCHAR* ValueSample, float IconX, float ValueX)
 		{
-			UImage* Icon = Tree->ConstructWidget<UImage>(UImage::StaticClass(), FName(IconName));
-			if (UTexture2D* Texture = LoadObject<UTexture2D>(nullptr, TexturePath))
+			// Иконка через MakeIcon: размер пишется в кисть (прежний SetDesiredSizeOverride
+			// в ассет не сериализовался — иконки выходили натуральных 32 px).
+			UImage* Icon = MakeIcon(Tree, TEXT("WBP_Inventory"), FName(IconName), TexturePath, 22.0f);
+			if (UCanvasPanelSlot* IconSlot = CanvasAuto(PanelCanvas, Icon, FVector2D(IconX, 45.0f)))
 			{
-				Icon->SetBrushFromTexture(Texture, /*bMatchSize=*/false);
-			}
-			else
-			{
-				UE_LOG(LogGenerateWbp, Warning, TEXT("WBP_Inventory: текстура %s не загрузилась."), TexturePath);
-			}
-			Icon->SetDesiredSizeOverride(FVector2D(22.0f, 22.0f));
-			if (UHorizontalBoxSlot* IconSlot = StatsRow->AddChildToHorizontalBox(Icon))
-			{
-				IconSlot->SetVerticalAlignment(VAlign_Center);
-				IconSlot->SetPadding(FMargin(LeftPad, 0.0f, 0.0f, 0.0f));
+				IconSlot->SetAlignment(FVector2D(0.0f, 0.5f)); // вертикальный центр прежнего ряда
 			}
 			UTextBlock* Value = MakeText(Tree, Roboto, FName(ValueName), ValueSample,
 				StatsColor, 16, TEXT("Regular"));
 			Value->bIsVariable = true;
-			if (UHorizontalBoxSlot* ValueSlot = StatsRow->AddChildToHorizontalBox(Value))
+			if (UCanvasPanelSlot* ValueSlot = CanvasAuto(PanelCanvas, Value, FVector2D(ValueX, 45.0f)))
 			{
-				ValueSlot->SetVerticalAlignment(VAlign_Center);
-				ValueSlot->SetPadding(FMargin(6.0f, 0.0f, 0.0f, 0.0f));
+				ValueSlot->SetAlignment(FVector2D(0.0f, 0.5f));
 			}
 		};
 		AddStatPair(TEXT("InvMoneyIcon"), TEXT("/Game/UI/Icons/T_Icon_Money.T_Icon_Money"),
-			TEXT("InvMoneyText"), TEXT("0"), 0.0f);
+			TEXT("InvMoneyText"), TEXT("0"), 0.0f, 28.0f);
 		AddStatPair(TEXT("InvHungerIcon"), TEXT("/Game/UI/Icons/T_Icon_Hunger.T_Icon_Hunger"),
-			TEXT("InvHungerText"), TEXT("100 из 100"), 24.0f);
+			TEXT("InvHungerText"), TEXT("100 из 100"), 61.0f, 89.0f);
 		AddStatPair(TEXT("InvThirstIcon"), TEXT("/Game/UI/Icons/T_Icon_Thirst.T_Icon_Thirst"),
-			TEXT("InvThirstText"), TEXT("100 из 100"), 24.0f);
-		CanvasAuto(PanelCanvas, StatsRow, FVector2D(0.0f, 34.0f)); // под заголовком (+8)
+			TEXT("InvThirstText"), TEXT("100 из 100"), 191.0f, 219.0f);
 
 		// Левая колонка: снаряжение. Ширина = прежняя доля 0.42 от 928 минус зазор 12 ≈ 378.
 		CanvasAuto(PanelCanvas, MakeText(Tree, Roboto, TEXT("EquipHeaderText"),
@@ -716,15 +731,15 @@ namespace
 	}
 
 	// Экран смерти — КАНВАС-ПЕРВЫЙ (ADR-051 п.1, волна «двигать мышкой все окна» 07-28):
-	// затемнение + каждый элемент прежнего столбца (заголовок, ряды статистики, строки
-	// итога, кнопка, подсказка) в СВОЁМ канвас-слоте с ручками. Прежний столб DeathBox
-	// (VerticalBox) убран: его слоты ручек не дают. Якорь всех элементов — точка чуть выше
+	// затемнение + каждый элемент прежнего столбца (заголовок, строки итога, кнопки,
+	// подсказка) в СВОЁМ канвас-слоте с ручками. Якорь всех элементов — точка чуть выше
 	// середины экрана (0.5/0.45, где стоял центр столба); позиции Y повторяют раскладку,
-	// которую столб считал сам (высота строки от кегля + прежние отступы). Ряды статистики
-	// остаются HorizontalBox сознательно: значение растёт в игре и толкает подпись — на
-	// канвасе порознь они наезжали бы друг на друга; начинка рядов замкнута
-	// (bLockedInDesigner), клик в дизайнере выделяет ряд целиком. Экран ничего не прячет
-	// (и Canvas-путь не прятал) — пустот от скрытых элементов тут не бывает.
+	// которую столб считал сам (высота строки от кегля + прежние отступы). Build 1.2.1
+	// (задача Рината «двигать мышкой всё»): ряды-коробки статистики и столб блока потерь
+	// тоже разложены — каждая подпись и каждое значение в своём канвас-слоте (пары — по
+	// разделителю у оси, см. AddStatPair), блок потерь — вложенный канвас LossPanel.
+	// Значение пары растёт в игре вправо от оси и подпись не толкает. Внутри кнопок
+	// начинка по-прежнему замкнута (кнопка двигается целиком).
 	bool BuildDeath(UWidgetTree* Tree)
 	{
 		UObject* Roboto = LoadRobotoFont();
@@ -755,32 +770,34 @@ namespace
 		PlaceCentered(MakeText(Tree, Roboto, TEXT("TitleText"), TEXT("ВЫ ПОГИБЛИ"),
 			FLinearColor(0.9f, 0.12f, 0.1f, 1.0f), 42, TEXT("Bold")), -236.0f);
 
-		// Каждая строка статистики — пара «статичная подпись + значение» в одном ряду:
-		// подпись принадлежит Ринату, код пишет только число (ADR-050).
+		// Каждая строка статистики — пара «статичная подпись + значение»: подпись
+		// принадлежит Ринату, код пишет только число (ADR-050). Build 1.2.1 (задача Рината
+		// «двигать мышкой всё»): прежний ряд-коробка убран — каждый текст в СВОЁМ
+		// канвас-слоте. Ширину текста headless не замерить (FSlateApplication при -run= не
+		// создаётся), поэтому пара выравнивается по разделителю: подпись прижата правым
+		// краем к точке −4 от оси, значение начинается в +4 — прежний зазор 8 и прежние Y
+		// сохранены, колонка значений выходит ровной (раньше каждый ряд центрировался
+		// отдельно и левые края строк гуляли).
 		const FLinearColor StatColor(0.95f, 0.95f, 0.95f, 1.0f);
-		auto AddStatLine = [&](const TCHAR* LabelName, const TCHAR* Caption,
+		auto AddStatPair = [&](const TCHAR* LabelName, const TCHAR* Caption,
 			const TCHAR* ValueName, const TCHAR* ValueSample, float Y)
 		{
-			UHorizontalBox* Row = Tree->ConstructWidget<UHorizontalBox>(
-				UHorizontalBox::StaticClass(), FName(*(FString(ValueName) + TEXT("Row"))));
-			Row->AddChildToHorizontalBox(
-				MakeText(Tree, Roboto, FName(LabelName), Caption, StatColor, 22, TEXT("Regular")));
-
+			if (UCanvasPanelSlot* LabelSlot = CanvasAuto(Root,
+				MakeText(Tree, Roboto, FName(LabelName), Caption, StatColor, 22, TEXT("Regular")),
+				FVector2D(-4.0f, Y), FAnchors(0.5f, 0.45f, 0.5f, 0.45f)))
+			{
+				LabelSlot->SetAlignment(FVector2D(1.0f, 0.0f));
+			}
 			UTextBlock* Value = MakeText(Tree, Roboto, FName(ValueName), ValueSample,
 				StatColor, 22, TEXT("Regular"));
 			Value->bIsVariable = true;
-			if (UHorizontalBoxSlot* ValueSlot = Row->AddChildToHorizontalBox(Value))
-			{
-				ValueSlot->SetPadding(FMargin(8.0f, 0.0f, 0.0f, 0.0f));
-			}
-			PlaceCentered(Row, Y);
-			LockPanelChildrenInDesigner(Row);
+			CanvasAuto(Root, Value, FVector2D(4.0f, Y), FAnchors(0.5f, 0.45f, 0.5f, 0.45f));
 		};
-		AddStatLine(TEXT("LifetimeLabel"), TEXT("Прожито"), TEXT("LifetimeText"), TEXT("00:00"), -164.0f);
-		AddStatLine(TEXT("KillerLabel"), TEXT("Убийца"), TEXT("KillerText"), TEXT("—"), -132.0f);
-		AddStatLine(TEXT("MoneyLabel"), TEXT("Монеты"), TEXT("MoneyText"), TEXT("0"), -100.0f);
-		AddStatLine(TEXT("QuestsLabel"), TEXT("Квестов выполнено"), TEXT("QuestsText"), TEXT("0"), -68.0f);
-		AddStatLine(TEXT("KillsLabel"), TEXT("Врагов убито"), TEXT("KillsText"), TEXT("0"), -36.0f);
+		AddStatPair(TEXT("LifetimeLabel"), TEXT("Прожито"), TEXT("LifetimeText"), TEXT("00:00"), -164.0f);
+		AddStatPair(TEXT("KillerLabel"), TEXT("Убийца"), TEXT("KillerText"), TEXT("—"), -132.0f);
+		AddStatPair(TEXT("MoneyLabel"), TEXT("Монеты"), TEXT("MoneyText"), TEXT("0"), -100.0f);
+		AddStatPair(TEXT("QuestsLabel"), TEXT("Квестов выполнено"), TEXT("QuestsText"), TEXT("0"), -68.0f);
+		AddStatPair(TEXT("KillsLabel"), TEXT("Врагов убито"), TEXT("KillsText"), TEXT("0"), -36.0f);
 
 		PlaceCentered(MakeText(Tree, Roboto, TEXT("RespawnLineText"),
 			TEXT("Возрождение у костра в деревне."), StatColor, 19, TEXT("Regular")), 10.0f);
@@ -797,48 +814,50 @@ namespace
 
 		// --- Блок «Будет потеряно» (Build 1.2, ТЗ №1 раздел 2): заголовок, сетка позиций
 		// (наполняет код: до 8 иконок с количеством), хвост «и ещё N», строка денег.
-		// Один столб в одном канвас-слоте: блок живёт/прячется как целое (LossPanel),
-		// начинка замкнута — клик в дизайнере выделяет блок целиком.
+		// Build 1.2.1 (задача Рината «двигать мышкой всё»): LossPanel — теперь ВЛОЖЕННЫЙ
+		// КАНВАС в своём канвас-слоте. Код по-прежнему прячет блок целиком (LossPanel биндится
+		// как UWidget — DeathScreenWidget.cpp:186), а заголовок/сетка/хвост/деньги внутри
+		// лежат каждый в своём канвас-слоте с ручками. Y внутри блока повторяют прежний столб
+		// (высоты строк от кегля + прежние отступы 6/4/4); цена канваса — при спрятанном
+		// хвосте «и ещё N» строка денег вверх больше не подъезжает.
 		const FLinearColor LossColor(0.95f, 0.55f, 0.15f, 1.0f);
-		UVerticalBox* LossPanel = Tree->ConstructWidget<UVerticalBox>(UVerticalBox::StaticClass(), TEXT("LossPanel"));
+		UCanvasPanel* LossPanel = Tree->ConstructWidget<UCanvasPanel>(UCanvasPanel::StaticClass(), TEXT("LossPanel"));
 		LossPanel->bIsVariable = true;
-
-		UTextBlock* LossHeader = MakeText(Tree, Roboto, TEXT("LossHeaderText"),
-			TEXT("БУДЕТ ПОТЕРЯНО"), LossColor, 18, TEXT("Bold"));
-		if (UVerticalBoxSlot* HeaderSlot = LossPanel->AddChildToVerticalBox(LossHeader))
+		if (UCanvasPanelSlot* LossSlot = Root->AddChildToCanvas(LossPanel))
 		{
-			HeaderSlot->SetHorizontalAlignment(HAlign_Center);
-			HeaderSlot->SetPadding(FMargin(0.0f, 0.0f, 0.0f, 6.0f));
+			LossSlot->SetAnchors(FAnchors(0.5f, 0.45f, 0.5f, 0.45f));
+			LossSlot->SetAlignment(FVector2D(0.5f, 0.0f));
+			LossSlot->SetPosition(FVector2D(0.0f, 132.0f));
+			LossSlot->SetSize(FVector2D(560.0f, 150.0f)); // вмещает сетку из 8 иконок 44 px
 		}
 
+		// Элемент блока: горизонтальный центр канваса LossPanel (как прежний HAlign_Center).
+		auto PlaceLossCentered = [&](UWidget* Widget, float Y)
+		{
+			if (UCanvasPanelSlot* Slot = CanvasAuto(LossPanel, Widget,
+				FVector2D(0.0f, Y), FAnchors(0.5f, 0.0f, 0.5f, 0.0f)))
+			{
+				Slot->SetAlignment(FVector2D(0.5f, 0.0f));
+			}
+		};
+
+		PlaceLossCentered(MakeText(Tree, Roboto, TEXT("LossHeaderText"),
+			TEXT("БУДЕТ ПОТЕРЯНО"), LossColor, 18, TEXT("Bold")), 0.0f);
+
 		UHorizontalBox* LossGrid = Tree->ConstructWidget<UHorizontalBox>(UHorizontalBox::StaticClass(), TEXT("LossGrid"));
 		LossGrid->bIsVariable = true;
-		if (UVerticalBoxSlot* GridSlot = LossPanel->AddChildToVerticalBox(LossGrid))
-		{
-			GridSlot->SetHorizontalAlignment(HAlign_Center);
-			GridSlot->SetPadding(FMargin(0.0f, 0.0f, 0.0f, 4.0f));
-		}
+		PlaceLossCentered(LossGrid, 30.0f); // заголовок ~24 + прежний отступ 6
 
 		UTextBlock* LossMore = MakeText(Tree, Roboto, TEXT("LossMoreText"),
 			TEXT("и ещё 3 предметов"), FLinearColor(0.8f, 0.8f, 0.8f, 1.0f), 14, TEXT("Regular"));
 		LossMore->bIsVariable = true;
 		LossMore->SetVisibility(ESlateVisibility::Collapsed); // видимость ведёт код
-		if (UVerticalBoxSlot* MoreSlot = LossPanel->AddChildToVerticalBox(LossMore))
-		{
-			MoreSlot->SetHorizontalAlignment(HAlign_Center);
-			MoreSlot->SetPadding(FMargin(0.0f, 0.0f, 0.0f, 4.0f));
-		}
+		PlaceLossCentered(LossMore, 97.0f); // сетка: иконка 44 + количество ~19 + отступ 4
 
 		UTextBlock* LossMoney = MakeText(Tree, Roboto, TEXT("LossMoneyText"),
 			TEXT("−0 монет"), LossColor, 16, TEXT("Bold"));
 		LossMoney->bIsVariable = true;
-		if (UVerticalBoxSlot* LossMoneySlot = LossPanel->AddChildToVerticalBox(LossMoney))
-		{
-			LossMoneySlot->SetHorizontalAlignment(HAlign_Center);
-		}
-
-		PlaceCentered(LossPanel, 132.0f);
-		LockPanelChildrenInDesigner(LossPanel);
+		PlaceLossCentered(LossMoney, 120.0f); // хвост ~19 + отступ 4
 
 		// --- Золотая кнопка «Спасти рюкзак» (Build 1.2, ТЗ №1): единый золотой цвет
 		// rewarded-кнопок (раздел 0 п.9), иконка видео + заголовок + живая подстрока с
@@ -985,6 +1004,11 @@ namespace
 	// ======================================================================
 
 	// Одна строка списков магазина: плашка -> имя + цена + кнопка действия (Buy/Sell).
+	// КАНВАС ВНУТРИ ПЛАШКИ (Build 1.2.1, задача Рината «двигать мышкой всё»): прежний
+	// ряд-коробка RowBox заменён канвасом RowCanvas — имя слева растяжкой по якорям,
+	// цена/«не хватает монет»/кнопка у правого края в своих канвас-слотах с ручками.
+	// Корень остаётся SizeBox: высота строки прежняя (48), ширину даёт слот ScrollBox.
+	// Механизм наполнения списков не тронут: строки плодит код классом WBP_ShopRow_C.
 	bool BuildShopRow(UWidgetTree* Tree)
 	{
 		UObject* Roboto = LoadRobotoFont();
@@ -998,40 +1022,45 @@ namespace
 		Plate->SetPadding(FMargin(8.0f, 4.0f));
 		RowSize->SetContent(Plate);
 
-		UHorizontalBox* RowBox = Tree->ConstructWidget<UHorizontalBox>(UHorizontalBox::StaticClass(), TEXT("RowBox"));
-		Plate->SetContent(RowBox);
+		UCanvasPanel* RowCanvas = Tree->ConstructWidget<UCanvasPanel>(UCanvasPanel::StaticClass(), TEXT("RowCanvas"));
+		Plate->SetContent(RowCanvas);
 
+		// Имя — растяжка от левого края до зоны цены/кнопки, вертикальный центр строки.
 		UTextBlock* Name = MakeText(Tree, Roboto, TEXT("NameText"), TEXT("Товар"),
 			FLinearColor::White, 15, TEXT("Regular"));
 		Name->bIsVariable = true;
-		if (UHorizontalBoxSlot* NameSlot = RowBox->AddChildToHorizontalBox(Name))
+		if (UCanvasPanelSlot* NameSlot = RowCanvas->AddChildToCanvas(Name))
 		{
-			NameSlot->SetSize(FSlateChildSize(ESlateSizeRule::Fill));
-			NameSlot->SetVerticalAlignment(VAlign_Center);
+			NameSlot->SetAnchors(FAnchors(0.0f, 0.5f, 1.0f, 0.5f));
+			NameSlot->SetOffsets(FMargin(0.0f, 0.0f, 170.0f, 0.0f));
+			NameSlot->SetAlignment(FVector2D(0.0f, 0.5f));
+			NameSlot->SetAutoSize(true);
 		}
 
-		// Цена — золотой акцент (UIMoneyColor); кубик необязательный, но кладём:
-		// без него код дописывает цену к имени.
+		// Цена — золотой акцент (UIMoneyColor); кубик необязательный, но кладём: без него
+		// код дописывает цену к имени. Правый край цены — слева от кнопки с прежними
+		// зазорами ([цена][8+6][кнопка][6-край]).
 		UTextBlock* Price = MakeText(Tree, Roboto, TEXT("PriceText"), TEXT("0"),
 			FLinearColor(1.0f, 0.85f, 0.2f, 1.0f), 15, TEXT("Regular"));
 		Price->bIsVariable = true;
-		if (UHorizontalBoxSlot* PriceSlot = RowBox->AddChildToHorizontalBox(Price))
+		if (UCanvasPanelSlot* PriceSlot = CanvasAuto(RowCanvas, Price,
+			FVector2D(-104.0f, 0.0f), FAnchors(1.0f, 0.5f, 1.0f, 0.5f)))
 		{
-			PriceSlot->SetVerticalAlignment(VAlign_Center);
-			PriceSlot->SetPadding(FMargin(8.0f, 0.0f));
+			PriceSlot->SetAlignment(FVector2D(1.0f, 0.5f));
 		}
 
 		// «Не хватает монет» — код показывает эту строку только в недоступных товарах,
 		// в остальных прячет (ADR-049: одним цветом кнопки часть игроков не считывает).
-		// В ассете сразу Collapsed — видимость переключает код.
+		// В ассете сразу Collapsed — видимость переключает код. На канвасе стоит левее
+		// цены (запас под цену до 4 знаков): скрытая строка места не освобождает.
 		UTextBlock* NoMoney = MakeText(Tree, Roboto, TEXT("NoMoneyText"), TEXT("Не хватает монет"),
 			FLinearColor(0.85f, 0.35f, 0.3f, 1.0f), 13, TEXT("Regular"));
 		NoMoney->SetVisibility(ESlateVisibility::Collapsed);
 		NoMoney->bIsVariable = true;
-		if (UHorizontalBoxSlot* NoMoneySlot = RowBox->AddChildToHorizontalBox(NoMoney))
+		if (UCanvasPanelSlot* NoMoneySlot = CanvasAuto(RowCanvas, NoMoney,
+			FVector2D(-160.0f, 0.0f), FAnchors(1.0f, 0.5f, 1.0f, 0.5f)))
 		{
-			NoMoneySlot->SetVerticalAlignment(VAlign_Center);
-			NoMoneySlot->SetPadding(FMargin(8.0f, 0.0f));
+			NoMoneySlot->SetAlignment(FVector2D(1.0f, 0.5f));
 		}
 
 		// Кнопка действия — зелёная, как доступные строки Canvas-пути (InvSlotFilledColor);
@@ -1042,11 +1071,13 @@ namespace
 		UTextBlock* ActionCaption = MakeText(Tree, Roboto, TEXT("ActionText"), TEXT("Купить"),
 			FLinearColor::White, 13, TEXT("Regular"));
 		ActionCaption->bIsVariable = true;
-		Action->SetContent(ActionCaption);
-		if (UHorizontalBoxSlot* ActionSlot = RowBox->AddChildToHorizontalBox(Action))
+		SetButtonContent(Action, ActionCaption);
+		if (UCanvasPanelSlot* ActionSlot = RowCanvas->AddChildToCanvas(Action))
 		{
-			ActionSlot->SetVerticalAlignment(VAlign_Center);
-			ActionSlot->SetPadding(FMargin(6.0f, 2.0f));
+			ActionSlot->SetAnchors(FAnchors(1.0f, 0.5f, 1.0f, 0.5f));
+			ActionSlot->SetAlignment(FVector2D(1.0f, 0.5f));
+			ActionSlot->SetPosition(FVector2D(-6.0f, 0.0f));
+			ActionSlot->SetSize(FVector2D(84.0f, 32.0f));
 		}
 		return true;
 	}
@@ -1171,18 +1202,16 @@ namespace
 		SliderQty->bIsVariable = true;
 		CanvasAuto(SliderCanvas, SliderQty, FVector2D(118.0f, 32.0f));
 
-		// Пересчёт пачек в патроны: показывается ТОЛЬКО при покупке патронов. Прячется
-		// ЦЕЛИКОМ контейнер SliderQtyAmmoRow — вместе с подписью, иначе она висела бы при
-		// покупке аптечки (ловушка скрытия, ADR-050). В ассете сразу Collapsed.
-		UHorizontalBox* AmmoRow = Tree->ConstructWidget<UHorizontalBox>(
-			UHorizontalBox::StaticClass(), TEXT("SliderQtyAmmoRow"));
-		AmmoRow->SetVisibility(ESlateVisibility::Collapsed);
-		AmmoRow->bIsVariable = true;
+		// Пересчёт пачек в патроны: показывается ТОЛЬКО при покупке патронов, в ассете
+		// сразу Collapsed. Build 1.2.1 (задача Рината «двигать мышкой всё»): прежняя
+		// обёртка SliderQtyAmmoRow убрана — в ряду жил ОДИН этот текст, отдельной подписи
+		// нет, прятать контейнер незачем; при отсутствии ряда код переключает видимость
+		// самого текста (ShopScreenWidget.cpp:389, ветка else if — проверено).
 		UTextBlock* SliderQtyAmmo = MakeText(Tree, Roboto, TEXT("SliderQtyAmmoText"),
 			TEXT("всего 30 патронов"), SliderQtyColor, 16, TEXT("Regular"));
+		SliderQtyAmmo->SetVisibility(ESlateVisibility::Collapsed);
 		SliderQtyAmmo->bIsVariable = true;
-		AmmoRow->AddChildToHorizontalBox(SliderQtyAmmo);
-		CanvasAuto(SliderCanvas, AmmoRow, FVector2D(0.0f, 57.0f));
+		CanvasAuto(SliderCanvas, SliderQtyAmmo, FVector2D(0.0f, 57.0f));
 
 		// Ползунок: диапазон/шаг выставляет код при каждой транзакции — тут только кубик.
 		// По ширине — растяжка (при ресайзе панели тянется), высота фиксированная.
@@ -1232,6 +1261,61 @@ namespace
 		AddBigButton(TEXT("SliderConfirmButton"), TEXT("SliderConfirmLabel"), TEXT("Подтвердить"),
 			FLinearColor(0.2f, 0.3f, 0.22f, 1.0f), FLinearColor(0.26f, 0.4f, 0.29f, 1.0f),
 			FLinearColor(0.32f, 0.5f, 0.36f, 1.0f), 0.0f);
+
+		// Золотая кнопка «Продать дороже» (Build 1.2, ТЗ №2). Раньше её добавлял ТОЛЬКО
+		// -augment (AugmentShopSellAdButton) — пересборка -rebuild оставила бы магазин без
+		// кнопки рекламы; с Build 1.2.1 она строится и здесь. Геометрия, стиль и тексты —
+		// один в один с дополнением; в ассете сразу Collapsed (видимость решают условия ТЗ
+		// в коде UShopScreenWidget), начинка замкнута — кнопка двигается целиком.
+		UButton* SellAd = MakeStyledButton(Tree, TEXT("SellAdButton"),
+			FLinearColor(0.85f, 0.62f, 0.14f, 1.0f), FLinearColor(0.95f, 0.72f, 0.2f, 1.0f),
+			FLinearColor(1.0f, 0.8f, 0.3f, 1.0f)); // тёплое золото — единый цвет rewarded-кнопок
+		SellAd->SetVisibility(ESlateVisibility::Collapsed);
+		SellAd->bIsVariable = true;
+
+		UHorizontalBox* SellAdRow = Tree->ConstructWidget<UHorizontalBox>(
+			UHorizontalBox::StaticClass(), TEXT("SellAdRow"));
+		UImage* SellAdIcon = MakeIcon(Tree, TEXT("WBP_Shop"), TEXT("SellAdIcon"),
+			TEXT("/Game/UI/Icons/T_Icon_AdVideo.T_Icon_AdVideo"), 24.0f);
+		SellAdIcon->SetColorAndOpacity(FLinearColor(0.1f, 0.08f, 0.03f, 1.0f));
+		if (UHorizontalBoxSlot* SellAdIconSlot = SellAdRow->AddChildToHorizontalBox(SellAdIcon))
+		{
+			SellAdIconSlot->SetVerticalAlignment(VAlign_Center);
+			SellAdIconSlot->SetPadding(FMargin(0.0f, 0.0f, 8.0f, 0.0f));
+		}
+
+		UVerticalBox* SellAdLabelBox = Tree->ConstructWidget<UVerticalBox>(
+			UVerticalBox::StaticClass(), TEXT("SellAdLabelBox"));
+		const FLinearColor GoldTextColor(0.1f, 0.08f, 0.03f, 1.0f);
+		UTextBlock* SellAdPrice = MakeText(Tree, Roboto, TEXT("SellAdText"),
+			NSLOCTEXT("Shop", "SellAdSample", "Продать за 225 вместо 150"),
+			GoldTextColor, 15, TEXT("Bold"));
+		SellAdPrice->bIsVariable = true;
+		if (UVerticalBoxSlot* SellAdPriceSlot = SellAdLabelBox->AddChildToVerticalBox(SellAdPrice))
+		{
+			SellAdPriceSlot->SetHorizontalAlignment(HAlign_Center);
+		}
+		UTextBlock* SellAdSub = MakeText(Tree, Roboto, TEXT("SellAdSubText"),
+			NSLOCTEXT("Shop", "SellAdSubSample", "на 50% больше за просмотр ролика"),
+			GoldTextColor, 11, TEXT("Regular"));
+		SellAdSub->bIsVariable = true;
+		if (UVerticalBoxSlot* SellAdSubSlot = SellAdLabelBox->AddChildToVerticalBox(SellAdSub))
+		{
+			SellAdSubSlot->SetHorizontalAlignment(HAlign_Center);
+		}
+		if (UHorizontalBoxSlot* SellAdLabelSlot = SellAdRow->AddChildToHorizontalBox(SellAdLabelBox))
+		{
+			SellAdLabelSlot->SetVerticalAlignment(VAlign_Center);
+		}
+		SetButtonContent(SellAd, SellAdRow);
+		if (UCanvasPanelSlot* SellAdSlot = SliderCanvas->AddChildToCanvas(SellAd))
+		{
+			// Низ-лево панели сделки (Отмена/Подтвердить живут в правом-нижнем углу).
+			SellAdSlot->SetAnchors(FAnchors(0.0f, 1.0f, 0.0f, 1.0f));
+			SellAdSlot->SetAlignment(FVector2D(0.0f, 1.0f));
+			SellAdSlot->SetPosition(FVector2D(0.0f, -24.0f));
+			SellAdSlot->SetSize(FVector2D(280.0f, 50.0f));
+		}
 		return true;
 	}
 
@@ -1363,13 +1447,15 @@ namespace
 	// Постоянная панель статов: WBP_PlayerStats (вид = Canvas DrawPlayerStats, верх-лево)
 	// ======================================================================
 
-	// Полоска стата: SizeBox-габарит -> ProgressBar + текст поверх слева (Overlay).
-	// Строка шкалы: полоска, поверх неё СТАТИЧНАЯ подпись слева («Здоровье») и ЗНАЧЕНИЕ
-	// справа («80/100»). Подпись — не переменная: код её не биндит и не переписывает,
-	// Ринат правит текст и стиль сам (ADR-050). Значение — кубик с точным именем.
+	// Полоска стата: Overlay в СВОЁМ канвас-слоте -> ProgressBar растяжкой + текст поверх.
+	// Build 1.2.1 (Д1, Ринат: «Не могу настроить размер полосок... Разлочь мне этот umg»):
+	// прежний SizeBox с жёсткими Width/Height УБРАН — размер полоски задаёт КАНВАС-СЛОТ
+	// Overlay'я (явный, не авто), бар заполняет Overlay растяжкой, и ручки слота в
+	// дизайнере реально меняют размер полоски. Подпись — не переменная: код её не биндит
+	// и не переписывает, Ринат правит текст и стиль сам (ADR-050). Значение — кубик кода.
 	UOverlay* MakeStatBar(UWidgetTree* Tree, UObject* Roboto, const TCHAR* BarName,
 		const TCHAR* ValueName, const FString& LabelCaption, const FString& ValueSample,
-		const FLinearColor& FillColor, float Width, float Height)
+		const FLinearColor& FillColor)
 	{
 		UOverlay* Overlay = Tree->ConstructWidget<UOverlay>(UOverlay::StaticClass(),
 			FName(*(FString(BarName) + TEXT("Overlay"))));
@@ -1384,12 +1470,12 @@ namespace
 		Bar->SetPercent(1.0f); // заполнение ставит код каждый кадр
 		Bar->bIsVariable = true;
 
-		USizeBox* BarSize = Tree->ConstructWidget<USizeBox>(USizeBox::StaticClass(),
-			FName(*(FString(BarName) + TEXT("Size"))));
-		BarSize->SetWidthOverride(Width);
-		BarSize->SetHeightOverride(Height);
-		BarSize->SetContent(Bar);
-		Overlay->AddChildToOverlay(BarSize);
+		if (UOverlaySlot* BarSlot = Overlay->AddChildToOverlay(Bar))
+		{
+			// Растяжка на весь Overlay: его габарит диктует канвас-слот (ручки дизайнера).
+			BarSlot->SetHorizontalAlignment(HAlign_Fill);
+			BarSlot->SetVerticalAlignment(VAlign_Fill);
+		}
 
 		// Подпись — обычный Text, код его НЕ трогает (bIsVariable=false).
 		UTextBlock* Label = MakeText(Tree, Roboto, FName(*(FString(BarName) + TEXT("Label"))),
@@ -1416,41 +1502,18 @@ namespace
 		return Overlay;
 	}
 
-	// Ряд стата «иконка + тело»: HorizontalBox, иконка слева по центру вертикали — та же
-	// геометрия, что раньше делал -augment (AugPrependIcon). Ряд — верхнеуровневый элемент
-	// канваса; его начинку BuildPlayerStats замыкает (LockPanelChildrenInDesigner).
-	UHorizontalBox* MakeStatRow(UWidgetTree* Tree, const FName& RowName, const FName& IconName,
-		const TCHAR* TexturePath, float IconSize, UWidget* Body)
-	{
-		UHorizontalBox* Row = Tree->ConstructWidget<UHorizontalBox>(UHorizontalBox::StaticClass(), RowName);
-		if (UHorizontalBoxSlot* IconSlot = Row->AddChildToHorizontalBox(
-			MakeIcon(Tree, TEXT("WBP_PlayerStats"), IconName, TexturePath, IconSize)))
-		{
-			IconSlot->SetVerticalAlignment(VAlign_Center);
-			IconSlot->SetPadding(FMargin(0.0f, 0.0f, 6.0f, 0.0f));
-		}
-		if (UHorizontalBoxSlot* BodySlot = Row->AddChildToHorizontalBox(Body))
-		{
-			BodySlot->SetVerticalAlignment(VAlign_Center);
-		}
-		return Row;
-	}
-
 	// Панель статов: столбец верх-лево (HP -> голод -> жажда -> патроны -> деньги).
-	// Канвас-первая раскладка (ADR-051 п.1, жалоба владельца 07-27): каждый ряд лежит в
-	// СВОЁМ канвас-слоте — в дизайнере у него ручки, его таскают мышкой. Прежний столб
-	// StatsBox (VerticalBox) убран: его слоты ручек не дают. Начинка рядов замкнута —
-	// клик в дизайнере выделяет весь ряд. Ряды сразу с иконками (нынешний вид панели
-	// после доводок -augment; слова-подписи владелец из своего ассета удалил — при
-	// -rebuild их убирает перенос стилизации, см. TransferOwnerStyle).
+	// Build 1.2.1 (Д1, просьба Рината): полоски здоровья/еды/воды — КАЖДАЯ в СВОЁМ
+	// канвас-слоте с ЯВНЫМ размером (ручки ресайза в дизайнере реально меняют размер
+	// полоски), иконки — отдельные канвас-слоты рядом (авторазмер, таскаются мышкой).
+	// Прежние ряды-коробки (HealthRow и родня, HorizontalBox) убраны: слот коробки ручек
+	// полоске не давал, а SizeBox внутри жёстко держал габарит. Начинка полоски (бар,
+	// подпись, значение) замкнута — клик в дизайнере выделяет полоску целиком.
 	//
-	// Геометрия прежнего столба: старт 24,24 (PlayerHudMarginX/Y), высоты рядов 28/24/24,
-	// отступы 6/4/8/8 -> позиции Y: 24, 58, 86, 118 (патроны), 146 (деньги). Позиция
-	// денег резервирует ~20 px под строку патронов: столб сжимался, пока патроны спрятаны,
-	// канвас-слот не сжимается — с ножом в руках между жаждой и деньгами будет зазор
-	// (цена ручек; владелец волен перетащить плашку). Эти числа — для СВЕЖЕЙ генерации;
-	// при -rebuild столбец перекладывается по фактическим высотам виджетов владельца
-	// (ReflowPlayerStatsColumn — в реальном ассете иконки 32 px, ряды выше).
+	// Геометрия прежнего столба: старт 24,24 (PlayerHudMarginX/Y), полоски 28/24/24 px,
+	// Y: 24, 58, 86, 118 (патроны), 146 (деньги); иконка 24 px, зазор 6 -> полоска X=54.
+	// Эти числа — для СВЕЖЕЙ генерации; при -rebuild геометрия снимается со старого
+	// дерева владельца (ConvertPlayerStatsRowsToBarSlots — в реальном ассете иконки 32 px).
 	bool BuildPlayerStats(UWidgetTree* Tree)
 	{
 		UObject* Roboto = LoadRobotoFont();
@@ -1467,32 +1530,43 @@ namespace
 			CanvasAuto(Root, Widget, FVector2D(24.0f, Y));
 		};
 
-		// Здоровье: полоска 320x28 (PlayerHealthBarWidth, PlayerHealthFillColor).
-		UHorizontalBox* HealthRow = MakeStatRow(Tree, TEXT("HealthRow"), TEXT("HealthIcon"),
-			TEXT("/Game/UI/Icons/T_Icon_Health.T_Icon_Health"), 24.0f,
-			MakeStatBar(Tree, Roboto, TEXT("HealthBar"), TEXT("HealthText"),
-				TEXT("Здоровье"), TEXT("100/100"),
-				FLinearColor(0.85f, 0.1f, 0.1f, 0.95f), 320.0f, 28.0f));
-		PlaceTopLevel(HealthRow, 24.0f);
-		LockPanelChildrenInDesigner(HealthRow);
+		// Иконка стата: свой канвас-слот, авторазмер (габарит даёт кисть 24 px).
+		auto PlaceStatIcon = [&](const FName& IconName, const TCHAR* TexturePath, const FVector2D& Pos)
+		{
+			UImage* Icon = MakeIcon(Tree, TEXT("WBP_PlayerStats"), IconName, TexturePath, 24.0f);
+			Icon->SetVisibility(ESlateVisibility::HitTestInvisible);
+			CanvasAuto(Root, Icon, Pos);
+		};
+
+		// Полоска стата: свой канвас-слот с явным размером (ручки ресайза), начинка замкнута.
+		auto PlaceStatBar = [&](UOverlay* BarOverlay, const FVector2D& Pos, const FVector2D& Size)
+		{
+			BarOverlay->SetVisibility(ESlateVisibility::HitTestInvisible);
+			CanvasAt(Root, BarOverlay, Pos, Size);
+			LockPanelChildrenInDesigner(BarOverlay);
+		};
+
+		// Здоровье: полоска 320x28 (PlayerHealthBarWidth, PlayerHealthFillColor);
+		// иконка 24 px центрируется по высоте полоски (+2).
+		PlaceStatIcon(TEXT("HealthIcon"), TEXT("/Game/UI/Icons/T_Icon_Health.T_Icon_Health"),
+			FVector2D(24.0f, 26.0f));
+		PlaceStatBar(MakeStatBar(Tree, Roboto, TEXT("HealthBar"), TEXT("HealthText"),
+				TEXT("Здоровье"), TEXT("100/100"), FLinearColor(0.85f, 0.1f, 0.1f, 0.95f)),
+			FVector2D(54.0f, 24.0f), FVector2D(320.0f, 28.0f));
 
 		// Голод и жажда: полоски 224x24 — 0.7 длины здоровья (решение владельца,
 		// перенесено из доводки -augment).
-		UHorizontalBox* HungerRow = MakeStatRow(Tree, TEXT("HungerRow"), TEXT("HungerIcon"),
-			TEXT("/Game/UI/Icons/T_Icon_Hunger.T_Icon_Hunger"), 24.0f,
-			MakeStatBar(Tree, Roboto, TEXT("HungerBar"), TEXT("HungerText"),
-				TEXT("Голод"), TEXT("100"),
-				FLinearColor(0.85f, 0.55f, 0.1f, 0.95f), 224.0f, 24.0f)); // HungerColor
-		PlaceTopLevel(HungerRow, 58.0f);
-		LockPanelChildrenInDesigner(HungerRow);
-
-		UHorizontalBox* ThirstRow = MakeStatRow(Tree, TEXT("ThirstRow"), TEXT("ThirstIcon"),
-			TEXT("/Game/UI/Icons/T_Icon_Thirst.T_Icon_Thirst"), 24.0f,
-			MakeStatBar(Tree, Roboto, TEXT("ThirstBar"), TEXT("ThirstText"),
-				TEXT("Жажда"), TEXT("100"),
-				FLinearColor(0.15f, 0.55f, 0.9f, 0.95f), 224.0f, 24.0f)); // ThirstColor
-		PlaceTopLevel(ThirstRow, 86.0f);
-		LockPanelChildrenInDesigner(ThirstRow);
+		PlaceStatIcon(TEXT("HungerIcon"), TEXT("/Game/UI/Icons/T_Icon_Hunger.T_Icon_Hunger"),
+			FVector2D(24.0f, 58.0f));
+		PlaceStatBar(MakeStatBar(Tree, Roboto, TEXT("HungerBar"), TEXT("HungerText"),
+				TEXT("Голод"), TEXT("100"), FLinearColor(0.85f, 0.55f, 0.1f, 0.95f)), // HungerColor
+			FVector2D(54.0f, 58.0f), FVector2D(224.0f, 24.0f));
+
+		PlaceStatIcon(TEXT("ThirstIcon"), TEXT("/Game/UI/Icons/T_Icon_Thirst.T_Icon_Thirst"),
+			FVector2D(24.0f, 86.0f));
+		PlaceStatBar(MakeStatBar(Tree, Roboto, TEXT("ThirstBar"), TEXT("ThirstText"),
+				TEXT("Жажда"), TEXT("100"), FLinearColor(0.15f, 0.55f, 0.9f, 0.95f)), // ThirstColor
+			FVector2D(54.0f, 86.0f), FVector2D(224.0f, 24.0f));
 
 		// Патроны: код показывает строку только с огнестрелом в руках. Прячется ЦЕЛИКОМ
 		// контейнер AmmoRow — вместе с подписью «Патроны», иначе подпись висела бы одна
@@ -1559,6 +1633,176 @@ namespace
 		return true;
 	}
 
+	// ======================================================================
+	// Плашка конца сюжета: WBP_EndOfStory (Build 1.2.1, ТЗ Д2)
+	// ======================================================================
+
+	// Канвас-первая: подложка, сообщение, строка-статус и обе кнопки — каждый в СВОЁМ
+	// канвас-слоте с якорем верх-центр (у кнопок ручки; плашка компактная, экран не
+	// закрывает — геометрия повторяет кодовый вид FEndOfStoryStyle: ширина 620, Y=110).
+	// Имена кубиков = BindWidgetOptional-полям UEndOfStoryWidget; тексты в игре ставит
+	// InitContent (дословный текст Рината живёт EditAnywhere на HUD) — здесь образцы.
+	bool BuildEndOfStory(UWidgetTree* Tree)
+	{
+		UObject* Roboto = LoadRobotoFont();
+
+		UCanvasPanel* Root = Tree->ConstructWidget<UCanvasPanel>(UCanvasPanel::StaticClass(), TEXT("RootCanvas"));
+		Tree->RootWidget = Root;
+
+		// Канвас-слот с якорем верх-центр экрана (доли 0.5/0.0), позиция = смещение от якоря.
+		auto TopCenter = [Root](UWidget* Widget, const FVector2D& Pos, const FVector2D& Size,
+			const FVector2D& Alignment)
+		{
+			if (UCanvasPanelSlot* Slot = Root->AddChildToCanvas(Widget))
+			{
+				Slot->SetAnchors(FAnchors(0.5f, 0.0f, 0.5f, 0.0f));
+				Slot->SetAlignment(Alignment);
+				Slot->SetPosition(Pos);
+				Slot->SetSize(Size);
+			}
+		};
+
+		// Подложка (дефолты кодового стиля: чёрная 0.8, скругление 6).
+		UBorder* Plate = Tree->ConstructWidget<UBorder>(UBorder::StaticClass(), TEXT("Plate"));
+		Plate->SetBrush(MakeRoundedBrush(FLinearColor(0.0f, 0.0f, 0.0f, 0.8f), 6.0f));
+		Plate->bIsVariable = true;
+		TopCenter(Plate, FVector2D(0.0f, 110.0f), FVector2D(620.0f, 158.0f), FVector2D(0.5f, 0.0f));
+
+		// Сообщение (образец; живой текст ставит код).
+		UTextBlock* Message = MakeText(Tree, Roboto, TEXT("MessageText"),
+			TEXT("Здесь заканчивается сюжет текущей версии игры."),
+			FLinearColor(0.95f, 0.95f, 0.95f, 1.0f), 15, TEXT("Regular"));
+		Message->SetAutoWrapText(true);
+		Message->bIsVariable = true;
+		TopCenter(Message, FVector2D(0.0f, 126.0f), FVector2D(588.0f, 56.0f), FVector2D(0.5f, 0.0f));
+
+		// Строка-статус «Канал скоро появится»: скрыта, показывает код по [Написать мне]
+		// при пустой ссылке (Collapsed в ассете — как AmmoRow панели статов).
+		UTextBlock* Status = MakeText(Tree, Roboto, TEXT("StatusText"), TEXT("Канал скоро появится"),
+			FLinearColor(1.0f, 0.85f, 0.3f, 1.0f), 14, TEXT("Bold"));
+		Status->SetJustification(ETextJustify::Center);
+		Status->SetVisibility(ESlateVisibility::Collapsed);
+		Status->bIsVariable = true;
+		TopCenter(Status, FVector2D(0.0f, 186.0f), FVector2D(588.0f, 22.0f), FVector2D(0.5f, 0.0f));
+
+		// Кнопки: [Написать мне] слева от центра, [Играть дальше] справа; подписи — кубики
+		// кода, замкнуты внутри кнопок (клик в дизайнере выделяет кнопку с ручками).
+		const FLinearColor BtnNormal(0.25f, 0.28f, 0.33f, 1.0f); // ButtonColor кодового стиля
+		const FLinearColor BtnHovered(0.32f, 0.36f, 0.42f, 1.0f);
+		const FLinearColor BtnPressed(0.18f, 0.20f, 0.24f, 1.0f);
+		const FLinearColor BtnText(0.95f, 0.96f, 1.0f, 1.0f);
+
+		UButton* Write = MakeStyledButton(Tree, TEXT("WriteButton"), BtnNormal, BtnHovered, BtnPressed);
+		UTextBlock* WriteLabel = MakeText(Tree, Roboto, TEXT("WriteButtonText"),
+			TEXT("Написать мне"), BtnText, 14, TEXT("Bold"));
+		WriteLabel->SetJustification(ETextJustify::Center);
+		WriteLabel->bIsVariable = true;
+		SetButtonContent(Write, WriteLabel);
+		TopCenter(Write, FVector2D(-8.0f, 214.0f), FVector2D(220.0f, 40.0f), FVector2D(1.0f, 0.0f));
+
+		UButton* Play = MakeStyledButton(Tree, TEXT("PlayButton"), BtnNormal, BtnHovered, BtnPressed);
+		UTextBlock* PlayLabel = MakeText(Tree, Roboto, TEXT("PlayButtonText"),
+			TEXT("Играть дальше"), BtnText, 14, TEXT("Bold"));
+		PlayLabel->SetJustification(ETextJustify::Center);
+		PlayLabel->bIsVariable = true;
+		SetButtonContent(Play, PlayLabel);
+		TopCenter(Play, FVector2D(8.0f, 214.0f), FVector2D(200.0f, 40.0f), FVector2D(0.0f, 0.0f));
+
+		return true;
+	}
+
+	// ======================================================================
+	// Окно обыска трупа: WBP_CorpseLoot (Build 1.2.1, ТЗ А1; код окна — UCorpseLootWidget)
+	// ======================================================================
+
+	// Канвас-схема «похоже на экран торговли» (Ринат): затемнение, центральная панель с
+	// золотой рамкой, заголовок, крестик, список лута растяжкой, «Забрать всё» внизу.
+	// Тексты кубиков ставит код окна (TitleLabel/TakeAllCaption/CloseCaption — Class
+	// Defaults ассета); строки списка создаёт код классом RowWidgetClass (кодовое дерево).
+	bool BuildCorpseLoot(UWidgetTree* Tree)
+	{
+		UObject* Roboto = LoadRobotoFont();
+
+		UCanvasPanel* Root = Tree->ConstructWidget<UCanvasPanel>(UCanvasPanel::StaticClass(), TEXT("RootCanvas"));
+		Tree->RootWidget = Root;
+
+		// Затемнение на весь экран; Visible — клики в мир не проходят (модалка).
+		UBorder* Dim = Tree->ConstructWidget<UBorder>(UBorder::StaticClass(), TEXT("DimBorder"));
+		Dim->SetBrushColor(FLinearColor(0.0f, 0.0f, 0.0f, 0.6f));
+		Dim->SetVisibility(ESlateVisibility::Visible);
+		if (UCanvasPanelSlot* DimSlot = Root->AddChildToCanvas(Dim))
+		{
+			DimSlot->SetAnchors(FAnchors(0.0f, 0.0f, 1.0f, 1.0f));
+			DimSlot->SetOffsets(FMargin(0.0f));
+		}
+
+		// Центральная панель 640x520 (уже инвентаря: один список) с золотой рамкой;
+		// внутри собственный канвас, содержимое в области за вычетом отступа 16 (608x488).
+		UBorder* Panel = Tree->ConstructWidget<UBorder>(UBorder::StaticClass(), TEXT("PanelPlate"));
+		Panel->SetBrush(MakeRoundedBrush(FLinearColor(0.06f, 0.07f, 0.09f, 0.95f), 6.0f,
+			FLinearColor(0.8f, 0.65f, 0.25f, 0.9f), 2.0f));
+		Panel->SetPadding(FMargin(16.0f));
+		if (UCanvasPanelSlot* PanelSlot = Root->AddChildToCanvas(Panel))
+		{
+			PanelSlot->SetAnchors(FAnchors(0.5f, 0.5f, 0.5f, 0.5f));
+			PanelSlot->SetAlignment(FVector2D(0.5f, 0.5f));
+			PanelSlot->SetPosition(FVector2D::ZeroVector);
+			PanelSlot->SetSize(FVector2D(640.0f, 520.0f));
+		}
+
+		UCanvasPanel* PanelCanvas = Tree->ConstructWidget<UCanvasPanel>(UCanvasPanel::StaticClass(), TEXT("PanelCanvas"));
+		Panel->SetContent(PanelCanvas);
+
+		// Заголовок (живой текст ставит код: TitleLabel из Class Defaults).
+		UTextBlock* Title = MakeText(Tree, Roboto, TEXT("TitleText"), TEXT("Обыск трупа"),
+			FLinearColor(0.95f, 0.96f, 1.0f, 1.0f), 20, TEXT("Bold"));
+		Title->bIsVariable = true;
+		CanvasAuto(PanelCanvas, Title, FVector2D(0.0f, 0.0f));
+
+		// Крестик (верх-право; Esc ведёт контроллер). Подпись — кубик кода, замкнута.
+		UButton* Close = MakeStyledButton(Tree, TEXT("CloseButton"),
+			FLinearColor(0.3f, 0.3f, 0.34f, 1.0f), FLinearColor(0.4f, 0.4f, 0.45f, 1.0f),
+			FLinearColor(0.22f, 0.22f, 0.26f, 1.0f));
+		UTextBlock* CloseLabel = MakeText(Tree, Roboto, TEXT("CloseText"), TEXT("X"),
+			FLinearColor(0.95f, 0.96f, 1.0f, 1.0f), 14, TEXT("Bold"));
+		CloseLabel->SetJustification(ETextJustify::Center);
+		CloseLabel->bIsVariable = true;
+		SetButtonContent(Close, CloseLabel);
+		if (UCanvasPanelSlot* CloseSlot = PanelCanvas->AddChildToCanvas(Close))
+		{
+			CloseSlot->SetAnchors(FAnchors(1.0f, 0.0f, 1.0f, 0.0f));
+			CloseSlot->SetAlignment(FVector2D(1.0f, 0.0f));
+			CloseSlot->SetPosition(FVector2D(0.0f, 0.0f));
+			CloseSlot->SetSize(FVector2D(36.0f, 32.0f));
+		}
+
+		// Список лута (деньги + предметы одним списком) — растяжка: при ресайзе панели
+		// мышкой тянется следом; низ — над кнопкой «Забрать всё».
+		UScrollBox* Loot = Tree->ConstructWidget<UScrollBox>(UScrollBox::StaticClass(), TEXT("LootList"));
+		Loot->bIsVariable = true;
+		CanvasStretch(PanelCanvas, Loot, FAnchors(0.0f, 0.0f, 1.0f, 1.0f),
+			FMargin(0.0f, 44.0f, 0.0f, 60.0f));
+
+		// «Забрать всё» (низ-право). Подпись — кубик кода (TakeAllCaption), замкнута.
+		UButton* TakeAll = MakeStyledButton(Tree, TEXT("TakeAllButton"),
+			FLinearColor(0.16f, 0.36f, 0.16f, 1.0f), FLinearColor(0.2f, 0.46f, 0.2f, 1.0f),
+			FLinearColor(0.12f, 0.28f, 0.12f, 1.0f));
+		UTextBlock* TakeAllLabel = MakeText(Tree, Roboto, TEXT("TakeAllText"), TEXT("Забрать всё"),
+			FLinearColor(0.95f, 0.96f, 1.0f, 1.0f), 15, TEXT("Bold"));
+		TakeAllLabel->SetJustification(ETextJustify::Center);
+		TakeAllLabel->bIsVariable = true;
+		SetButtonContent(TakeAll, TakeAllLabel);
+		if (UCanvasPanelSlot* TakeAllSlot = PanelCanvas->AddChildToCanvas(TakeAll))
+		{
+			TakeAllSlot->SetAnchors(FAnchors(1.0f, 1.0f, 1.0f, 1.0f));
+			TakeAllSlot->SetAlignment(FVector2D(1.0f, 1.0f));
+			TakeAllSlot->SetPosition(FVector2D(0.0f, 0.0f));
+			TakeAllSlot->SetSize(FVector2D(220.0f, 44.0f));
+		}
+
+		return true;
+	}
+
 	// ======================================================================
 	// Таблица ассетов
 	// ======================================================================
@@ -1611,13 +1855,17 @@ namespace
 			TEXT("/Script/ContrarySurvivor.ShopRowWidget"), &BuildShopRow,
 			{ TEXT("NameText"), TEXT("PriceText"), TEXT("ActionButton"), TEXT("ActionText"),
 			  TEXT("NoMoneyText") } },
+		// Build 1.2.1: обёртки SliderQtyAmmoRow в контракте больше нет (текст пересчёта
+		// лежит в своём канвас-слоте, код прячет его напрямую); золотая кнопка теперь
+		// строится в BuildShop — её кубики вошли в контракт.
 		{ TEXT("/Game/UI/WBP_Shop"), TEXT("WBP_Shop"),
 			TEXT("/Script/ContrarySurvivor.ShopScreenWidget"), &BuildShop,
 			{ TEXT("MoneyText"), TEXT("BuyList"), TEXT("SellList"), TEXT("CloseButton"),
 			  TEXT("SliderPanel"), TEXT("SliderTitleText"), TEXT("SliderQtyText"),
-			  TEXT("SliderQtyAmmoRow"), TEXT("SliderQtyAmmoText"), TEXT("QtySlider"),
+			  TEXT("SliderQtyAmmoText"), TEXT("QtySlider"),
 			  TEXT("QtyMinusButton"), TEXT("QtyPlusButton"), TEXT("SliderTotalText"),
-			  TEXT("SliderConfirmButton"), TEXT("SliderCancelButton") } },
+			  TEXT("SliderConfirmButton"), TEXT("SliderCancelButton"),
+			  TEXT("SellAdButton"), TEXT("SellAdText"), TEXT("SellAdSubText") } },
 		{ TEXT("/Game/UI/WBP_Dialog"), TEXT("WBP_Dialog"),
 			TEXT("/Script/ContrarySurvivor.DialogScreenWidget"), &BuildDialog,
 			{ TEXT("NPCNameText"), TEXT("ReplicaText"),
@@ -1628,6 +1876,20 @@ namespace
 			{ TEXT("HealthBar"), TEXT("HealthText"), TEXT("HungerBar"), TEXT("HungerText"),
 			  TEXT("ThirstBar"), TEXT("ThirstText"), TEXT("AmmoRow"), TEXT("AmmoText"),
 			  TEXT("MoneyText") } },
+		// Build 1.2.1 (ТЗ Д2): плашка конца сюжета — кубики по BindWidgetOptional-полям
+		// UEndOfStoryWidget (WidthBox в WBP нет: ширину даёт канвас-слот, поле остаётся null).
+		{ TEXT("/Game/UI/WBP_EndOfStory"), TEXT("WBP_EndOfStory"),
+			TEXT("/Script/ContrarySurvivor.EndOfStoryWidget"), &BuildEndOfStory,
+			{ TEXT("Plate"), TEXT("MessageText"), TEXT("StatusText"),
+			  TEXT("WriteButton"), TEXT("WriteButtonText"),
+			  TEXT("PlayButton"), TEXT("PlayButtonText") } },
+		// Build 1.2.1 (ТЗ А1): окно обыска трупа — кубики по BindWidgetOptional-полям
+		// UCorpseLootWidget (строки списка создаёт код классом RowWidgetClass).
+		{ TEXT("/Game/UI/WBP_CorpseLoot"), TEXT("WBP_CorpseLoot"),
+			TEXT("/Script/ContrarySurvivor.CorpseLootWidget"), &BuildCorpseLoot,
+			{ TEXT("TitleText"), TEXT("LootList"),
+			  TEXT("TakeAllButton"), TEXT("TakeAllText"),
+			  TEXT("CloseButton"), TEXT("CloseText") } },
 	};
 
 	FString ObjectPathOf(const FWbpSpec& Spec)
@@ -1649,40 +1911,73 @@ namespace
 
 	const FLockContract GLockContracts[] =
 	{
+		// Build 1.2.1: шесть кубиков строки статов — в своих канвас-слотах, свободны.
 		{ TEXT("WBP_Inventory"),
 			{ TEXT("HeadSlotButtonBox"), TEXT("HeadSlotButtonCaption"), TEXT("HeadSlotIcon"), TEXT("HeadSlotText"),
 			  TEXT("TorsoSlotButtonBox"), TEXT("TorsoSlotButtonCaption"), TEXT("TorsoSlotIcon"), TEXT("TorsoSlotText"),
 			  TEXT("LegsSlotButtonBox"), TEXT("LegsSlotButtonCaption"), TEXT("LegsSlotIcon"), TEXT("LegsSlotText"),
 			  TEXT("CloseLabel") },
-			{ TEXT("HeadSlotButton"), TEXT("TorsoSlotButton"), TEXT("LegsSlotButton"), TEXT("CloseButton") } },
+			{ TEXT("HeadSlotButton"), TEXT("TorsoSlotButton"), TEXT("LegsSlotButton"), TEXT("CloseButton"),
+			  TEXT("InvMoneyIcon"), TEXT("InvMoneyText"), TEXT("InvHungerIcon"), TEXT("InvHungerText"),
+			  TEXT("InvThirstIcon"), TEXT("InvThirstText") } },
+		// Build 1.2.1: начинка золотой кнопки замкнута (кнопка двигается целиком);
+		// текст пересчёта патронов — свободный канвас-слот.
 		{ TEXT("WBP_Shop"),
 			{ TEXT("CloseLabel"), TEXT("QtyMinusLabel"), TEXT("QtyPlusLabel"),
-			  TEXT("SliderCancelLabel"), TEXT("SliderConfirmLabel") },
+			  TEXT("SliderCancelLabel"), TEXT("SliderConfirmLabel"),
+			  TEXT("SellAdIcon"), TEXT("SellAdText"), TEXT("SellAdSubText") },
 			{ TEXT("CloseButton"), TEXT("QtyMinusButton"), TEXT("QtyPlusButton"),
-			  TEXT("SliderCancelButton"), TEXT("SliderConfirmButton") } },
+			  TEXT("SliderCancelButton"), TEXT("SliderConfirmButton"),
+			  TEXT("SellAdButton"), TEXT("SliderQtyAmmoText") } },
+		// Build 1.2.1: строки списков — начинка кнопок замкнута, имя/цена/кнопки свободны.
+		{ TEXT("WBP_ShopRow"),
+			{ TEXT("ActionText") },
+			{ TEXT("NameText"), TEXT("PriceText"), TEXT("NoMoneyText"), TEXT("ActionButton") } },
+		{ TEXT("WBP_InventoryRow"),
+			{ TEXT("UseText"), TEXT("DropLabel") },
+			{ TEXT("NameText"), TEXT("UseButton"), TEXT("DropButton") } },
 		// Подписи-слова (HealthBarLabel и родня) в контракт НЕ входят: владелец удалил их
 		// из своего ассета, перенос стилизации при -rebuild убирает их и из новой раскладки
 		// (в свежесгенерированном ассете они есть и тоже замкнуты, но контракт проверяет
 		// реальный ассет проекта).
+		// Build 1.2.1 (Д1): полоски (Overlay) и иконки — СВОБОДНЫ (свои канвас-слоты с
+		// ручками, Ринат их таскает и ресайзит); замкнута только начинка полосок
+		// (бар/значение — клик выделяет полоску целиком). Рядов-коробок и SizeBox больше нет.
 		{ TEXT("WBP_PlayerStats"),
-			{ TEXT("HealthIcon"), TEXT("HealthBarOverlay"), TEXT("HealthBarSize"), TEXT("HealthBar"), TEXT("HealthText"),
-			  TEXT("HungerIcon"), TEXT("HungerBarOverlay"), TEXT("HungerBarSize"), TEXT("HungerBar"), TEXT("HungerText"),
-			  TEXT("ThirstIcon"), TEXT("ThirstBarOverlay"), TEXT("ThirstBarSize"), TEXT("ThirstBar"), TEXT("ThirstText"),
+			{ TEXT("HealthBar"), TEXT("HealthText"),
+			  TEXT("HungerBar"), TEXT("HungerText"),
+			  TEXT("ThirstBar"), TEXT("ThirstText"),
 			  TEXT("AmmoText"), TEXT("MoneyRow"), TEXT("MoneyIcon"), TEXT("MoneyText") },
-			{ TEXT("HealthRow"), TEXT("HungerRow"), TEXT("ThirstRow"), TEXT("AmmoRow"), TEXT("MoneyPlate") } },
+			{ TEXT("HealthIcon"), TEXT("HealthBarOverlay"),
+			  TEXT("HungerIcon"), TEXT("HungerBarOverlay"),
+			  TEXT("ThirstIcon"), TEXT("ThirstBarOverlay"),
+			  TEXT("AmmoRow"), TEXT("MoneyPlate") } },
 		{ TEXT("WBP_Dialog"),
 			{ TEXT("AcceptText"), TEXT("DeclineText"), TEXT("TurnInText"), TEXT("CloseText") },
 			{ TEXT("PanelPlate"), TEXT("NPCNameText"), TEXT("ReplicaText"),
 			  TEXT("AcceptButton"), TEXT("DeclineButton"), TEXT("TurnInButton"), TEXT("CloseButton") } },
+		// Build 1.2.1 (Д2): подписи кнопок замкнуты, кнопки/подложка/тексты свободны (ручки).
+		{ TEXT("WBP_EndOfStory"),
+			{ TEXT("WriteButtonText"), TEXT("PlayButtonText") },
+			{ TEXT("Plate"), TEXT("MessageText"), TEXT("StatusText"),
+			  TEXT("WriteButton"), TEXT("PlayButton") } },
+		// Build 1.2.1 (А1): окно обыска — подписи кнопок замкнуты, остальное с ручками.
+		{ TEXT("WBP_CorpseLoot"),
+			{ TEXT("CloseText"), TEXT("TakeAllText") },
+			{ TEXT("PanelPlate"), TEXT("TitleText"), TEXT("LootList"),
+			  TEXT("CloseButton"), TEXT("TakeAllButton") } },
+		// Build 1.2.1 («двигать мышкой всё»): рядов-коробок статистики больше нет — каждая
+		// подпись и каждое значение в своём канвас-слоте, свободны; блок потерь — вложенный
+		// канвас, его тексты и сетка тоже свободны. Замкнута только начинка кнопок.
 		{ TEXT("WBP_Death"),
-			{ TEXT("LifetimeLabel"), TEXT("LifetimeText"), TEXT("KillerLabel"), TEXT("KillerText"),
-			  TEXT("MoneyLabel"), TEXT("MoneyText"), TEXT("QuestsLabel"), TEXT("QuestsText"),
-			  TEXT("KillsLabel"), TEXT("KillsText"), TEXT("RespawnLabel"), TEXT("RespawnSubText"),
-			  TEXT("LossHeaderText"), TEXT("LossGrid"), TEXT("LossMoreText"), TEXT("LossMoneyText"),
+			{ TEXT("RespawnLabel"), TEXT("RespawnSubText"),
 			  TEXT("SaveBackpackIcon"), TEXT("SaveBackpackLabel"), TEXT("SaveBackpackSubText") },
-			{ TEXT("TitleText"), TEXT("LifetimeTextRow"), TEXT("KillerTextRow"), TEXT("MoneyTextRow"),
-			  TEXT("QuestsTextRow"), TEXT("KillsTextRow"), TEXT("RespawnLineText"), TEXT("MoneyLossText"),
+			{ TEXT("TitleText"),
+			  TEXT("LifetimeLabel"), TEXT("LifetimeText"), TEXT("KillerLabel"), TEXT("KillerText"),
+			  TEXT("MoneyLabel"), TEXT("MoneyText"), TEXT("QuestsLabel"), TEXT("QuestsText"),
+			  TEXT("KillsLabel"), TEXT("KillsText"), TEXT("RespawnLineText"), TEXT("MoneyLossText"),
 			  TEXT("ConsumablesLineText"), TEXT("SavedLineText"), TEXT("LossPanel"),
+			  TEXT("LossHeaderText"), TEXT("LossGrid"), TEXT("LossMoreText"), TEXT("LossMoneyText"),
 			  TEXT("SaveBackpackButton"), TEXT("RespawnButton"), TEXT("KeyHintText") } },
 	};
 
@@ -1968,6 +2263,21 @@ namespace
 	{
 		const TCHAR* Name = TEXT("WBP_PlayerStats");
 
+		// Build 1.2.1 (Д1): в новой раскладке полоски лежат в СВОИХ канвас-слотах, и все
+		// правки этого дополнения уже входят в свежую генерацию (иконки, MoneyRow, AmmoRow,
+		// длину полосок задаёт слот). Заворачивать полоску обратно в ряд-коробку НЕЛЬЗЯ —
+		// пропали бы ручки ресайза Рината. Детект новой схемы — канвас-слот у полоски.
+		if (UWidget* HealthOverlay = Tree->FindWidget(TEXT("HealthBarOverlay")))
+		{
+			if (Cast<UCanvasPanelSlot>(HealthOverlay->Slot))
+			{
+				UE_LOG(LogGenerateWbp, Display,
+					TEXT("AUGMENT %s: раскладка Д1 (полоски в канвас-слотах) — дополнение уже входит в неё, пропуск."),
+					Name);
+				return;
+			}
+		}
+
 		struct FStatRow
 		{
 			const TCHAR* OverlayName;
@@ -2043,7 +2353,10 @@ namespace
 	void AugmentShopAmmoRow(UWidgetTree* Tree, bool& bChanged)
 	{
 		const TCHAR* Name = TEXT("WBP_Shop");
-		if (Tree->FindWidget(TEXT("SliderQtyAmmoRow")))
+		// Build 1.2.1: в новой раскладке обёртки нет — SliderQtyAmmoText лежит в своём
+		// канвас-слоте, и заворачивать его обратно нельзя (пропали бы ручки). Строка уже
+		// есть в ЛЮБОМ виде — дополнению делать нечего.
+		if (Tree->FindWidget(TEXT("SliderQtyAmmoRow")) || Tree->FindWidget(TEXT("SliderQtyAmmoText")))
 		{
 			return;
 		}
@@ -2391,88 +2704,179 @@ namespace
 		return Value;
 	}
 
-	// Вертикальная перестройка столбца статов ПОСЛЕ переноса стиля: прежний VerticalBox
-	// складывал ряды по фактической высоте содержимого, канвас так не умеет — считаем
-	// сами той же формулой (отступы прежние: 6/4/8/8). Высота ряда = max(иконка, полоска);
-	// размеры берутся из УЖЕ перенесённых значений владельца — в реальном ассете иконки
-	// 32 px, а не 24: прежний -augment писал размер мимо ассета (см. MakeIcon), чинить
-	// это сейчас нельзя — изменился бы принятый владельцем вид. Строка патронов — оценка
-	// 20 px (замер Slate в коммандлете недоступен): место под неё резервируется, поэтому
-	// с ножом в руках между жаждой и деньгами остаётся зазор (столб сжимался, канвас-слот
-	// не сжимается — цена ручек; владелец волен перетащить плашку денег).
-	void ReflowPlayerStatsColumn(UWidgetTree* Tree, const TCHAR* AssetName)
+	// Build 1.2.1 (Д1): переезд «ряд-коробка -> отдельные канвас-слоты иконки и полоски».
+	// Расстановка Рината снимается со СТАРОГО дерева (оно канвас-первое ПО РЯДАМ с 07-28):
+	// позиция ряда — с его канвас-слота, фактические размеры — с его иконки
+	// (Brush.ImageSize; в реальном ассете 32 px) и его SizeBox (Width/HeightOverride —
+	// значения владельца). Новая иконка встаёт на место старой (центр по высоте ряда),
+	// новая полоска — правее иконки с прежним зазором 6 и ПРЕЖНИМ размером полоски.
+	// Ряда в старом дереве нет / он не в канвас-слоте — полоска остаётся на штатной
+	// позиции свежей генерации (громкая строка в лог, сверить глазами).
+	void ConvertPlayerStatsRowsToBarSlots(UWidgetTree* Tree, const TCHAR* AssetName,
+		const TMap<FName, UWidget*>& OldWidgets)
 	{
 		struct FRowSpec
 		{
 			const TCHAR* RowName;
 			const TCHAR* IconName;
+			const TCHAR* OverlayName;
 			const TCHAR* SizeName;
-			float TopPad;
+			FVector2D DefaultBarSize;
 		};
 		const FRowSpec Rows[] =
 		{
-			{ TEXT("HealthRow"), TEXT("HealthIcon"), TEXT("HealthBarSize"), 0.0f },
-			{ TEXT("HungerRow"), TEXT("HungerIcon"), TEXT("HungerBarSize"), 6.0f },
-			{ TEXT("ThirstRow"), TEXT("ThirstIcon"), TEXT("ThirstBarSize"), 4.0f },
+			{ TEXT("HealthRow"), TEXT("HealthIcon"), TEXT("HealthBarOverlay"), TEXT("HealthBarSize"), FVector2D(320.0f, 28.0f) },
+			{ TEXT("HungerRow"), TEXT("HungerIcon"), TEXT("HungerBarOverlay"), TEXT("HungerBarSize"), FVector2D(224.0f, 24.0f) },
+			{ TEXT("ThirstRow"), TEXT("ThirstIcon"), TEXT("ThirstBarOverlay"), TEXT("ThirstBarSize"), FVector2D(224.0f, 24.0f) },
 		};
 
-		// База — фактическая позиция ряда здоровья (уже учитывает сдвиг столба владельца).
-		UWidget* Health = Tree->FindWidget(FName(TEXT("HealthRow")));
-		UCanvasPanelSlot* HealthSlot = Health ? Cast<UCanvasPanelSlot>(Health->Slot) : nullptr;
-		if (!HealthSlot)
-		{
-			UE_LOG(LogGenerateWbp, Warning,
-				TEXT("REBUILD %s: HealthRow без канвас-слота — перестройка столбца пропущена."), AssetName);
-			return;
-		}
-		const float X = HealthSlot->GetPosition().X;
-		float Y = HealthSlot->GetPosition().Y;
-
 		for (const FRowSpec& Row : Rows)
 		{
-			UWidget* RowWidget = Tree->FindWidget(FName(Row.RowName));
-			UCanvasPanelSlot* Slot = RowWidget ? Cast<UCanvasPanelSlot>(RowWidget->Slot) : nullptr;
-			if (!Slot)
+			UWidget* const* OldRow = OldWidgets.Find(FName(Row.RowName));
+			const UCanvasPanelSlot* OldRowSlot = OldRow ? Cast<UCanvasPanelSlot>((*OldRow)->Slot) : nullptr;
+			if (!OldRowSlot)
 			{
+				UE_LOG(LogGenerateWbp, Warning,
+					TEXT("REBUILD %s: ряда '%s' в старом дереве нет (или он не в канвас-слоте) — иконка и полоска остались на штатных позициях, сверить вид глазами."),
+					AssetName, Row.RowName);
 				continue;
 			}
-			Y += Row.TopPad;
-			Slot->SetPosition(FVector2D(X, Y));
+			const FVector2D RowPos = OldRowSlot->GetPosition();
+
+			// Фактические размеры владельца из старого дерева.
+			FVector2D IconSize(24.0f, 24.0f);
+			if (UWidget* const* OldIcon = OldWidgets.Find(FName(Row.IconName)))
+			{
+				if (const UImage* Img = Cast<UImage>(*OldIcon))
+				{
+					IconSize = Img->GetBrush().GetImageSize();
+				}
+			}
+			FVector2D BarSize = Row.DefaultBarSize;
+			if (UWidget* const* OldSize = OldWidgets.Find(FName(Row.SizeName)))
+			{
+				if (const USizeBox* SB = Cast<USizeBox>(*OldSize))
+				{
+					BarSize = FVector2D(SB->GetWidthOverride(), SB->GetHeightOverride());
+				}
+			}
 
-			float RowHeight = 0.0f;
-			if (const UImage* Icon = Cast<UImage>(Tree->FindWidget(FName(Row.IconName))))
+			// Раскладка прежнего ряда: иконка слева (центр по высоте), полоска через зазор 6.
+			const float RowHeight = FMath::Max(IconSize.Y, BarSize.Y);
+			if (UWidget* NewIcon = Tree->FindWidget(FName(Row.IconName)))
 			{
-				const FVector2D IconSize = Icon->GetBrush().GetImageSize();
-				RowHeight = FMath::Max(RowHeight, IconSize.Y);
+				if (UCanvasPanelSlot* Slot = Cast<UCanvasPanelSlot>(NewIcon->Slot))
+				{
+					Slot->SetPosition(FVector2D(RowPos.X, RowPos.Y + (RowHeight - IconSize.Y) * 0.5f));
+				}
 			}
-			if (const USizeBox* Size = Cast<USizeBox>(Tree->FindWidget(FName(Row.SizeName))))
+			if (UWidget* NewBar = Tree->FindWidget(FName(Row.OverlayName)))
 			{
-				RowHeight = FMath::Max(RowHeight, Size->GetHeightOverride());
+				if (UCanvasPanelSlot* Slot = Cast<UCanvasPanelSlot>(NewBar->Slot))
+				{
+					Slot->SetPosition(FVector2D(RowPos.X + IconSize.X + 6.0f,
+						RowPos.Y + (RowHeight - BarSize.Y) * 0.5f));
+					Slot->SetSize(BarSize);
+				}
 			}
-			Y += RowHeight;
+			UE_LOG(LogGenerateWbp, Display,
+				TEXT("REBUILD %s: ряд '%s' (поз. %s) разложен: иконка %.0fx%.0f, полоска %.0fx%.0f в своём канвас-слоте."),
+				AssetName, Row.RowName, *RowPos.ToString(),
+				IconSize.X, IconSize.Y, BarSize.X, BarSize.Y);
 		}
+	}
+
+	// Build 1.2.1: переезд строки статов инвентаря «ряд-коробка StatsRow -> шесть
+	// канвас-слотов». Расстановка владельца снимается со СТАРОГО дерева: позиция ряда — с
+	// его канвас-слота, отступы — со старых hbox-слотов детей, ширины иконок — из их кистей
+	// (Brush.ImageSize; в реальном ассете иконки без явного размера кисти рисуются 32 px —
+	// прежний SetDesiredSizeOverride(22) в ассет не сериализовался). Ширины ТЕКСТОВ в
+	// ассете не хранятся (это Slate-замер, в коммандлете недоступный) — берётся оценка
+	// образцов по метрике Roboto 16. Ряда в старом дереве нет — пары остаются на штатных
+	// позициях свежей генерации (громкая строка в лог, сверить глазами).
+	void ConvertInventoryStatsRowToPairSlots(UWidgetTree* Tree, const TCHAR* AssetName,
+		const TMap<FName, UWidget*>& OldWidgets)
+	{
+		UWidget* const* OldRow = OldWidgets.Find(FName(TEXT("StatsRow")));
+		const UCanvasPanelSlot* OldRowSlot = OldRow ? Cast<UCanvasPanelSlot>((*OldRow)->Slot) : nullptr;
+		if (!OldRowSlot)
+		{
+			UE_LOG(LogGenerateWbp, Warning,
+				TEXT("REBUILD %s: ряда 'StatsRow' в старом дереве нет (или он не в канвас-слоте) — пары статов остались на штатных позициях, сверить вид глазами."),
+				AssetName);
+			return;
+		}
+		const FVector2D RowPos = OldRowSlot->GetPosition();
+
+		struct FPairSpec
+		{
+			const TCHAR* IconName;
+			const TCHAR* ValueName;
+			float SampleTextWidth; // оценка ширины образца значения (Roboto 16)
+			float DefaultIconPad;  // отступ слева по прежней генерации
+		};
+		const FPairSpec Pairs[] =
+		{
+			{ TEXT("InvMoneyIcon"),  TEXT("InvMoneyText"),   9.0f,  0.0f }, // «0»
+			{ TEXT("InvHungerIcon"), TEXT("InvHungerText"), 78.0f, 24.0f }, // «100 из 100»
+			{ TEXT("InvThirstIcon"), TEXT("InvThirstText"), 78.0f, 24.0f },
+		};
 
-		const float AmmoRowHeightEstimate = 20.0f; // текст Roboto 14 с тенью
-		if (UWidget* AmmoRow = Tree->FindWidget(FName(TEXT("AmmoRow"))))
+		// Отступ слева старого hbox-слота (нет слота — дефолт прежней генерации).
+		auto OldLeftPad = [&OldWidgets](const TCHAR* WidgetName, float Default)
 		{
-			if (UCanvasPanelSlot* Slot = Cast<UCanvasPanelSlot>(AmmoRow->Slot))
+			UWidget* const* Old = OldWidgets.Find(FName(WidgetName));
+			const UHorizontalBoxSlot* HSlot = Old ? Cast<UHorizontalBoxSlot>((*Old)->Slot) : nullptr;
+			return HSlot ? HSlot->GetPadding().Left : Default;
+		};
+		// Фактический размер старой иконки из её кисти.
+		auto OldIconSize = [&OldWidgets](const TCHAR* WidgetName)
+		{
+			FVector2D Size(22.0f, 22.0f);
+			UWidget* const* Old = OldWidgets.Find(FName(WidgetName));
+			if (const UImage* Img = Old ? Cast<UImage>(*Old) : nullptr)
 			{
-				Y += 8.0f;
-				Slot->SetPosition(FVector2D(X, Y));
-				Y += AmmoRowHeightEstimate;
+				Size = Img->GetBrush().GetImageSize();
 			}
+			return Size;
+		};
+
+		// Высота прежнего ряда = самый высокий ребёнок (тексты 16pt ≈ 21 px ниже иконок);
+		// дети центрировались по вертикали — центр переносится на канвас-позиции.
+		float RowHeight = 21.0f;
+		for (const FPairSpec& Pair : Pairs)
+		{
+			RowHeight = FMath::Max(RowHeight, static_cast<float>(OldIconSize(Pair.IconName).Y));
 		}
-		if (UWidget* MoneyPlate = Tree->FindWidget(FName(TEXT("MoneyPlate"))))
+		const float CenterY = RowPos.Y + RowHeight * 0.5f;
+
+		float X = RowPos.X;
+		for (const FPairSpec& Pair : Pairs)
 		{
-			if (UCanvasPanelSlot* Slot = Cast<UCanvasPanelSlot>(MoneyPlate->Slot))
+			const FVector2D IconSize = OldIconSize(Pair.IconName);
+			X += OldLeftPad(Pair.IconName, Pair.DefaultIconPad);
+			if (UWidget* NewIcon = Tree->FindWidget(FName(Pair.IconName)))
 			{
-				Y += 8.0f;
-				Slot->SetPosition(FVector2D(X, Y));
+				if (UCanvasPanelSlot* Slot = Cast<UCanvasPanelSlot>(NewIcon->Slot))
+				{
+					Slot->SetPosition(FVector2D(X, CenterY));
+				}
 			}
+			X += IconSize.X;
+			X += OldLeftPad(Pair.ValueName, 6.0f);
+			if (UWidget* NewValue = Tree->FindWidget(FName(Pair.ValueName)))
+			{
+				if (UCanvasPanelSlot* Slot = Cast<UCanvasPanelSlot>(NewValue->Slot))
+				{
+					Slot->SetPosition(FVector2D(X, CenterY));
+				}
+			}
+			UE_LOG(LogGenerateWbp, Display,
+				TEXT("REBUILD %s: пара '%s'+'%s' разложена от X=%.0f (иконка %.0fx%.0f, центр Y=%.1f)."),
+				AssetName, Pair.IconName, Pair.ValueName,
+				X - OldLeftPad(Pair.ValueName, 6.0f) - IconSize.X, IconSize.X, IconSize.Y, CenterY);
+			X += Pair.SampleTextWidth;
 		}
-		UE_LOG(LogGenerateWbp, Display,
-			TEXT("REBUILD %s: столбец статов переложен по фактическим высотам, нижняя точка Y=%.0f."),
-			AssetName, Y);
 	}
 
 	void TransferOwnerStyle(UWidgetTree* Tree, const TCHAR* AssetName,
@@ -2615,13 +3019,28 @@ namespace
 			// даёт новая раскладка), отдельной строки в лог не нужно.
 		}
 
-		// 4. Старое, чему в новой раскладке пары не нашлось. StatsBox выброшен намеренно
-		// (его заменили канвас-слоты); всё остальное — громко: владелец мог создать кубик
-		// руками (например, AmmoBagText), автоматически его не вернуть — только руками
-		// по этому логу.
+		// 4. Старое, чему в новой раскладке пары не нашлось. Намеренно выброшены: StatsBox
+		// (заменён канвас-слотами ещё в ADR-051); с Build 1.2.1 (Д1) — ряды-коробки статов
+		// с их SizeBox'ами (полоски переехали в свои канвас-слоты, геометрию перенёс
+		// ConvertPlayerStatsRowsToBarSlots); с волны разлочки Build 1.2.1 — ряды-коробки
+		// экрана смерти (пары в канвас-слотах), StatsRow инвентаря
+		// (ConvertInventoryStatsRowToPairSlots), RowBox строк списков (канвас RowCanvas) и
+		// обёртка SliderQtyAmmoRow магазина (текст прячется напрямую). Всё остальное —
+		// громко: владелец мог создать кубик руками (например, AmmoBagText), автоматически
+		// его не вернуть — только руками по этому логу.
+		const FName IntentionallyDropped[] =
+		{
+			FName(TEXT("StatsBox")),
+			FName(TEXT("HealthRow")), FName(TEXT("HungerRow")), FName(TEXT("ThirstRow")),
+			FName(TEXT("HealthBarSize")), FName(TEXT("HungerBarSize")), FName(TEXT("ThirstBarSize")),
+			FName(TEXT("LifetimeTextRow")), FName(TEXT("KillerTextRow")), FName(TEXT("MoneyTextRow")),
+			FName(TEXT("QuestsTextRow")), FName(TEXT("KillsTextRow")),
+			FName(TEXT("StatsRow")), FName(TEXT("RowBox")), FName(TEXT("SliderQtyAmmoRow")),
+		};
 		for (const TPair<FName, UWidget*>& Old : OldWidgets)
 		{
-			if (MatchedNames.Contains(Old.Key) || Old.Key == FName(TEXT("StatsBox")))
+			if (MatchedNames.Contains(Old.Key)
+				|| Algo::Find(IntentionallyDropped, Old.Key) != nullptr)
 			{
 				continue;
 			}
@@ -2630,25 +3049,17 @@ namespace
 				AssetName, *Old.Key.ToString(), *Old.Value->GetClass()->GetName());
 		}
 
-		// 5. Столбец статов складывается заново по фактическим (перенесённым) высотам —
-		// ТОЛЬКО при переезде со старой контейнерной схемы (ряды жили в столбе StatsBox,
-		// канвас-позиций у них не было). Если старое дерево уже канвас-первое, ряды
-		// получили расстановку владельца в шаге 3б — перекладка перетёрла бы её.
+		// 5. Build 1.2.1 (Д1): панель статов — переезд «ряды-коробки -> отдельные
+		// канвас-слоты иконок и полосок»: позиции/размеры снимаются со старых рядов
+		// владельца (шаг 3б их не покрывает — рядов в новой раскладке больше нет).
 		if (FCString::Strcmp(AssetName, TEXT("WBP_PlayerStats")) == 0)
 		{
-			UWidget* const* OldHealthRow = OldWidgets.Find(FName(TEXT("HealthRow")));
-			const bool bOldWasCanvasFirst =
-				OldHealthRow && Cast<UCanvasPanelSlot>((*OldHealthRow)->Slot) != nullptr;
-			if (bOldWasCanvasFirst)
-			{
-				UE_LOG(LogGenerateWbp, Display,
-					TEXT("REBUILD %s: ряды взяли расстановку со старого канваса владельца — перекладка столбца пропущена."),
-					AssetName);
-			}
-			else
-			{
-				ReflowPlayerStatsColumn(Tree, AssetName);
-			}
+			ConvertPlayerStatsRowsToBarSlots(Tree, AssetName, OldWidgets);
+		}
+		// Тот же переезд для строки статов инвентаря (волна разлочки Build 1.2.1).
+		if (FCString::Strcmp(AssetName, TEXT("WBP_Inventory")) == 0)
+		{
+			ConvertInventoryStatsRowToPairSlots(Tree, AssetName, OldWidgets);
 		}
 
 		UE_LOG(LogGenerateWbp, Display,
@@ -2790,6 +3201,10 @@ int32 UGenerateWbpCommandlet::Main(const FString& Params)
 	{
 		return GenerateAdIcon();
 	}
+	if (Switches.Contains(TEXT("pickupfix")))
+	{
+		return FixPickupAssets();
+	}
 	return GenerateAll(Switches.Contains(TEXT("force")));
 }
 
@@ -2865,14 +3280,15 @@ int32 UGenerateWbpCommandlet::DumpSlotsAll()
 int32 UGenerateWbpCommandlet::RebuildWindows(const FString& AssetFilter)
 {
 	// Пересборка канвас-первой раскладкой (ADR-051 п.1 + волна «двигать мышкой все окна»
-	// 07-28: диалог и экран смерти). Перенос значений владельца (TransferOwnerStyle)
-	// включён ВСЕМ ассетам с его ручной стилизацией: WBP_PlayerStats — коммит dfaffd0,
-	// WBP_Dialog/WBP_Shop/WBP_Inventory — коммит 5c2b058 (раньше у магазина и инвентаря
-	// перенос был выключен — тогда правок владельца в них не было; после 5c2b058 пересборка
-	// без переноса стёрла бы стилизацию). У WBP_Death правок владельца нет (git-история —
-	// только генерация cc919a8), его пересборка чистая. Остальные ассеты пересборке не
-	// подлежат. Процессный предохранитель (проверяет лид перед запуском): git status
-	// пересобираемых .uasset должен быть чист — иначе прогон затёр бы несохранённые правки.
+	// 07-28: диалог и экран смерти; волна разлочки Build 1.2.1: строки списков, экран
+	// смерти и строка статов инвентаря без рядов-коробок). Перенос значений владельца
+	// (TransferOwnerStyle) включён ВСЕМ ассетам списка: WBP_PlayerStats — коммит dfaffd0,
+	// WBP_Dialog/WBP_Shop/WBP_Inventory — коммит 5c2b058, WBP_Inventory дополнительно —
+	// ручная расстановка Рината 562c85d; WBP_Death и строки — на будущее (правок владельца
+	// могло прибавиться, перенос на идентичном дереве безвреден). Остальные ассеты
+	// пересборке не подлежат. Процессный предохранитель (проверяет лид перед запуском):
+	// git status пересобираемых .uasset должен быть чист — иначе прогон затёр бы
+	// несохранённые правки.
 	struct FRebuildEntry
 	{
 		const TCHAR* AssetName;
@@ -2880,11 +3296,13 @@ int32 UGenerateWbpCommandlet::RebuildWindows(const FString& AssetFilter)
 	};
 	static const FRebuildEntry RebuildAssets[] =
 	{
+		{ TEXT("WBP_ShopRow"), true },
 		{ TEXT("WBP_Shop"), true },
+		{ TEXT("WBP_InventoryRow"), true },
 		{ TEXT("WBP_Inventory"), true },
 		{ TEXT("WBP_PlayerStats"), true },
 		{ TEXT("WBP_Dialog"), true },
-		{ TEXT("WBP_Death"), false },
+		{ TEXT("WBP_Death"), true },
 	};
 
 	int32 FailCount = 0;
@@ -3272,3 +3690,183 @@ int32 UGenerateWbpCommandlet::GenerateAdIcon()
 		*PackageName, Size, Size, *Filename);
 	return 0;
 }
+
+int32 UGenerateWbpCommandlet::FixPickupAssets()
+{
+	// Build 1.2.1 (ТЗ А2/А4). Причина «серых» пикапов ДОКАЗАНА срезом ассетов: меши
+	// SM_LootSack/SM_HidePickup импортированы БЕЗ материалов (bImportMaterials=false в
+	// метаданных импорта), в слоте — движковый WorldGridMaterial (та самая серая шахматка).
+	// Перекрытий материала в C++/BP НЕТ (гипотеза ТЗ не подтвердилась). Паспорта модельера:
+	// красить вершинными цветами, «в UE вешать M_VColor». Здесь: (А2) M_VColor в слот 0
+	// всех трёх мешей лута (+ запасной рюкзак) с пруфом числа вершин с цветом; (А4) в
+	// M_VColor добавляется эмиссив-пара GlowColor(чёрный) x GlowIntensity(0) — нулевые
+	// дефолты не меняют вид ни одного пользователя материала, живые значения ставит MID
+	// пикапа (APickup::SetupGlow). Повторный прогон — no-op (идемпотентно).
+	UMaterial* VColor = LoadObject<UMaterial>(nullptr, TEXT("/Game/Materials/M_VColor.M_VColor"));
+	if (!VColor)
+	{
+		UE_LOG(LogGenerateWbp, Error, TEXT("PICKUPFIX: /Game/Materials/M_VColor не загрузился — стоп."));
+		return 1;
+	}
+
+	int32 Errors = 0;
+
+	auto SaveAsset = [&Errors](UObject* Asset, const TCHAR* Context)
+	{
+		const FString PackageName = Asset->GetOutermost()->GetName();
+		const FString Filename = FPackageName::LongPackageNameToFilename(
+			PackageName, FPackageName::GetAssetPackageExtension());
+		FSavePackageArgs SaveArgs;
+		SaveArgs.TopLevelFlags = RF_Public | RF_Standalone;
+		if (!UPackage::SavePackage(Asset->GetOutermost(), Asset, *Filename, SaveArgs))
+		{
+			UE_LOG(LogGenerateWbp, Error, TEXT("PICKUPFIX: SavePackage не сохранил %s (%s)."),
+				*Filename, Context);
+			++Errors;
+			return false;
+		}
+		UE_LOG(LogGenerateWbp, Display, TEXT("PICKUPFIX: %s сохранён (%s)."), *PackageName, Context);
+		return true;
+	};
+
+	// --- А4: параметры свечения в M_VColor (идемпотентно: по имени GlowIntensity) ---
+	bool bAlreadyHasGlow = false;
+	for (UMaterialExpression* Expr : VColor->GetExpressionCollection().Expressions)
+	{
+		const UMaterialExpressionScalarParameter* Scalar = Cast<UMaterialExpressionScalarParameter>(Expr);
+		if (Scalar && Scalar->ParameterName == FName(TEXT("GlowIntensity")))
+		{
+			bAlreadyHasGlow = true;
+			break;
+		}
+	}
+	if (bAlreadyHasGlow)
+	{
+		UE_LOG(LogGenerateWbp, Display,
+			TEXT("PICKUPFIX: у M_VColor уже есть GlowIntensity — параметры свечения пропущены."));
+	}
+	else
+	{
+		UMaterialEditorOnlyData* EditorData = VColor->GetEditorOnlyData();
+		if (!EditorData)
+		{
+			UE_LOG(LogGenerateWbp, Error, TEXT("PICKUPFIX: у M_VColor нет editor-данных — стоп."));
+			return 1;
+		}
+		VColor->Modify();
+
+		UMaterialExpressionVectorParameter* GlowColor =
+			NewObject<UMaterialExpressionVectorParameter>(VColor);
+		GlowColor->ParameterName = TEXT("GlowColor");
+		GlowColor->DefaultValue = FLinearColor::Black; // чёрный x что угодно = эмиссив 0
+		GlowColor->Material = VColor;
+		GlowColor->MaterialExpressionEditorX = -700;
+		GlowColor->MaterialExpressionEditorY = 320;
+
+		UMaterialExpressionScalarParameter* GlowIntensity =
+			NewObject<UMaterialExpressionScalarParameter>(VColor);
+		GlowIntensity->ParameterName = TEXT("GlowIntensity");
+		GlowIntensity->DefaultValue = 0.0f;
+		GlowIntensity->Material = VColor;
+		GlowIntensity->MaterialExpressionEditorX = -700;
+		GlowIntensity->MaterialExpressionEditorY = 520;
+
+		UMaterialExpressionMultiply* GlowMul = NewObject<UMaterialExpressionMultiply>(VColor);
+		GlowMul->Material = VColor;
+		GlowMul->MaterialExpressionEditorX = -420;
+		GlowMul->MaterialExpressionEditorY = 400;
+		GlowMul->A.Connect(0, GlowColor);
+		GlowMul->B.Connect(0, GlowIntensity);
+
+		FMaterialExpressionCollection& Collection = VColor->GetExpressionCollection();
+		Collection.AddExpression(GlowColor);
+		Collection.AddExpression(GlowIntensity);
+		Collection.AddExpression(GlowMul);
+		EditorData->EmissiveColor.Connect(0, GlowMul);
+
+		VColor->PreEditChange(nullptr);
+		VColor->PostEditChange();
+		if (SaveAsset(VColor, TEXT("А4: GlowColor x GlowIntensity -> Emissive, дефолты нулевые")))
+		{
+			UE_LOG(LogGenerateWbp, Display,
+				TEXT("PICKUPFIX: M_VColor получил параметры свечения (дефолт: эмиссив 0 — вид прочих пользователей не тронут)."));
+		}
+	}
+
+	// --- А2: M_VColor в слоты мешей лута ---
+	const TCHAR* MeshPaths[] =
+	{
+		TEXT("/Game/Environment/Props/SM_LootSack.SM_LootSack"),     // мешок (BP_Pickup + дефолт APickup)
+		TEXT("/Game/Environment/Props/SM_HidePickup.SM_HidePickup"), // свёрток шкуры (BP_PickupWolf)
+		TEXT("/Game/Environment/Props/SM_LootBackpack.SM_LootBackpack"), // запасной вариант — чиним заодно
+	};
+	for (const TCHAR* Path : MeshPaths)
+	{
+		UStaticMesh* Mesh = LoadObject<UStaticMesh>(nullptr, Path);
+		if (!Mesh)
+		{
+			UE_LOG(LogGenerateWbp, Error, TEXT("PICKUPFIX: меш %s не загрузился."), Path);
+			++Errors;
+			continue;
+		}
+
+		// Пруф вершинных цветов: M_VColor без них красить нечем (рендер белым).
+		int32 ColorVerts = -1; // -1 = проверить не удалось (рендер-данных нет)
+		if (const FStaticMeshRenderData* RenderData = Mesh->GetRenderData())
+		{
+			if (RenderData->LODResources.Num() > 0)
+			{
+				ColorVerts = static_cast<int32>(
+					RenderData->LODResources[0].VertexBuffers.ColorVertexBuffer.GetNumVertices());
+			}
+		}
+		if (ColorVerts == 0)
+		{
+			UE_LOG(LogGenerateWbp, Error,
+				TEXT("PICKUPFIX: у %s НЕТ вершинных цветов — M_VColor его не покрасит, нужен реимпорт FBX с цветами."),
+				*Mesh->GetName());
+			++Errors;
+		}
+
+		// Слоты: всё, что не M_VColor (у обоих мешей это WorldGridMaterial), заменяется.
+		bool bChanged = false;
+		TArray<FStaticMaterial>& Slots = Mesh->GetStaticMaterials();
+		for (int32 Index = 0; Index < Slots.Num(); ++Index)
+		{
+			UMaterialInterface* Current = Slots[Index].MaterialInterface;
+			if (Current == VColor)
+			{
+				UE_LOG(LogGenerateWbp, Display,
+					TEXT("PICKUPFIX: %s слот %d уже M_VColor — пропуск."), *Mesh->GetName(), Index);
+				continue;
+			}
+			// SetMaterial (editor-путь) сам ведёт Pre/PostEditChange ассета.
+			Mesh->SetMaterial(Index, VColor);
+			bChanged = true;
+			UE_LOG(LogGenerateWbp, Display, TEXT("PICKUPFIX: %s слот %d: %s -> M_VColor."),
+				*Mesh->GetName(), Index, *GetNameSafe(Current));
+		}
+		if (Slots.Num() == 0)
+		{
+			UE_LOG(LogGenerateWbp, Error, TEXT("PICKUPFIX: у %s нет слотов материалов."), *Mesh->GetName());
+			++Errors;
+			continue;
+		}
+
+		if (bChanged && !SaveAsset(Mesh, TEXT("А2: материал слота -> M_VColor")))
+		{
+			continue;
+		}
+
+		// Финальный срез-пруф ассета: слоты, вершинные цвета, реальный габарит (для А3:
+		// у свёртка ~45 см по длинной оси при масштабе 1 — паспорт модельера).
+		const FVector Extent = Mesh->GetBoundingBox().GetExtent() * 2.0f;
+		UE_LOG(LogGenerateWbp, Display,
+			TEXT("PICKUPFIX СРЕЗ: %s — слот0=%s, вершин с цветом %s, габарит %.0fx%.0fx%.0f см."),
+			*Mesh->GetName(), *GetNameSafe(Slots[0].MaterialInterface),
+			ColorVerts < 0 ? TEXT("НЕ ПРОВЕРЕНО (нет рендер-данных)") : *FString::FromInt(ColorVerts),
+			Extent.X, Extent.Y, Extent.Z);
+	}
+
+	return Errors == 0 ? 0 : 1;
+}
diff --git a/Source/ContrarySurvivorEditor/GenerateWbpCommandlet.h b/Source/ContrarySurvivorEditor/GenerateWbpCommandlet.h
index 8228695..e672cb8 100644
--- a/Source/ContrarySurvivorEditor/GenerateWbpCommandlet.h
+++ b/Source/ContrarySurvivorEditor/GenerateWbpCommandlet.h
@@ -29,17 +29,21 @@ class UWidgetTree;
  *     правки), WBP_Inventory, WBP_PlayerStats, WBP_ShopRow, WBP_QuestTracker, WBP_TouchControls.
  *   UnrealEditor-Cmd.exe <проект.uproject> -run=GenerateWbp -rebuild — ПЕРЕСОБРАТЬ дерево
  *     существующих окон канвас-первой раскладкой (ADR-051 п.1: кнопки, подложки и списки
- *     получают ручки мышкой в дизайнере). Список — RebuildAssets в .cpp (магазин,
- *     инвентарь, панель статов, диалог, экран смерти); ассетам с ручной стилизацией
- *     владельца включён её перенос на новое дерево (TransferOwnerStyle). Запускать при
- *     чистом git status пересобираемых .uasset.
+ *     получают ручки мышкой в дизайнере; волна разлочки Build 1.2.1 — без рядов-коробок
+ *     вовсе: каждый текст в своём канвас-слоте). Список — RebuildAssets в .cpp (магазин,
+ *     инвентарь, их строки списков, панель статов, диалог, экран смерти); всем ассетам
+ *     включён перенос ручной стилизации владельца на новое дерево (TransferOwnerStyle).
+ *     Запускать при чистом git status пересобираемых .uasset.
  *   UnrealEditor-Cmd.exe <проект.uproject> -run=GenerateWbp -dumpslots — печать геометрии
  *     слота каждого виджета всех ассетов таблицы. Ассеты не меняются; формат строк
  *     стабильный, поэтому логи двух прогонов (до и после -rebuild) сравниваются диффом —
  *     это артефакт «расстановка владельца сохранилась» вместо осмотра мышкой.
+ *   UnrealEditor-Cmd.exe <проект.uproject> -run=GenerateWbp -pickupfix — Build 1.2.1
+ *     (ТЗ А2/А4): M_VColor в слоты мешей лута + эмиссив-параметры свечения в M_VColor
+ *     (см. FixPickupAssets ниже).
  *   Флаг -force разрешает перезапись существующего ассета (по умолчанию — пропуск, чтобы
  *   не затереть правки Рината). Режимы взаимоисключающие, проверяются в порядке
- *   -verify, -augment, -rebuild, -dumpslots; без них — обычная генерация.
+ *   -verify, -augment, -rebuild, -dumpslots, -adicon, -pickupfix; без них — обычная генерация.
  *
  * Генерируются ТОЛЬКО ассеты из таблицы GAssets. Дефолтная раскладка повторяет текущий
  * вид игры: тач-слой — по значениям с CDO BP-контроллера (та же геометрия и стиль, что
@@ -76,6 +80,14 @@ private:
 	// /Game/UI/Icons/T_Icon_AdVideo. Белая с альфой; тинт задаёт кнопка. 0 — успех.
 	int32 GenerateAdIcon();
 
+	// Build 1.2.1 (-pickupfix, ТЗ А2/А4): чинит ассеты пикапов — прописывает M_VColor в
+	// слоты мешей лута (SM_LootSack/SM_HidePickup/SM_LootBackpack: импортированы без
+	// материала, в слоте WorldGridMaterial — «серая шахматка») и добавляет в M_VColor
+	// эмиссив-параметры свечения GlowColor/GlowIntensity с нулевыми дефолтами (живые
+	// значения ставит MID пикапа). Идемпотентно; печатает срез-пруф (слоты, вершинные
+	// цвета, габариты). 0 — успех.
+	int32 FixPickupAssets();
+
 	// Печать геометрии слота каждого виджета всех ассетов таблицы (-dumpslots): стабильный
 	// лог для посвойственного сравнения расстановки владельца до/после пересборки диффом.
 	int32 DumpSlotsAll();
